com.ubuntu.SoftwareProperties	/	com.ubuntu.SoftwareProperties	AddCdromSource	
com.ubuntu.SoftwareProperties	/	com.ubuntu.SoftwareProperties	AddKey	s
com.ubuntu.SoftwareProperties	/	com.ubuntu.SoftwareProperties	AddKeyFromData	s
com.ubuntu.SoftwareProperties	/	com.ubuntu.SoftwareProperties	AddSourceFromLine	s
com.ubuntu.SoftwareProperties	/	com.ubuntu.SoftwareProperties	ChangeMainDownloadServer	v
com.ubuntu.SoftwareProperties	/	com.ubuntu.SoftwareProperties	DisableChildSource	s
com.ubuntu.SoftwareProperties	/	com.ubuntu.SoftwareProperties	DisableComponent	s
com.ubuntu.SoftwareProperties	/	com.ubuntu.SoftwareProperties	DisableSourceCodeSources	
com.ubuntu.SoftwareProperties	/	com.ubuntu.SoftwareProperties	EnableChildSource	s
com.ubuntu.SoftwareProperties	/	com.ubuntu.SoftwareProperties	EnableComponent	s
com.ubuntu.SoftwareProperties	/	com.ubuntu.SoftwareProperties	EnableSourceCodeSources	
com.ubuntu.SoftwareProperties	/	com.ubuntu.SoftwareProperties	Reload	
com.ubuntu.SoftwareProperties	/	com.ubuntu.SoftwareProperties	RemoveKey	s
com.ubuntu.SoftwareProperties	/	com.ubuntu.SoftwareProperties	RemoveSource	s
com.ubuntu.SoftwareProperties	/	com.ubuntu.SoftwareProperties	SetPopconPariticipation	b
com.ubuntu.SoftwareProperties	/	com.ubuntu.SoftwareProperties	SetReleaseUpgradesPolicy	i
com.ubuntu.SoftwareProperties	/	com.ubuntu.SoftwareProperties	SetUpdateAutomationLevel	i
com.ubuntu.SoftwareProperties	/	com.ubuntu.SoftwareProperties	SetUpdateInterval	i
com.ubuntu.SoftwareProperties	/	com.ubuntu.SoftwareProperties	UpdateKeys	
org.freedesktop.DBus	/	org.freedesktop.DBus	AddMatch	s
org.freedesktop.DBus	/	org.freedesktop.DBus	GetConnectionAppArmorSecurityContext	s
org.freedesktop.DBus	/	org.freedesktop.DBus	GetConnectionCredentials	s
org.freedesktop.DBus	/	org.freedesktop.DBus	GetConnectionSELinuxSecurityContext	s
org.freedesktop.DBus	/	org.freedesktop.DBus	GetConnectionUnixProcessID	s
org.freedesktop.DBus	/	org.freedesktop.DBus	GetConnectionUnixUser	s
org.freedesktop.DBus	/	org.freedesktop.DBus	ReloadConfig	
org.freedesktop.DBus	/	org.freedesktop.DBus	RemoveMatch	s
org.freedesktop.DBus	/	org.freedesktop.DBus	StartServiceByName	su
org.freedesktop.DBus	/	org.freedesktop.DBus	UpdateActivationEnvironment	a{ss}
org.freedesktop.DBus	/org/freedesktop/DBus	org.freedesktop.DBus	AddMatch	s
org.freedesktop.DBus	/org/freedesktop/DBus	org.freedesktop.DBus	GetConnectionAppArmorSecurityContext	s
org.freedesktop.DBus	/org/freedesktop/DBus	org.freedesktop.DBus	GetConnectionCredentials	s
org.freedesktop.DBus	/org/freedesktop/DBus	org.freedesktop.DBus	GetConnectionSELinuxSecurityContext	s
org.freedesktop.DBus	/org/freedesktop/DBus	org.freedesktop.DBus	GetConnectionUnixProcessID	s
org.freedesktop.DBus	/org/freedesktop/DBus	org.freedesktop.DBus	GetConnectionUnixUser	s
org.freedesktop.DBus	/org/freedesktop/DBus	org.freedesktop.DBus	ReloadConfig	
org.freedesktop.DBus	/org/freedesktop/DBus	org.freedesktop.DBus	RemoveMatch	s
org.freedesktop.DBus	/org/freedesktop/DBus	org.freedesktop.DBus	StartServiceByName	su
org.freedesktop.DBus	/org/freedesktop/DBus	org.freedesktop.DBus	UpdateActivationEnvironment	a{ss}
org.freedesktop.DBus	/org/freedesktop/DBus	org.freedesktop.DBus.Debug.Stats	GetConnectionStats	s
org.freedesktop.PackageKit	/org/freedesktop/PackageKit	org.freedesktop.PackageKit	CreateTransaction	
org.freedesktop.PackageKit	/org/freedesktop/PackageKit	org.freedesktop.PackageKit	SetProxy	ssssss
org.freedesktop.PackageKit	/org/freedesktop/PackageKit	org.freedesktop.PackageKit	StateHasChanged	s
org.freedesktop.PackageKit	/org/freedesktop/PackageKit	org.freedesktop.PackageKit.Offline	Cancel	
org.freedesktop.PackageKit	/org/freedesktop/PackageKit	org.freedesktop.PackageKit.Offline	Trigger	s
org.freedesktop.PackageKit	/org/freedesktop/PackageKit	org.freedesktop.PackageKit.Offline	TriggerUpgrade	s
org.freedesktop.PolicyKit1	/org/freedesktop/PolicyKit1/Authority	org.freedesktop.PolicyKit1.Authority	CancelCheckAuthorization	s
org.freedesktop.PolicyKit1	/org/freedesktop/PolicyKit1/Authority	org.freedesktop.PolicyKit1.Authority	RegisterAuthenticationAgent	(sa{sv})ss
org.freedesktop.PolicyKit1	/org/freedesktop/PolicyKit1/Authority	org.freedesktop.PolicyKit1.Authority	RegisterAuthenticationAgentWithOptions	(sa{sv})ssa{sv}
org.freedesktop.PolicyKit1	/org/freedesktop/PolicyKit1/Authority	org.freedesktop.PolicyKit1.Authority	UnregisterAuthenticationAgent	(sa{sv})s
org.freedesktop.UDisks2	/org/freedesktop/UDisks2/Manager	org.freedesktop.UDisks2.Manager	CanFormat	s
org.freedesktop.UDisks2	/org/freedesktop/UDisks2/Manager	org.freedesktop.UDisks2.Manager	EnableModule	sb
org.freedesktop.UDisks2	/org/freedesktop/UDisks2/Manager	org.freedesktop.UDisks2.Manager	EnableModules	b
org.freedesktop.UDisks2	/org/freedesktop/UDisks2/Manager	org.freedesktop.UDisks2.Manager	LoopSetup	ha{sv}
org.freedesktop.UDisks2	/org/freedesktop/UDisks2/Manager	org.freedesktop.UDisks2.Manager	MDRaidCreate	aossta{sv}
org.freedesktop.UDisks2	/org/freedesktop/UDisks2/Manager	org.freedesktop.UDisks2.Manager.NVMe	Connect	ayssa{sv}
org.freedesktop.UDisks2	/org/freedesktop/UDisks2/Manager	org.freedesktop.UDisks2.Manager.NVMe	SetHostID	aya{sv}
org.freedesktop.UDisks2	/org/freedesktop/UDisks2/Manager	org.freedesktop.UDisks2.Manager.NVMe	SetHostNQN	aya{sv}
org.freedesktop.UDisks2	/org/freedesktop/UDisks2/block_devices/loop0	org.freedesktop.UDisks2.Block	AddConfigurationItem	(sa{sv})a{sv}
org.freedesktop.UDisks2	/org/freedesktop/UDisks2/block_devices/loop0	org.freedesktop.UDisks2.Block	Format	sa{sv}
org.freedesktop.UDisks2	/org/freedesktop/UDisks2/block_devices/loop0	org.freedesktop.UDisks2.Block	OpenDevice	sa{sv}
org.freedesktop.UDisks2	/org/freedesktop/UDisks2/block_devices/loop0	org.freedesktop.UDisks2.Block	OpenForBackup	a{sv}
org.freedesktop.UDisks2	/org/freedesktop/UDisks2/block_devices/loop0	org.freedesktop.UDisks2.Block	OpenForBenchmark	a{sv}
org.freedesktop.UDisks2	/org/freedesktop/UDisks2/block_devices/loop0	org.freedesktop.UDisks2.Block	OpenForRestore	a{sv}
org.freedesktop.UDisks2	/org/freedesktop/UDisks2/block_devices/loop0	org.freedesktop.UDisks2.Block	RemoveConfigurationItem	(sa{sv})a{sv}
org.freedesktop.UDisks2	/org/freedesktop/UDisks2/block_devices/loop0	org.freedesktop.UDisks2.Block	Rescan	a{sv}
org.freedesktop.UDisks2	/org/freedesktop/UDisks2/block_devices/loop0	org.freedesktop.UDisks2.Block	UpdateConfigurationItem	(sa{sv})(sa{sv})a{sv}
org.freedesktop.UDisks2	/org/freedesktop/UDisks2/block_devices/loop0	org.freedesktop.UDisks2.Loop	Delete	a{sv}
org.freedesktop.UDisks2	/org/freedesktop/UDisks2/block_devices/loop0	org.freedesktop.UDisks2.Loop	SetAutoclear	ba{sv}
org.freedesktop.UDisks2	/org/freedesktop/UDisks2/block_devices/loop1	org.freedesktop.UDisks2.Block	AddConfigurationItem	(sa{sv})a{sv}
org.freedesktop.UDisks2	/org/freedesktop/UDisks2/block_devices/loop1	org.freedesktop.UDisks2.Block	Format	sa{sv}
org.freedesktop.UDisks2	/org/freedesktop/UDisks2/block_devices/loop1	org.freedesktop.UDisks2.Block	OpenDevice	sa{sv}
org.freedesktop.UDisks2	/org/freedesktop/UDisks2/block_devices/loop1	org.freedesktop.UDisks2.Block	OpenForBackup	a{sv}
org.freedesktop.UDisks2	/org/freedesktop/UDisks2/block_devices/loop1	org.freedesktop.UDisks2.Block	OpenForBenchmark	a{sv}
org.freedesktop.UDisks2	/org/freedesktop/UDisks2/block_devices/loop1	org.freedesktop.UDisks2.Block	OpenForRestore	a{sv}
org.freedesktop.UDisks2	/org/freedesktop/UDisks2/block_devices/loop1	org.freedesktop.UDisks2.Block	RemoveConfigurationItem	(sa{sv})a{sv}
org.freedesktop.UDisks2	/org/freedesktop/UDisks2/block_devices/loop1	org.freedesktop.UDisks2.Block	Rescan	a{sv}
org.freedesktop.UDisks2	/org/freedesktop/UDisks2/block_devices/loop1	org.freedesktop.UDisks2.Block	UpdateConfigurationItem	(sa{sv})(sa{sv})a{sv}
org.freedesktop.UDisks2	/org/freedesktop/UDisks2/block_devices/loop1	org.freedesktop.UDisks2.Loop	Delete	a{sv}
org.freedesktop.UDisks2	/org/freedesktop/UDisks2/block_devices/loop1	org.freedesktop.UDisks2.Loop	SetAutoclear	ba{sv}
org.freedesktop.UDisks2	/org/freedesktop/UDisks2/block_devices/loop2	org.freedesktop.UDisks2.Block	AddConfigurationItem	(sa{sv})a{sv}
org.freedesktop.UDisks2	/org/freedesktop/UDisks2/block_devices/loop2	org.freedesktop.UDisks2.Block	Format	sa{sv}
org.freedesktop.UDisks2	/org/freedesktop/UDisks2/block_devices/loop2	org.freedesktop.UDisks2.Block	OpenDevice	sa{sv}
org.freedesktop.UDisks2	/org/freedesktop/UDisks2/block_devices/loop2	org.freedesktop.UDisks2.Block	OpenForBackup	a{sv}
org.freedesktop.UDisks2	/org/freedesktop/UDisks2/block_devices/loop2	org.freedesktop.UDisks2.Block	OpenForBenchmark	a{sv}
org.freedesktop.UDisks2	/org/freedesktop/UDisks2/block_devices/loop2	org.freedesktop.UDisks2.Block	OpenForRestore	a{sv}
org.freedesktop.UDisks2	/org/freedesktop/UDisks2/block_devices/loop2	org.freedesktop.UDisks2.Block	RemoveConfigurationItem	(sa{sv})a{sv}
org.freedesktop.UDisks2	/org/freedesktop/UDisks2/block_devices/loop2	org.freedesktop.UDisks2.Block	Rescan	a{sv}
org.freedesktop.UDisks2	/org/freedesktop/UDisks2/block_devices/loop2	org.freedesktop.UDisks2.Block	UpdateConfigurationItem	(sa{sv})(sa{sv})a{sv}
org.freedesktop.UDisks2	/org/freedesktop/UDisks2/block_devices/loop2	org.freedesktop.UDisks2.Loop	Delete	a{sv}
org.freedesktop.UDisks2	/org/freedesktop/UDisks2/block_devices/loop2	org.freedesktop.UDisks2.Loop	SetAutoclear	ba{sv}
org.freedesktop.UDisks2	/org/freedesktop/UDisks2/block_devices/loop3	org.freedesktop.UDisks2.Block	AddConfigurationItem	(sa{sv})a{sv}
org.freedesktop.UDisks2	/org/freedesktop/UDisks2/block_devices/loop3	org.freedesktop.UDisks2.Block	Format	sa{sv}
org.freedesktop.UDisks2	/org/freedesktop/UDisks2/block_devices/loop3	org.freedesktop.UDisks2.Block	OpenDevice	sa{sv}
org.freedesktop.UDisks2	/org/freedesktop/UDisks2/block_devices/loop3	org.freedesktop.UDisks2.Block	OpenForBackup	a{sv}
org.freedesktop.UDisks2	/org/freedesktop/UDisks2/block_devices/loop3	org.freedesktop.UDisks2.Block	OpenForBenchmark	a{sv}
org.freedesktop.UDisks2	/org/freedesktop/UDisks2/block_devices/loop3	org.freedesktop.UDisks2.Block	OpenForRestore	a{sv}
org.freedesktop.UDisks2	/org/freedesktop/UDisks2/block_devices/loop3	org.freedesktop.UDisks2.Block	RemoveConfigurationItem	(sa{sv})a{sv}
org.freedesktop.UDisks2	/org/freedesktop/UDisks2/block_devices/loop3	org.freedesktop.UDisks2.Block	Rescan	a{sv}
org.freedesktop.UDisks2	/org/freedesktop/UDisks2/block_devices/loop3	org.freedesktop.UDisks2.Block	UpdateConfigurationItem	(sa{sv})(sa{sv})a{sv}
org.freedesktop.UDisks2	/org/freedesktop/UDisks2/block_devices/loop3	org.freedesktop.UDisks2.Loop	Delete	a{sv}
org.freedesktop.UDisks2	/org/freedesktop/UDisks2/block_devices/loop3	org.freedesktop.UDisks2.Loop	SetAutoclear	ba{sv}
org.freedesktop.UDisks2	/org/freedesktop/UDisks2/block_devices/loop4	org.freedesktop.UDisks2.Block	AddConfigurationItem	(sa{sv})a{sv}
org.freedesktop.UDisks2	/org/freedesktop/UDisks2/block_devices/loop4	org.freedesktop.UDisks2.Block	Format	sa{sv}
org.freedesktop.UDisks2	/org/freedesktop/UDisks2/block_devices/loop4	org.freedesktop.UDisks2.Block	OpenDevice	sa{sv}
org.freedesktop.UDisks2	/org/freedesktop/UDisks2/block_devices/loop4	org.freedesktop.UDisks2.Block	OpenForBackup	a{sv}
org.freedesktop.UDisks2	/org/freedesktop/UDisks2/block_devices/loop4	org.freedesktop.UDisks2.Block	OpenForBenchmark	a{sv}
org.freedesktop.UDisks2	/org/freedesktop/UDisks2/block_devices/loop4	org.freedesktop.UDisks2.Block	OpenForRestore	a{sv}
org.freedesktop.UDisks2	/org/freedesktop/UDisks2/block_devices/loop4	org.freedesktop.UDisks2.Block	RemoveConfigurationItem	(sa{sv})a{sv}
org.freedesktop.UDisks2	/org/freedesktop/UDisks2/block_devices/loop4	org.freedesktop.UDisks2.Block	Rescan	a{sv}
org.freedesktop.UDisks2	/org/freedesktop/UDisks2/block_devices/loop4	org.freedesktop.UDisks2.Block	UpdateConfigurationItem	(sa{sv})(sa{sv})a{sv}
org.freedesktop.UDisks2	/org/freedesktop/UDisks2/block_devices/loop4	org.freedesktop.UDisks2.Loop	Delete	a{sv}
org.freedesktop.UDisks2	/org/freedesktop/UDisks2/block_devices/loop4	org.freedesktop.UDisks2.Loop	SetAutoclear	ba{sv}
org.freedesktop.UDisks2	/org/freedesktop/UDisks2/block_devices/loop5	org.freedesktop.UDisks2.Block	AddConfigurationItem	(sa{sv})a{sv}
org.freedesktop.UDisks2	/org/freedesktop/UDisks2/block_devices/loop5	org.freedesktop.UDisks2.Block	Format	sa{sv}
org.freedesktop.UDisks2	/org/freedesktop/UDisks2/block_devices/loop5	org.freedesktop.UDisks2.Block	OpenDevice	sa{sv}
org.freedesktop.UDisks2	/org/freedesktop/UDisks2/block_devices/loop5	org.freedesktop.UDisks2.Block	OpenForBackup	a{sv}
org.freedesktop.UDisks2	/org/freedesktop/UDisks2/block_devices/loop5	org.freedesktop.UDisks2.Block	OpenForBenchmark	a{sv}
org.freedesktop.UDisks2	/org/freedesktop/UDisks2/block_devices/loop5	org.freedesktop.UDisks2.Block	OpenForRestore	a{sv}
org.freedesktop.UDisks2	/org/freedesktop/UDisks2/block_devices/loop5	org.freedesktop.UDisks2.Block	RemoveConfigurationItem	(sa{sv})a{sv}
org.freedesktop.UDisks2	/org/freedesktop/UDisks2/block_devices/loop5	org.freedesktop.UDisks2.Block	Rescan	a{sv}
org.freedesktop.UDisks2	/org/freedesktop/UDisks2/block_devices/loop5	org.freedesktop.UDisks2.Block	UpdateConfigurationItem	(sa{sv})(sa{sv})a{sv}
org.freedesktop.UDisks2	/org/freedesktop/UDisks2/block_devices/loop5	org.freedesktop.UDisks2.Loop	Delete	a{sv}
org.freedesktop.UDisks2	/org/freedesktop/UDisks2/block_devices/loop5	org.freedesktop.UDisks2.Loop	SetAutoclear	ba{sv}
org.freedesktop.UDisks2	/org/freedesktop/UDisks2/block_devices/loop6	org.freedesktop.UDisks2.Block	AddConfigurationItem	(sa{sv})a{sv}
org.freedesktop.UDisks2	/org/freedesktop/UDisks2/block_devices/loop6	org.freedesktop.UDisks2.Block	Format	sa{sv}
org.freedesktop.UDisks2	/org/freedesktop/UDisks2/block_devices/loop6	org.freedesktop.UDisks2.Block	OpenDevice	sa{sv}
org.freedesktop.UDisks2	/org/freedesktop/UDisks2/block_devices/loop6	org.freedesktop.UDisks2.Block	OpenForBackup	a{sv}
org.freedesktop.UDisks2	/org/freedesktop/UDisks2/block_devices/loop6	org.freedesktop.UDisks2.Block	OpenForBenchmark	a{sv}
org.freedesktop.UDisks2	/org/freedesktop/UDisks2/block_devices/loop6	org.freedesktop.UDisks2.Block	OpenForRestore	a{sv}
org.freedesktop.UDisks2	/org/freedesktop/UDisks2/block_devices/loop6	org.freedesktop.UDisks2.Block	RemoveConfigurationItem	(sa{sv})a{sv}
org.freedesktop.UDisks2	/org/freedesktop/UDisks2/block_devices/loop6	org.freedesktop.UDisks2.Block	Rescan	a{sv}
org.freedesktop.UDisks2	/org/freedesktop/UDisks2/block_devices/loop6	org.freedesktop.UDisks2.Block	UpdateConfigurationItem	(sa{sv})(sa{sv})a{sv}
org.freedesktop.UDisks2	/org/freedesktop/UDisks2/block_devices/loop6	org.freedesktop.UDisks2.Loop	Delete	a{sv}
org.freedesktop.UDisks2	/org/freedesktop/UDisks2/block_devices/loop6	org.freedesktop.UDisks2.Loop	SetAutoclear	ba{sv}
org.freedesktop.UDisks2	/org/freedesktop/UDisks2/block_devices/loop7	org.freedesktop.UDisks2.Block	AddConfigurationItem	(sa{sv})a{sv}
org.freedesktop.UDisks2	/org/freedesktop/UDisks2/block_devices/loop7	org.freedesktop.UDisks2.Block	Format	sa{sv}
org.freedesktop.UDisks2	/org/freedesktop/UDisks2/block_devices/loop7	org.freedesktop.UDisks2.Block	OpenDevice	sa{sv}
org.freedesktop.UDisks2	/org/freedesktop/UDisks2/block_devices/loop7	org.freedesktop.UDisks2.Block	OpenForBackup	a{sv}
org.freedesktop.UDisks2	/org/freedesktop/UDisks2/block_devices/loop7	org.freedesktop.UDisks2.Block	OpenForBenchmark	a{sv}
org.freedesktop.UDisks2	/org/freedesktop/UDisks2/block_devices/loop7	org.freedesktop.UDisks2.Block	OpenForRestore	a{sv}
org.freedesktop.UDisks2	/org/freedesktop/UDisks2/block_devices/loop7	org.freedesktop.UDisks2.Block	RemoveConfigurationItem	(sa{sv})a{sv}
org.freedesktop.UDisks2	/org/freedesktop/UDisks2/block_devices/loop7	org.freedesktop.UDisks2.Block	Rescan	a{sv}
org.freedesktop.UDisks2	/org/freedesktop/UDisks2/block_devices/loop7	org.freedesktop.UDisks2.Block	UpdateConfigurationItem	(sa{sv})(sa{sv})a{sv}
org.freedesktop.UDisks2	/org/freedesktop/UDisks2/block_devices/loop7	org.freedesktop.UDisks2.Loop	Delete	a{sv}
org.freedesktop.UDisks2	/org/freedesktop/UDisks2/block_devices/loop7	org.freedesktop.UDisks2.Loop	SetAutoclear	ba{sv}
org.freedesktop.UDisks2	/org/freedesktop/UDisks2/block_devices/nbd0	org.freedesktop.UDisks2.Block	AddConfigurationItem	(sa{sv})a{sv}
org.freedesktop.UDisks2	/org/freedesktop/UDisks2/block_devices/nbd0	org.freedesktop.UDisks2.Block	Format	sa{sv}
org.freedesktop.UDisks2	/org/freedesktop/UDisks2/block_devices/nbd0	org.freedesktop.UDisks2.Block	OpenDevice	sa{sv}
org.freedesktop.UDisks2	/org/freedesktop/UDisks2/block_devices/nbd0	org.freedesktop.UDisks2.Block	OpenForBackup	a{sv}
org.freedesktop.UDisks2	/org/freedesktop/UDisks2/block_devices/nbd0	org.freedesktop.UDisks2.Block	OpenForBenchmark	a{sv}
org.freedesktop.UDisks2	/org/freedesktop/UDisks2/block_devices/nbd0	org.freedesktop.UDisks2.Block	OpenForRestore	a{sv}
org.freedesktop.UDisks2	/org/freedesktop/UDisks2/block_devices/nbd0	org.freedesktop.UDisks2.Block	RemoveConfigurationItem	(sa{sv})a{sv}
org.freedesktop.UDisks2	/org/freedesktop/UDisks2/block_devices/nbd0	org.freedesktop.UDisks2.Block	Rescan	a{sv}
org.freedesktop.UDisks2	/org/freedesktop/UDisks2/block_devices/nbd0	org.freedesktop.UDisks2.Block	UpdateConfigurationItem	(sa{sv})(sa{sv})a{sv}
org.freedesktop.UDisks2	/org/freedesktop/UDisks2/block_devices/nbd1	org.freedesktop.UDisks2.Block	AddConfigurationItem	(sa{sv})a{sv}
org.freedesktop.UDisks2	/org/freedesktop/UDisks2/block_devices/nbd1	org.freedesktop.UDisks2.Block	Format	sa{sv}
org.freedesktop.UDisks2	/org/freedesktop/UDisks2/block_devices/nbd1	org.freedesktop.UDisks2.Block	OpenDevice	sa{sv}
org.freedesktop.UDisks2	/org/freedesktop/UDisks2/block_devices/nbd1	org.freedesktop.UDisks2.Block	OpenForBackup	a{sv}
org.freedesktop.UDisks2	/org/freedesktop/UDisks2/block_devices/nbd1	org.freedesktop.UDisks2.Block	OpenForBenchmark	a{sv}
org.freedesktop.UDisks2	/org/freedesktop/UDisks2/block_devices/nbd1	org.freedesktop.UDisks2.Block	OpenForRestore	a{sv}
org.freedesktop.UDisks2	/org/freedesktop/UDisks2/block_devices/nbd1	org.freedesktop.UDisks2.Block	RemoveConfigurationItem	(sa{sv})a{sv}
org.freedesktop.UDisks2	/org/freedesktop/UDisks2/block_devices/nbd1	org.freedesktop.UDisks2.Block	Rescan	a{sv}
org.freedesktop.UDisks2	/org/freedesktop/UDisks2/block_devices/nbd1	org.freedesktop.UDisks2.Block	UpdateConfigurationItem	(sa{sv})(sa{sv})a{sv}
org.freedesktop.UDisks2	/org/freedesktop/UDisks2/block_devices/nbd10	org.freedesktop.UDisks2.Block	AddConfigurationItem	(sa{sv})a{sv}
org.freedesktop.UDisks2	/org/freedesktop/UDisks2/block_devices/nbd10	org.freedesktop.UDisks2.Block	Format	sa{sv}
org.freedesktop.UDisks2	/org/freedesktop/UDisks2/block_devices/nbd10	org.freedesktop.UDisks2.Block	OpenDevice	sa{sv}
org.freedesktop.UDisks2	/org/freedesktop/UDisks2/block_devices/nbd10	org.freedesktop.UDisks2.Block	OpenForBackup	a{sv}
org.freedesktop.UDisks2	/org/freedesktop/UDisks2/block_devices/nbd10	org.freedesktop.UDisks2.Block	OpenForBenchmark	a{sv}
org.freedesktop.UDisks2	/org/freedesktop/UDisks2/block_devices/nbd10	org.freedesktop.UDisks2.Block	OpenForRestore	a{sv}
org.freedesktop.UDisks2	/org/freedesktop/UDisks2/block_devices/nbd10	org.freedesktop.UDisks2.Block	RemoveConfigurationItem	(sa{sv})a{sv}
org.freedesktop.UDisks2	/org/freedesktop/UDisks2/block_devices/nbd10	org.freedesktop.UDisks2.Block	Rescan	a{sv}
org.freedesktop.UDisks2	/org/freedesktop/UDisks2/block_devices/nbd10	org.freedesktop.UDisks2.Block	UpdateConfigurationItem	(sa{sv})(sa{sv})a{sv}
org.freedesktop.UDisks2	/org/freedesktop/UDisks2/block_devices/nbd11	org.freedesktop.UDisks2.Block	AddConfigurationItem	(sa{sv})a{sv}
org.freedesktop.UDisks2	/org/freedesktop/UDisks2/block_devices/nbd11	org.freedesktop.UDisks2.Block	Format	sa{sv}
org.freedesktop.UDisks2	/org/freedesktop/UDisks2/block_devices/nbd11	org.freedesktop.UDisks2.Block	OpenDevice	sa{sv}
org.freedesktop.UDisks2	/org/freedesktop/UDisks2/block_devices/nbd11	org.freedesktop.UDisks2.Block	OpenForBackup	a{sv}
org.freedesktop.UDisks2	/org/freedesktop/UDisks2/block_devices/nbd11	org.freedesktop.UDisks2.Block	OpenForBenchmark	a{sv}
org.freedesktop.UDisks2	/org/freedesktop/UDisks2/block_devices/nbd11	org.freedesktop.UDisks2.Block	OpenForRestore	a{sv}
org.freedesktop.UDisks2	/org/freedesktop/UDisks2/block_devices/nbd11	org.freedesktop.UDisks2.Block	RemoveConfigurationItem	(sa{sv})a{sv}
org.freedesktop.UDisks2	/org/freedesktop/UDisks2/block_devices/nbd11	org.freedesktop.UDisks2.Block	Rescan	a{sv}
org.freedesktop.UDisks2	/org/freedesktop/UDisks2/block_devices/nbd11	org.freedesktop.UDisks2.Block	UpdateConfigurationItem	(sa{sv})(sa{sv})a{sv}
org.freedesktop.UDisks2	/org/freedesktop/UDisks2/block_devices/nbd12	org.freedesktop.UDisks2.Block	AddConfigurationItem	(sa{sv})a{sv}
org.freedesktop.UDisks2	/org/freedesktop/UDisks2/block_devices/nbd12	org.freedesktop.UDisks2.Block	Format	sa{sv}
org.freedesktop.UDisks2	/org/freedesktop/UDisks2/block_devices/nbd12	org.freedesktop.UDisks2.Block	OpenDevice	sa{sv}
org.freedesktop.UDisks2	/org/freedesktop/UDisks2/block_devices/nbd12	org.freedesktop.UDisks2.Block	OpenForBackup	a{sv}
org.freedesktop.UDisks2	/org/freedesktop/UDisks2/block_devices/nbd12	org.freedesktop.UDisks2.Block	OpenForBenchmark	a{sv}
org.freedesktop.UDisks2	/org/freedesktop/UDisks2/block_devices/nbd12	org.freedesktop.UDisks2.Block	OpenForRestore	a{sv}
org.freedesktop.UDisks2	/org/freedesktop/UDisks2/block_devices/nbd12	org.freedesktop.UDisks2.Block	RemoveConfigurationItem	(sa{sv})a{sv}
org.freedesktop.UDisks2	/org/freedesktop/UDisks2/block_devices/nbd12	org.freedesktop.UDisks2.Block	Rescan	a{sv}
org.freedesktop.UDisks2	/org/freedesktop/UDisks2/block_devices/nbd12	org.freedesktop.UDisks2.Block	UpdateConfigurationItem	(sa{sv})(sa{sv})a{sv}
org.freedesktop.UDisks2	/org/freedesktop/UDisks2/block_devices/nbd13	org.freedesktop.UDisks2.Block	AddConfigurationItem	(sa{sv})a{sv}
org.freedesktop.UDisks2	/org/freedesktop/UDisks2/block_devices/nbd13	org.freedesktop.UDisks2.Block	Format	sa{sv}
org.freedesktop.UDisks2	/org/freedesktop/UDisks2/block_devices/nbd13	org.freedesktop.UDisks2.Block	OpenDevice	sa{sv}
org.freedesktop.UDisks2	/org/freedesktop/UDisks2/block_devices/nbd13	org.freedesktop.UDisks2.Block	OpenForBackup	a{sv}
org.freedesktop.UDisks2	/org/freedesktop/UDisks2/block_devices/nbd13	org.freedesktop.UDisks2.Block	OpenForBenchmark	a{sv}
org.freedesktop.UDisks2	/org/freedesktop/UDisks2/block_devices/nbd13	org.freedesktop.UDisks2.Block	OpenForRestore	a{sv}
org.freedesktop.UDisks2	/org/freedesktop/UDisks2/block_devices/nbd13	org.freedesktop.UDisks2.Block	RemoveConfigurationItem	(sa{sv})a{sv}
org.freedesktop.UDisks2	/org/freedesktop/UDisks2/block_devices/nbd13	org.freedesktop.UDisks2.Block	Rescan	a{sv}
org.freedesktop.UDisks2	/org/freedesktop/UDisks2/block_devices/nbd13	org.freedesktop.UDisks2.Block	UpdateConfigurationItem	(sa{sv})(sa{sv})a{sv}
org.freedesktop.UDisks2	/org/freedesktop/UDisks2/block_devices/nbd14	org.freedesktop.UDisks2.Block	AddConfigurationItem	(sa{sv})a{sv}
org.freedesktop.UDisks2	/org/freedesktop/UDisks2/block_devices/nbd14	org.freedesktop.UDisks2.Block	Format	sa{sv}
org.freedesktop.UDisks2	/org/freedesktop/UDisks2/block_devices/nbd14	org.freedesktop.UDisks2.Block	OpenDevice	sa{sv}
org.freedesktop.UDisks2	/org/freedesktop/UDisks2/block_devices/nbd14	org.freedesktop.UDisks2.Block	OpenForBackup	a{sv}
org.freedesktop.UDisks2	/org/freedesktop/UDisks2/block_devices/nbd14	org.freedesktop.UDisks2.Block	OpenForBenchmark	a{sv}
org.freedesktop.UDisks2	/org/freedesktop/UDisks2/block_devices/nbd14	org.freedesktop.UDisks2.Block	OpenForRestore	a{sv}
org.freedesktop.UDisks2	/org/freedesktop/UDisks2/block_devices/nbd14	org.freedesktop.UDisks2.Block	RemoveConfigurationItem	(sa{sv})a{sv}
org.freedesktop.UDisks2	/org/freedesktop/UDisks2/block_devices/nbd14	org.freedesktop.UDisks2.Block	Rescan	a{sv}
org.freedesktop.UDisks2	/org/freedesktop/UDisks2/block_devices/nbd14	org.freedesktop.UDisks2.Block	UpdateConfigurationItem	(sa{sv})(sa{sv})a{sv}
org.freedesktop.UDisks2	/org/freedesktop/UDisks2/block_devices/nbd15	org.freedesktop.UDisks2.Block	AddConfigurationItem	(sa{sv})a{sv}
org.freedesktop.UDisks2	/org/freedesktop/UDisks2/block_devices/nbd15	org.freedesktop.UDisks2.Block	Format	sa{sv}
org.freedesktop.UDisks2	/org/freedesktop/UDisks2/block_devices/nbd15	org.freedesktop.UDisks2.Block	OpenDevice	sa{sv}
org.freedesktop.UDisks2	/org/freedesktop/UDisks2/block_devices/nbd15	org.freedesktop.UDisks2.Block	OpenForBackup	a{sv}
org.freedesktop.UDisks2	/org/freedesktop/UDisks2/block_devices/nbd15	org.freedesktop.UDisks2.Block	OpenForBenchmark	a{sv}
org.freedesktop.UDisks2	/org/freedesktop/UDisks2/block_devices/nbd15	org.freedesktop.UDisks2.Block	OpenForRestore	a{sv}
org.freedesktop.UDisks2	/org/freedesktop/UDisks2/block_devices/nbd15	org.freedesktop.UDisks2.Block	RemoveConfigurationItem	(sa{sv})a{sv}
org.freedesktop.UDisks2	/org/freedesktop/UDisks2/block_devices/nbd15	org.freedesktop.UDisks2.Block	Rescan	a{sv}
org.freedesktop.UDisks2	/org/freedesktop/UDisks2/block_devices/nbd15	org.freedesktop.UDisks2.Block	UpdateConfigurationItem	(sa{sv})(sa{sv})a{sv}
org.freedesktop.UDisks2	/org/freedesktop/UDisks2/block_devices/nbd2	org.freedesktop.UDisks2.Block	AddConfigurationItem	(sa{sv})a{sv}
org.freedesktop.UDisks2	/org/freedesktop/UDisks2/block_devices/nbd2	org.freedesktop.UDisks2.Block	Format	sa{sv}
org.freedesktop.UDisks2	/org/freedesktop/UDisks2/block_devices/nbd2	org.freedesktop.UDisks2.Block	OpenDevice	sa{sv}
org.freedesktop.UDisks2	/org/freedesktop/UDisks2/block_devices/nbd2	org.freedesktop.UDisks2.Block	OpenForBackup	a{sv}
org.freedesktop.UDisks2	/org/freedesktop/UDisks2/block_devices/nbd2	org.freedesktop.UDisks2.Block	OpenForBenchmark	a{sv}
org.freedesktop.UDisks2	/org/freedesktop/UDisks2/block_devices/nbd2	org.freedesktop.UDisks2.Block	OpenForRestore	a{sv}
org.freedesktop.UDisks2	/org/freedesktop/UDisks2/block_devices/nbd2	org.freedesktop.UDisks2.Block	RemoveConfigurationItem	(sa{sv})a{sv}
org.freedesktop.UDisks2	/org/freedesktop/UDisks2/block_devices/nbd2	org.freedesktop.UDisks2.Block	Rescan	a{sv}
org.freedesktop.UDisks2	/org/freedesktop/UDisks2/block_devices/nbd2	org.freedesktop.UDisks2.Block	UpdateConfigurationItem	(sa{sv})(sa{sv})a{sv}
org.freedesktop.UDisks2	/org/freedesktop/UDisks2/block_devices/nbd3	org.freedesktop.UDisks2.Block	AddConfigurationItem	(sa{sv})a{sv}
org.freedesktop.UDisks2	/org/freedesktop/UDisks2/block_devices/nbd3	org.freedesktop.UDisks2.Block	Format	sa{sv}
org.freedesktop.UDisks2	/org/freedesktop/UDisks2/block_devices/nbd3	org.freedesktop.UDisks2.Block	OpenDevice	sa{sv}
org.freedesktop.UDisks2	/org/freedesktop/UDisks2/block_devices/nbd3	org.freedesktop.UDisks2.Block	OpenForBackup	a{sv}
org.freedesktop.UDisks2	/org/freedesktop/UDisks2/block_devices/nbd3	org.freedesktop.UDisks2.Block	OpenForBenchmark	a{sv}
org.freedesktop.UDisks2	/org/freedesktop/UDisks2/block_devices/nbd3	org.freedesktop.UDisks2.Block	OpenForRestore	a{sv}
org.freedesktop.UDisks2	/org/freedesktop/UDisks2/block_devices/nbd3	org.freedesktop.UDisks2.Block	RemoveConfigurationItem	(sa{sv})a{sv}
org.freedesktop.UDisks2	/org/freedesktop/UDisks2/block_devices/nbd3	org.freedesktop.UDisks2.Block	Rescan	a{sv}
org.freedesktop.UDisks2	/org/freedesktop/UDisks2/block_devices/nbd3	org.freedesktop.UDisks2.Block	UpdateConfigurationItem	(sa{sv})(sa{sv})a{sv}
org.freedesktop.UDisks2	/org/freedesktop/UDisks2/block_devices/nbd4	org.freedesktop.UDisks2.Block	AddConfigurationItem	(sa{sv})a{sv}
org.freedesktop.UDisks2	/org/freedesktop/UDisks2/block_devices/nbd4	org.freedesktop.UDisks2.Block	Format	sa{sv}
org.freedesktop.UDisks2	/org/freedesktop/UDisks2/block_devices/nbd4	org.freedesktop.UDisks2.Block	OpenDevice	sa{sv}
org.freedesktop.UDisks2	/org/freedesktop/UDisks2/block_devices/nbd4	org.freedesktop.UDisks2.Block	OpenForBackup	a{sv}
org.freedesktop.UDisks2	/org/freedesktop/UDisks2/block_devices/nbd4	org.freedesktop.UDisks2.Block	OpenForBenchmark	a{sv}
org.freedesktop.UDisks2	/org/freedesktop/UDisks2/block_devices/nbd4	org.freedesktop.UDisks2.Block	OpenForRestore	a{sv}
org.freedesktop.UDisks2	/org/freedesktop/UDisks2/block_devices/nbd4	org.freedesktop.UDisks2.Block	RemoveConfigurationItem	(sa{sv})a{sv}
org.freedesktop.UDisks2	/org/freedesktop/UDisks2/block_devices/nbd4	org.freedesktop.UDisks2.Block	Rescan	a{sv}
org.freedesktop.UDisks2	/org/freedesktop/UDisks2/block_devices/nbd4	org.freedesktop.UDisks2.Block	UpdateConfigurationItem	(sa{sv})(sa{sv})a{sv}
org.freedesktop.UDisks2	/org/freedesktop/UDisks2/block_devices/nbd5	org.freedesktop.UDisks2.Block	AddConfigurationItem	(sa{sv})a{sv}
org.freedesktop.UDisks2	/org/freedesktop/UDisks2/block_devices/nbd5	org.freedesktop.UDisks2.Block	Format	sa{sv}
org.freedesktop.UDisks2	/org/freedesktop/UDisks2/block_devices/nbd5	org.freedesktop.UDisks2.Block	OpenDevice	sa{sv}
org.freedesktop.UDisks2	/org/freedesktop/UDisks2/block_devices/nbd5	org.freedesktop.UDisks2.Block	OpenForBackup	a{sv}
org.freedesktop.UDisks2	/org/freedesktop/UDisks2/block_devices/nbd5	org.freedesktop.UDisks2.Block	OpenForBenchmark	a{sv}
org.freedesktop.UDisks2	/org/freedesktop/UDisks2/block_devices/nbd5	org.freedesktop.UDisks2.Block	OpenForRestore	a{sv}
org.freedesktop.UDisks2	/org/freedesktop/UDisks2/block_devices/nbd5	org.freedesktop.UDisks2.Block	RemoveConfigurationItem	(sa{sv})a{sv}
org.freedesktop.UDisks2	/org/freedesktop/UDisks2/block_devices/nbd5	org.freedesktop.UDisks2.Block	Rescan	a{sv}
org.freedesktop.UDisks2	/org/freedesktop/UDisks2/block_devices/nbd5	org.freedesktop.UDisks2.Block	UpdateConfigurationItem	(sa{sv})(sa{sv})a{sv}
org.freedesktop.UDisks2	/org/freedesktop/UDisks2/block_devices/nbd6	org.freedesktop.UDisks2.Block	AddConfigurationItem	(sa{sv})a{sv}
org.freedesktop.UDisks2	/org/freedesktop/UDisks2/block_devices/nbd6	org.freedesktop.UDisks2.Block	Format	sa{sv}
org.freedesktop.UDisks2	/org/freedesktop/UDisks2/block_devices/nbd6	org.freedesktop.UDisks2.Block	OpenDevice	sa{sv}
org.freedesktop.UDisks2	/org/freedesktop/UDisks2/block_devices/nbd6	org.freedesktop.UDisks2.Block	OpenForBackup	a{sv}
org.freedesktop.UDisks2	/org/freedesktop/UDisks2/block_devices/nbd6	org.freedesktop.UDisks2.Block	OpenForBenchmark	a{sv}
org.freedesktop.UDisks2	/org/freedesktop/UDisks2/block_devices/nbd6	org.freedesktop.UDisks2.Block	OpenForRestore	a{sv}
org.freedesktop.UDisks2	/org/freedesktop/UDisks2/block_devices/nbd6	org.freedesktop.UDisks2.Block	RemoveConfigurationItem	(sa{sv})a{sv}
org.freedesktop.UDisks2	/org/freedesktop/UDisks2/block_devices/nbd6	org.freedesktop.UDisks2.Block	Rescan	a{sv}
org.freedesktop.UDisks2	/org/freedesktop/UDisks2/block_devices/nbd6	org.freedesktop.UDisks2.Block	UpdateConfigurationItem	(sa{sv})(sa{sv})a{sv}
org.freedesktop.UDisks2	/org/freedesktop/UDisks2/block_devices/nbd7	org.freedesktop.UDisks2.Block	AddConfigurationItem	(sa{sv})a{sv}
org.freedesktop.UDisks2	/org/freedesktop/UDisks2/block_devices/nbd7	org.freedesktop.UDisks2.Block	Format	sa{sv}
org.freedesktop.UDisks2	/org/freedesktop/UDisks2/block_devices/nbd7	org.freedesktop.UDisks2.Block	OpenDevice	sa{sv}
org.freedesktop.UDisks2	/org/freedesktop/UDisks2/block_devices/nbd7	org.freedesktop.UDisks2.Block	OpenForBackup	a{sv}
org.freedesktop.UDisks2	/org/freedesktop/UDisks2/block_devices/nbd7	org.freedesktop.UDisks2.Block	OpenForBenchmark	a{sv}
org.freedesktop.UDisks2	/org/freedesktop/UDisks2/block_devices/nbd7	org.freedesktop.UDisks2.Block	OpenForRestore	a{sv}
org.freedesktop.UDisks2	/org/freedesktop/UDisks2/block_devices/nbd7	org.freedesktop.UDisks2.Block	RemoveConfigurationItem	(sa{sv})a{sv}
org.freedesktop.UDisks2	/org/freedesktop/UDisks2/block_devices/nbd7	org.freedesktop.UDisks2.Block	Rescan	a{sv}
org.freedesktop.UDisks2	/org/freedesktop/UDisks2/block_devices/nbd7	org.freedesktop.UDisks2.Block	UpdateConfigurationItem	(sa{sv})(sa{sv})a{sv}
org.freedesktop.UDisks2	/org/freedesktop/UDisks2/block_devices/nbd8	org.freedesktop.UDisks2.Block	AddConfigurationItem	(sa{sv})a{sv}
org.freedesktop.UDisks2	/org/freedesktop/UDisks2/block_devices/nbd8	org.freedesktop.UDisks2.Block	Format	sa{sv}
org.freedesktop.UDisks2	/org/freedesktop/UDisks2/block_devices/nbd8	org.freedesktop.UDisks2.Block	OpenDevice	sa{sv}
org.freedesktop.UDisks2	/org/freedesktop/UDisks2/block_devices/nbd8	org.freedesktop.UDisks2.Block	OpenForBackup	a{sv}
org.freedesktop.UDisks2	/org/freedesktop/UDisks2/block_devices/nbd8	org.freedesktop.UDisks2.Block	OpenForBenchmark	a{sv}
org.freedesktop.UDisks2	/org/freedesktop/UDisks2/block_devices/nbd8	org.freedesktop.UDisks2.Block	OpenForRestore	a{sv}
org.freedesktop.UDisks2	/org/freedesktop/UDisks2/block_devices/nbd8	org.freedesktop.UDisks2.Block	RemoveConfigurationItem	(sa{sv})a{sv}
org.freedesktop.UDisks2	/org/freedesktop/UDisks2/block_devices/nbd8	org.freedesktop.UDisks2.Block	Rescan	a{sv}
org.freedesktop.UDisks2	/org/freedesktop/UDisks2/block_devices/nbd8	org.freedesktop.UDisks2.Block	UpdateConfigurationItem	(sa{sv})(sa{sv})a{sv}
org.freedesktop.UDisks2	/org/freedesktop/UDisks2/block_devices/nbd9	org.freedesktop.UDisks2.Block	AddConfigurationItem	(sa{sv})a{sv}
org.freedesktop.UDisks2	/org/freedesktop/UDisks2/block_devices/nbd9	org.freedesktop.UDisks2.Block	Format	sa{sv}
org.freedesktop.UDisks2	/org/freedesktop/UDisks2/block_devices/nbd9	org.freedesktop.UDisks2.Block	OpenDevice	sa{sv}
org.freedesktop.UDisks2	/org/freedesktop/UDisks2/block_devices/nbd9	org.freedesktop.UDisks2.Block	OpenForBackup	a{sv}
org.freedesktop.UDisks2	/org/freedesktop/UDisks2/block_devices/nbd9	org.freedesktop.UDisks2.Block	OpenForBenchmark	a{sv}
org.freedesktop.UDisks2	/org/freedesktop/UDisks2/block_devices/nbd9	org.freedesktop.UDisks2.Block	OpenForRestore	a{sv}
org.freedesktop.UDisks2	/org/freedesktop/UDisks2/block_devices/nbd9	org.freedesktop.UDisks2.Block	RemoveConfigurationItem	(sa{sv})a{sv}
org.freedesktop.UDisks2	/org/freedesktop/UDisks2/block_devices/nbd9	org.freedesktop.UDisks2.Block	Rescan	a{sv}
org.freedesktop.UDisks2	/org/freedesktop/UDisks2/block_devices/nbd9	org.freedesktop.UDisks2.Block	UpdateConfigurationItem	(sa{sv})(sa{sv})a{sv}
org.freedesktop.UDisks2	/org/freedesktop/UDisks2/block_devices/ram0	org.freedesktop.UDisks2.Block	AddConfigurationItem	(sa{sv})a{sv}
org.freedesktop.UDisks2	/org/freedesktop/UDisks2/block_devices/ram0	org.freedesktop.UDisks2.Block	Format	sa{sv}
org.freedesktop.UDisks2	/org/freedesktop/UDisks2/block_devices/ram0	org.freedesktop.UDisks2.Block	OpenDevice	sa{sv}
org.freedesktop.UDisks2	/org/freedesktop/UDisks2/block_devices/ram0	org.freedesktop.UDisks2.Block	OpenForBackup	a{sv}
org.freedesktop.UDisks2	/org/freedesktop/UDisks2/block_devices/ram0	org.freedesktop.UDisks2.Block	OpenForBenchmark	a{sv}
org.freedesktop.UDisks2	/org/freedesktop/UDisks2/block_devices/ram0	org.freedesktop.UDisks2.Block	OpenForRestore	a{sv}
org.freedesktop.UDisks2	/org/freedesktop/UDisks2/block_devices/ram0	org.freedesktop.UDisks2.Block	RemoveConfigurationItem	(sa{sv})a{sv}
org.freedesktop.UDisks2	/org/freedesktop/UDisks2/block_devices/ram0	org.freedesktop.UDisks2.Block	Rescan	a{sv}
org.freedesktop.UDisks2	/org/freedesktop/UDisks2/block_devices/ram0	org.freedesktop.UDisks2.Block	UpdateConfigurationItem	(sa{sv})(sa{sv})a{sv}
org.freedesktop.UDisks2	/org/freedesktop/UDisks2/block_devices/ram1	org.freedesktop.UDisks2.Block	AddConfigurationItem	(sa{sv})a{sv}
org.freedesktop.UDisks2	/org/freedesktop/UDisks2/block_devices/ram1	org.freedesktop.UDisks2.Block	Format	sa{sv}
org.freedesktop.UDisks2	/org/freedesktop/UDisks2/block_devices/ram1	org.freedesktop.UDisks2.Block	OpenDevice	sa{sv}
org.freedesktop.UDisks2	/org/freedesktop/UDisks2/block_devices/ram1	org.freedesktop.UDisks2.Block	OpenForBackup	a{sv}
org.freedesktop.UDisks2	/org/freedesktop/UDisks2/block_devices/ram1	org.freedesktop.UDisks2.Block	OpenForBenchmark	a{sv}
org.freedesktop.UDisks2	/org/freedesktop/UDisks2/block_devices/ram1	org.freedesktop.UDisks2.Block	OpenForRestore	a{sv}
org.freedesktop.UDisks2	/org/freedesktop/UDisks2/block_devices/ram1	org.freedesktop.UDisks2.Block	RemoveConfigurationItem	(sa{sv})a{sv}
org.freedesktop.UDisks2	/org/freedesktop/UDisks2/block_devices/ram1	org.freedesktop.UDisks2.Block	Rescan	a{sv}
org.freedesktop.UDisks2	/org/freedesktop/UDisks2/block_devices/ram1	org.freedesktop.UDisks2.Block	UpdateConfigurationItem	(sa{sv})(sa{sv})a{sv}
org.freedesktop.UDisks2	/org/freedesktop/UDisks2/block_devices/ram10	org.freedesktop.UDisks2.Block	AddConfigurationItem	(sa{sv})a{sv}
org.freedesktop.UDisks2	/org/freedesktop/UDisks2/block_devices/ram10	org.freedesktop.UDisks2.Block	Format	sa{sv}
org.freedesktop.UDisks2	/org/freedesktop/UDisks2/block_devices/ram10	org.freedesktop.UDisks2.Block	OpenDevice	sa{sv}
org.freedesktop.UDisks2	/org/freedesktop/UDisks2/block_devices/ram10	org.freedesktop.UDisks2.Block	OpenForBackup	a{sv}
org.freedesktop.UDisks2	/org/freedesktop/UDisks2/block_devices/ram10	org.freedesktop.UDisks2.Block	OpenForBenchmark	a{sv}
org.freedesktop.UDisks2	/org/freedesktop/UDisks2/block_devices/ram10	org.freedesktop.UDisks2.Block	OpenForRestore	a{sv}
org.freedesktop.UDisks2	/org/freedesktop/UDisks2/block_devices/ram10	org.freedesktop.UDisks2.Block	RemoveConfigurationItem	(sa{sv})a{sv}
org.freedesktop.UDisks2	/org/freedesktop/UDisks2/block_devices/ram10	org.freedesktop.UDisks2.Block	Rescan	a{sv}
org.freedesktop.UDisks2	/org/freedesktop/UDisks2/block_devices/ram10	org.freedesktop.UDisks2.Block	UpdateConfigurationItem	(sa{sv})(sa{sv})a{sv}
org.freedesktop.UDisks2	/org/freedesktop/UDisks2/block_devices/ram11	org.freedesktop.UDisks2.Block	AddConfigurationItem	(sa{sv})a{sv}
org.freedesktop.UDisks2	/org/freedesktop/UDisks2/block_devices/ram11	org.freedesktop.UDisks2.Block	Format	sa{sv}
org.freedesktop.UDisks2	/org/freedesktop/UDisks2/block_devices/ram11	org.freedesktop.UDisks2.Block	OpenDevice	sa{sv}
org.freedesktop.UDisks2	/org/freedesktop/UDisks2/block_devices/ram11	org.freedesktop.UDisks2.Block	OpenForBackup	a{sv}
org.freedesktop.UDisks2	/org/freedesktop/UDisks2/block_devices/ram11	org.freedesktop.UDisks2.Block	OpenForBenchmark	a{sv}
org.freedesktop.UDisks2	/org/freedesktop/UDisks2/block_devices/ram11	org.freedesktop.UDisks2.Block	OpenForRestore	a{sv}
org.freedesktop.UDisks2	/org/freedesktop/UDisks2/block_devices/ram11	org.freedesktop.UDisks2.Block	RemoveConfigurationItem	(sa{sv})a{sv}
org.freedesktop.UDisks2	/org/freedesktop/UDisks2/block_devices/ram11	org.freedesktop.UDisks2.Block	Rescan	a{sv}
org.freedesktop.UDisks2	/org/freedesktop/UDisks2/block_devices/ram11	org.freedesktop.UDisks2.Block	UpdateConfigurationItem	(sa{sv})(sa{sv})a{sv}
org.freedesktop.UDisks2	/org/freedesktop/UDisks2/block_devices/ram12	org.freedesktop.UDisks2.Block	AddConfigurationItem	(sa{sv})a{sv}
org.freedesktop.UDisks2	/org/freedesktop/UDisks2/block_devices/ram12	org.freedesktop.UDisks2.Block	Format	sa{sv}
org.freedesktop.UDisks2	/org/freedesktop/UDisks2/block_devices/ram12	org.freedesktop.UDisks2.Block	OpenDevice	sa{sv}
org.freedesktop.UDisks2	/org/freedesktop/UDisks2/block_devices/ram12	org.freedesktop.UDisks2.Block	OpenForBackup	a{sv}
org.freedesktop.UDisks2	/org/freedesktop/UDisks2/block_devices/ram12	org.freedesktop.UDisks2.Block	OpenForBenchmark	a{sv}
org.freedesktop.UDisks2	/org/freedesktop/UDisks2/block_devices/ram12	org.freedesktop.UDisks2.Block	OpenForRestore	a{sv}
org.freedesktop.UDisks2	/org/freedesktop/UDisks2/block_devices/ram12	org.freedesktop.UDisks2.Block	RemoveConfigurationItem	(sa{sv})a{sv}
org.freedesktop.UDisks2	/org/freedesktop/UDisks2/block_devices/ram12	org.freedesktop.UDisks2.Block	Rescan	a{sv}
org.freedesktop.UDisks2	/org/freedesktop/UDisks2/block_devices/ram12	org.freedesktop.UDisks2.Block	UpdateConfigurationItem	(sa{sv})(sa{sv})a{sv}
org.freedesktop.UDisks2	/org/freedesktop/UDisks2/block_devices/ram13	org.freedesktop.UDisks2.Block	AddConfigurationItem	(sa{sv})a{sv}
org.freedesktop.UDisks2	/org/freedesktop/UDisks2/block_devices/ram13	org.freedesktop.UDisks2.Block	Format	sa{sv}
org.freedesktop.UDisks2	/org/freedesktop/UDisks2/block_devices/ram13	org.freedesktop.UDisks2.Block	OpenDevice	sa{sv}
org.freedesktop.UDisks2	/org/freedesktop/UDisks2/block_devices/ram13	org.freedesktop.UDisks2.Block	OpenForBackup	a{sv}
org.freedesktop.UDisks2	/org/freedesktop/UDisks2/block_devices/ram13	org.freedesktop.UDisks2.Block	OpenForBenchmark	a{sv}
org.freedesktop.UDisks2	/org/freedesktop/UDisks2/block_devices/ram13	org.freedesktop.UDisks2.Block	OpenForRestore	a{sv}
org.freedesktop.UDisks2	/org/freedesktop/UDisks2/block_devices/ram13	org.freedesktop.UDisks2.Block	RemoveConfigurationItem	(sa{sv})a{sv}
org.freedesktop.UDisks2	/org/freedesktop/UDisks2/block_devices/ram13	org.freedesktop.UDisks2.Block	Rescan	a{sv}
org.freedesktop.UDisks2	/org/freedesktop/UDisks2/block_devices/ram13	org.freedesktop.UDisks2.Block	UpdateConfigurationItem	(sa{sv})(sa{sv})a{sv}
org.freedesktop.UDisks2	/org/freedesktop/UDisks2/block_devices/ram14	org.freedesktop.UDisks2.Block	AddConfigurationItem	(sa{sv})a{sv}
org.freedesktop.UDisks2	/org/freedesktop/UDisks2/block_devices/ram14	org.freedesktop.UDisks2.Block	Format	sa{sv}
org.freedesktop.UDisks2	/org/freedesktop/UDisks2/block_devices/ram14	org.freedesktop.UDisks2.Block	OpenDevice	sa{sv}
org.freedesktop.UDisks2	/org/freedesktop/UDisks2/block_devices/ram14	org.freedesktop.UDisks2.Block	OpenForBackup	a{sv}
org.freedesktop.UDisks2	/org/freedesktop/UDisks2/block_devices/ram14	org.freedesktop.UDisks2.Block	OpenForBenchmark	a{sv}
org.freedesktop.UDisks2	/org/freedesktop/UDisks2/block_devices/ram14	org.freedesktop.UDisks2.Block	OpenForRestore	a{sv}
org.freedesktop.UDisks2	/org/freedesktop/UDisks2/block_devices/ram14	org.freedesktop.UDisks2.Block	RemoveConfigurationItem	(sa{sv})a{sv}
org.freedesktop.UDisks2	/org/freedesktop/UDisks2/block_devices/ram14	org.freedesktop.UDisks2.Block	Rescan	a{sv}
org.freedesktop.UDisks2	/org/freedesktop/UDisks2/block_devices/ram14	org.freedesktop.UDisks2.Block	UpdateConfigurationItem	(sa{sv})(sa{sv})a{sv}
org.freedesktop.UDisks2	/org/freedesktop/UDisks2/block_devices/ram15	org.freedesktop.UDisks2.Block	AddConfigurationItem	(sa{sv})a{sv}
org.freedesktop.UDisks2	/org/freedesktop/UDisks2/block_devices/ram15	org.freedesktop.UDisks2.Block	Format	sa{sv}
org.freedesktop.UDisks2	/org/freedesktop/UDisks2/block_devices/ram15	org.freedesktop.UDisks2.Block	OpenDevice	sa{sv}
org.freedesktop.UDisks2	/org/freedesktop/UDisks2/block_devices/ram15	org.freedesktop.UDisks2.Block	OpenForBackup	a{sv}
org.freedesktop.UDisks2	/org/freedesktop/UDisks2/block_devices/ram15	org.freedesktop.UDisks2.Block	OpenForBenchmark	a{sv}
org.freedesktop.UDisks2	/org/freedesktop/UDisks2/block_devices/ram15	org.freedesktop.UDisks2.Block	OpenForRestore	a{sv}
org.freedesktop.UDisks2	/org/freedesktop/UDisks2/block_devices/ram15	org.freedesktop.UDisks2.Block	RemoveConfigurationItem	(sa{sv})a{sv}
org.freedesktop.UDisks2	/org/freedesktop/UDisks2/block_devices/ram15	org.freedesktop.UDisks2.Block	Rescan	a{sv}
org.freedesktop.UDisks2	/org/freedesktop/UDisks2/block_devices/ram15	org.freedesktop.UDisks2.Block	UpdateConfigurationItem	(sa{sv})(sa{sv})a{sv}
org.freedesktop.UDisks2	/org/freedesktop/UDisks2/block_devices/ram2	org.freedesktop.UDisks2.Block	AddConfigurationItem	(sa{sv})a{sv}
org.freedesktop.UDisks2	/org/freedesktop/UDisks2/block_devices/ram2	org.freedesktop.UDisks2.Block	Format	sa{sv}
org.freedesktop.UDisks2	/org/freedesktop/UDisks2/block_devices/ram2	org.freedesktop.UDisks2.Block	OpenDevice	sa{sv}
org.freedesktop.UDisks2	/org/freedesktop/UDisks2/block_devices/ram2	org.freedesktop.UDisks2.Block	OpenForBackup	a{sv}
org.freedesktop.UDisks2	/org/freedesktop/UDisks2/block_devices/ram2	org.freedesktop.UDisks2.Block	OpenForBenchmark	a{sv}
org.freedesktop.UDisks2	/org/freedesktop/UDisks2/block_devices/ram2	org.freedesktop.UDisks2.Block	OpenForRestore	a{sv}
org.freedesktop.UDisks2	/org/freedesktop/UDisks2/block_devices/ram2	org.freedesktop.UDisks2.Block	RemoveConfigurationItem	(sa{sv})a{sv}
org.freedesktop.UDisks2	/org/freedesktop/UDisks2/block_devices/ram2	org.freedesktop.UDisks2.Block	Rescan	a{sv}
org.freedesktop.UDisks2	/org/freedesktop/UDisks2/block_devices/ram2	org.freedesktop.UDisks2.Block	UpdateConfigurationItem	(sa{sv})(sa{sv})a{sv}
org.freedesktop.UDisks2	/org/freedesktop/UDisks2/block_devices/ram3	org.freedesktop.UDisks2.Block	AddConfigurationItem	(sa{sv})a{sv}
org.freedesktop.UDisks2	/org/freedesktop/UDisks2/block_devices/ram3	org.freedesktop.UDisks2.Block	Format	sa{sv}
org.freedesktop.UDisks2	/org/freedesktop/UDisks2/block_devices/ram3	org.freedesktop.UDisks2.Block	OpenDevice	sa{sv}
org.freedesktop.UDisks2	/org/freedesktop/UDisks2/block_devices/ram3	org.freedesktop.UDisks2.Block	OpenForBackup	a{sv}
org.freedesktop.UDisks2	/org/freedesktop/UDisks2/block_devices/ram3	org.freedesktop.UDisks2.Block	OpenForBenchmark	a{sv}
org.freedesktop.UDisks2	/org/freedesktop/UDisks2/block_devices/ram3	org.freedesktop.UDisks2.Block	OpenForRestore	a{sv}
org.freedesktop.UDisks2	/org/freedesktop/UDisks2/block_devices/ram3	org.freedesktop.UDisks2.Block	RemoveConfigurationItem	(sa{sv})a{sv}
org.freedesktop.UDisks2	/org/freedesktop/UDisks2/block_devices/ram3	org.freedesktop.UDisks2.Block	Rescan	a{sv}
org.freedesktop.UDisks2	/org/freedesktop/UDisks2/block_devices/ram3	org.freedesktop.UDisks2.Block	UpdateConfigurationItem	(sa{sv})(sa{sv})a{sv}
org.freedesktop.UDisks2	/org/freedesktop/UDisks2/block_devices/ram4	org.freedesktop.UDisks2.Block	AddConfigurationItem	(sa{sv})a{sv}
org.freedesktop.UDisks2	/org/freedesktop/UDisks2/block_devices/ram4	org.freedesktop.UDisks2.Block	Format	sa{sv}
org.freedesktop.UDisks2	/org/freedesktop/UDisks2/block_devices/ram4	org.freedesktop.UDisks2.Block	OpenDevice	sa{sv}
org.freedesktop.UDisks2	/org/freedesktop/UDisks2/block_devices/ram4	org.freedesktop.UDisks2.Block	OpenForBackup	a{sv}
org.freedesktop.UDisks2	/org/freedesktop/UDisks2/block_devices/ram4	org.freedesktop.UDisks2.Block	OpenForBenchmark	a{sv}
org.freedesktop.UDisks2	/org/freedesktop/UDisks2/block_devices/ram4	org.freedesktop.UDisks2.Block	OpenForRestore	a{sv}
org.freedesktop.UDisks2	/org/freedesktop/UDisks2/block_devices/ram4	org.freedesktop.UDisks2.Block	RemoveConfigurationItem	(sa{sv})a{sv}
org.freedesktop.UDisks2	/org/freedesktop/UDisks2/block_devices/ram4	org.freedesktop.UDisks2.Block	Rescan	a{sv}
org.freedesktop.UDisks2	/org/freedesktop/UDisks2/block_devices/ram4	org.freedesktop.UDisks2.Block	UpdateConfigurationItem	(sa{sv})(sa{sv})a{sv}
org.freedesktop.UDisks2	/org/freedesktop/UDisks2/block_devices/ram5	org.freedesktop.UDisks2.Block	AddConfigurationItem	(sa{sv})a{sv}
org.freedesktop.UDisks2	/org/freedesktop/UDisks2/block_devices/ram5	org.freedesktop.UDisks2.Block	Format	sa{sv}
org.freedesktop.UDisks2	/org/freedesktop/UDisks2/block_devices/ram5	org.freedesktop.UDisks2.Block	OpenDevice	sa{sv}
org.freedesktop.UDisks2	/org/freedesktop/UDisks2/block_devices/ram5	org.freedesktop.UDisks2.Block	OpenForBackup	a{sv}
org.freedesktop.UDisks2	/org/freedesktop/UDisks2/block_devices/ram5	org.freedesktop.UDisks2.Block	OpenForBenchmark	a{sv}
org.freedesktop.UDisks2	/org/freedesktop/UDisks2/block_devices/ram5	org.freedesktop.UDisks2.Block	OpenForRestore	a{sv}
org.freedesktop.UDisks2	/org/freedesktop/UDisks2/block_devices/ram5	org.freedesktop.UDisks2.Block	RemoveConfigurationItem	(sa{sv})a{sv}
org.freedesktop.UDisks2	/org/freedesktop/UDisks2/block_devices/ram5	org.freedesktop.UDisks2.Block	Rescan	a{sv}
org.freedesktop.UDisks2	/org/freedesktop/UDisks2/block_devices/ram5	org.freedesktop.UDisks2.Block	UpdateConfigurationItem	(sa{sv})(sa{sv})a{sv}
org.freedesktop.UDisks2	/org/freedesktop/UDisks2/block_devices/ram6	org.freedesktop.UDisks2.Block	AddConfigurationItem	(sa{sv})a{sv}
org.freedesktop.UDisks2	/org/freedesktop/UDisks2/block_devices/ram6	org.freedesktop.UDisks2.Block	Format	sa{sv}
org.freedesktop.UDisks2	/org/freedesktop/UDisks2/block_devices/ram6	org.freedesktop.UDisks2.Block	OpenDevice	sa{sv}
org.freedesktop.UDisks2	/org/freedesktop/UDisks2/block_devices/ram6	org.freedesktop.UDisks2.Block	OpenForBackup	a{sv}
org.freedesktop.UDisks2	/org/freedesktop/UDisks2/block_devices/ram6	org.freedesktop.UDisks2.Block	OpenForBenchmark	a{sv}
org.freedesktop.UDisks2	/org/freedesktop/UDisks2/block_devices/ram6	org.freedesktop.UDisks2.Block	OpenForRestore	a{sv}
org.freedesktop.UDisks2	/org/freedesktop/UDisks2/block_devices/ram6	org.freedesktop.UDisks2.Block	RemoveConfigurationItem	(sa{sv})a{sv}
org.freedesktop.UDisks2	/org/freedesktop/UDisks2/block_devices/ram6	org.freedesktop.UDisks2.Block	Rescan	a{sv}
org.freedesktop.UDisks2	/org/freedesktop/UDisks2/block_devices/ram6	org.freedesktop.UDisks2.Block	UpdateConfigurationItem	(sa{sv})(sa{sv})a{sv}
org.freedesktop.UDisks2	/org/freedesktop/UDisks2/block_devices/ram7	org.freedesktop.UDisks2.Block	AddConfigurationItem	(sa{sv})a{sv}
org.freedesktop.UDisks2	/org/freedesktop/UDisks2/block_devices/ram7	org.freedesktop.UDisks2.Block	Format	sa{sv}
org.freedesktop.UDisks2	/org/freedesktop/UDisks2/block_devices/ram7	org.freedesktop.UDisks2.Block	OpenDevice	sa{sv}
org.freedesktop.UDisks2	/org/freedesktop/UDisks2/block_devices/ram7	org.freedesktop.UDisks2.Block	OpenForBackup	a{sv}
org.freedesktop.UDisks2	/org/freedesktop/UDisks2/block_devices/ram7	org.freedesktop.UDisks2.Block	OpenForBenchmark	a{sv}
org.freedesktop.UDisks2	/org/freedesktop/UDisks2/block_devices/ram7	org.freedesktop.UDisks2.Block	OpenForRestore	a{sv}
org.freedesktop.UDisks2	/org/freedesktop/UDisks2/block_devices/ram7	org.freedesktop.UDisks2.Block	RemoveConfigurationItem	(sa{sv})a{sv}
org.freedesktop.UDisks2	/org/freedesktop/UDisks2/block_devices/ram7	org.freedesktop.UDisks2.Block	Rescan	a{sv}
org.freedesktop.UDisks2	/org/freedesktop/UDisks2/block_devices/ram7	org.freedesktop.UDisks2.Block	UpdateConfigurationItem	(sa{sv})(sa{sv})a{sv}
org.freedesktop.UDisks2	/org/freedesktop/UDisks2/block_devices/ram8	org.freedesktop.UDisks2.Block	AddConfigurationItem	(sa{sv})a{sv}
org.freedesktop.UDisks2	/org/freedesktop/UDisks2/block_devices/ram8	org.freedesktop.UDisks2.Block	Format	sa{sv}
org.freedesktop.UDisks2	/org/freedesktop/UDisks2/block_devices/ram8	org.freedesktop.UDisks2.Block	OpenDevice	sa{sv}
org.freedesktop.UDisks2	/org/freedesktop/UDisks2/block_devices/ram8	org.freedesktop.UDisks2.Block	OpenForBackup	a{sv}
org.freedesktop.UDisks2	/org/freedesktop/UDisks2/block_devices/ram8	org.freedesktop.UDisks2.Block	OpenForBenchmark	a{sv}
org.freedesktop.UDisks2	/org/freedesktop/UDisks2/block_devices/ram8	org.freedesktop.UDisks2.Block	OpenForRestore	a{sv}
org.freedesktop.UDisks2	/org/freedesktop/UDisks2/block_devices/ram8	org.freedesktop.UDisks2.Block	RemoveConfigurationItem	(sa{sv})a{sv}
org.freedesktop.UDisks2	/org/freedesktop/UDisks2/block_devices/ram8	org.freedesktop.UDisks2.Block	Rescan	a{sv}
org.freedesktop.UDisks2	/org/freedesktop/UDisks2/block_devices/ram8	org.freedesktop.UDisks2.Block	UpdateConfigurationItem	(sa{sv})(sa{sv})a{sv}
org.freedesktop.UDisks2	/org/freedesktop/UDisks2/block_devices/ram9	org.freedesktop.UDisks2.Block	AddConfigurationItem	(sa{sv})a{sv}
org.freedesktop.UDisks2	/org/freedesktop/UDisks2/block_devices/ram9	org.freedesktop.UDisks2.Block	Format	sa{sv}
org.freedesktop.UDisks2	/org/freedesktop/UDisks2/block_devices/ram9	org.freedesktop.UDisks2.Block	OpenDevice	sa{sv}
org.freedesktop.UDisks2	/org/freedesktop/UDisks2/block_devices/ram9	org.freedesktop.UDisks2.Block	OpenForBackup	a{sv}
org.freedesktop.UDisks2	/org/freedesktop/UDisks2/block_devices/ram9	org.freedesktop.UDisks2.Block	OpenForBenchmark	a{sv}
org.freedesktop.UDisks2	/org/freedesktop/UDisks2/block_devices/ram9	org.freedesktop.UDisks2.Block	OpenForRestore	a{sv}
org.freedesktop.UDisks2	/org/freedesktop/UDisks2/block_devices/ram9	org.freedesktop.UDisks2.Block	RemoveConfigurationItem	(sa{sv})a{sv}
org.freedesktop.UDisks2	/org/freedesktop/UDisks2/block_devices/ram9	org.freedesktop.UDisks2.Block	Rescan	a{sv}
org.freedesktop.UDisks2	/org/freedesktop/UDisks2/block_devices/ram9	org.freedesktop.UDisks2.Block	UpdateConfigurationItem	(sa{sv})(sa{sv})a{sv}
org.freedesktop.UDisks2	/org/freedesktop/UDisks2/block_devices/vda	org.freedesktop.UDisks2.Block	AddConfigurationItem	(sa{sv})a{sv}
org.freedesktop.UDisks2	/org/freedesktop/UDisks2/block_devices/vda	org.freedesktop.UDisks2.Block	Format	sa{sv}
org.freedesktop.UDisks2	/org/freedesktop/UDisks2/block_devices/vda	org.freedesktop.UDisks2.Block	OpenDevice	sa{sv}
org.freedesktop.UDisks2	/org/freedesktop/UDisks2/block_devices/vda	org.freedesktop.UDisks2.Block	OpenForBackup	a{sv}
org.freedesktop.UDisks2	/org/freedesktop/UDisks2/block_devices/vda	org.freedesktop.UDisks2.Block	OpenForBenchmark	a{sv}
org.freedesktop.UDisks2	/org/freedesktop/UDisks2/block_devices/vda	org.freedesktop.UDisks2.Block	OpenForRestore	a{sv}
org.freedesktop.UDisks2	/org/freedesktop/UDisks2/block_devices/vda	org.freedesktop.UDisks2.Block	RemoveConfigurationItem	(sa{sv})a{sv}
org.freedesktop.UDisks2	/org/freedesktop/UDisks2/block_devices/vda	org.freedesktop.UDisks2.Block	Rescan	a{sv}
org.freedesktop.UDisks2	/org/freedesktop/UDisks2/block_devices/vda	org.freedesktop.UDisks2.Block	UpdateConfigurationItem	(sa{sv})(sa{sv})a{sv}
org.freedesktop.UDisks2	/org/freedesktop/UDisks2/block_devices/vda	org.freedesktop.UDisks2.PartitionTable	CreatePartition	ttssa{sv}
org.freedesktop.UDisks2	/org/freedesktop/UDisks2/block_devices/vda	org.freedesktop.UDisks2.PartitionTable	CreatePartitionAndFormat	ttssa{sv}sa{sv}
org.freedesktop.UDisks2	/org/freedesktop/UDisks2/block_devices/vda1	org.freedesktop.UDisks2.Block	AddConfigurationItem	(sa{sv})a{sv}
org.freedesktop.UDisks2	/org/freedesktop/UDisks2/block_devices/vda1	org.freedesktop.UDisks2.Block	Format	sa{sv}
org.freedesktop.UDisks2	/org/freedesktop/UDisks2/block_devices/vda1	org.freedesktop.UDisks2.Block	OpenDevice	sa{sv}
org.freedesktop.UDisks2	/org/freedesktop/UDisks2/block_devices/vda1	org.freedesktop.UDisks2.Block	OpenForBackup	a{sv}
org.freedesktop.UDisks2	/org/freedesktop/UDisks2/block_devices/vda1	org.freedesktop.UDisks2.Block	OpenForBenchmark	a{sv}
org.freedesktop.UDisks2	/org/freedesktop/UDisks2/block_devices/vda1	org.freedesktop.UDisks2.Block	OpenForRestore	a{sv}
org.freedesktop.UDisks2	/org/freedesktop/UDisks2/block_devices/vda1	org.freedesktop.UDisks2.Block	RemoveConfigurationItem	(sa{sv})a{sv}
org.freedesktop.UDisks2	/org/freedesktop/UDisks2/block_devices/vda1	org.freedesktop.UDisks2.Block	Rescan	a{sv}
org.freedesktop.UDisks2	/org/freedesktop/UDisks2/block_devices/vda1	org.freedesktop.UDisks2.Block	UpdateConfigurationItem	(sa{sv})(sa{sv})a{sv}
org.freedesktop.UDisks2	/org/freedesktop/UDisks2/block_devices/vda1	org.freedesktop.UDisks2.Filesystem	Mount	a{sv}
org.freedesktop.UDisks2	/org/freedesktop/UDisks2/block_devices/vda1	org.freedesktop.UDisks2.Filesystem	SetLabel	sa{sv}
org.freedesktop.UDisks2	/org/freedesktop/UDisks2/block_devices/vda1	org.freedesktop.UDisks2.Filesystem	SetUUID	sa{sv}
org.freedesktop.UDisks2	/org/freedesktop/UDisks2/block_devices/vda1	org.freedesktop.UDisks2.Filesystem	TakeOwnership	a{sv}
org.freedesktop.UDisks2	/org/freedesktop/UDisks2/block_devices/vda1	org.freedesktop.UDisks2.Filesystem	Unmount	a{sv}
org.freedesktop.UDisks2	/org/freedesktop/UDisks2/block_devices/vda1	org.freedesktop.UDisks2.Partition	Delete	a{sv}
org.freedesktop.UDisks2	/org/freedesktop/UDisks2/block_devices/vda1	org.freedesktop.UDisks2.Partition	SetFlags	ta{sv}
org.freedesktop.UDisks2	/org/freedesktop/UDisks2/block_devices/vda1	org.freedesktop.UDisks2.Partition	SetName	sa{sv}
org.freedesktop.UDisks2	/org/freedesktop/UDisks2/block_devices/vda1	org.freedesktop.UDisks2.Partition	SetType	sa{sv}
org.freedesktop.UDisks2	/org/freedesktop/UDisks2/block_devices/vda1	org.freedesktop.UDisks2.Partition	SetUUID	sa{sv}
org.freedesktop.UDisks2	/org/freedesktop/UDisks2/block_devices/vdb	org.freedesktop.UDisks2.Block	AddConfigurationItem	(sa{sv})a{sv}
org.freedesktop.UDisks2	/org/freedesktop/UDisks2/block_devices/vdb	org.freedesktop.UDisks2.Block	Format	sa{sv}
org.freedesktop.UDisks2	/org/freedesktop/UDisks2/block_devices/vdb	org.freedesktop.UDisks2.Block	OpenDevice	sa{sv}
org.freedesktop.UDisks2	/org/freedesktop/UDisks2/block_devices/vdb	org.freedesktop.UDisks2.Block	OpenForBackup	a{sv}
org.freedesktop.UDisks2	/org/freedesktop/UDisks2/block_devices/vdb	org.freedesktop.UDisks2.Block	OpenForBenchmark	a{sv}
org.freedesktop.UDisks2	/org/freedesktop/UDisks2/block_devices/vdb	org.freedesktop.UDisks2.Block	OpenForRestore	a{sv}
org.freedesktop.UDisks2	/org/freedesktop/UDisks2/block_devices/vdb	org.freedesktop.UDisks2.Block	RemoveConfigurationItem	(sa{sv})a{sv}
org.freedesktop.UDisks2	/org/freedesktop/UDisks2/block_devices/vdb	org.freedesktop.UDisks2.Block	Rescan	a{sv}
org.freedesktop.UDisks2	/org/freedesktop/UDisks2/block_devices/vdb	org.freedesktop.UDisks2.Block	UpdateConfigurationItem	(sa{sv})(sa{sv})a{sv}
org.freedesktop.UDisks2	/org/freedesktop/UDisks2/block_devices/vdb	org.freedesktop.UDisks2.Filesystem	Mount	a{sv}
org.freedesktop.UDisks2	/org/freedesktop/UDisks2/block_devices/vdb	org.freedesktop.UDisks2.Filesystem	SetLabel	sa{sv}
org.freedesktop.UDisks2	/org/freedesktop/UDisks2/block_devices/vdb	org.freedesktop.UDisks2.Filesystem	SetUUID	sa{sv}
org.freedesktop.UDisks2	/org/freedesktop/UDisks2/block_devices/vdb	org.freedesktop.UDisks2.Filesystem	TakeOwnership	a{sv}
org.freedesktop.UDisks2	/org/freedesktop/UDisks2/block_devices/vdb	org.freedesktop.UDisks2.Filesystem	Unmount	a{sv}
org.freedesktop.UDisks2	/org/freedesktop/UDisks2/drives/VirtIO_Disk	org.freedesktop.UDisks2.Drive	Eject	a{sv}
org.freedesktop.UDisks2	/org/freedesktop/UDisks2/drives/VirtIO_Disk	org.freedesktop.UDisks2.Drive	PowerOff	a{sv}
org.freedesktop.UDisks2	/org/freedesktop/UDisks2/drives/VirtIO_Disk	org.freedesktop.UDisks2.Drive	SetConfiguration	a{sv}a{sv}
org.freedesktop.UDisks2	/org/freedesktop/UDisks2/drives/VirtIO_Disk_1	org.freedesktop.UDisks2.Drive	Eject	a{sv}
org.freedesktop.UDisks2	/org/freedesktop/UDisks2/drives/VirtIO_Disk_1	org.freedesktop.UDisks2.Drive	PowerOff	a{sv}
org.freedesktop.UDisks2	/org/freedesktop/UDisks2/drives/VirtIO_Disk_1	org.freedesktop.UDisks2.Drive	SetConfiguration	a{sv}a{sv}
org.freedesktop.bolt	/org/freedesktop/bolt	org.freedesktop.bolt1.Power	ForcePower	ss
org.freedesktop.hostname1	/org/freedesktop/hostname1	org.freedesktop.hostname1	SetChassis	sb
org.freedesktop.hostname1	/org/freedesktop/hostname1	org.freedesktop.hostname1	SetDeployment	sb
org.freedesktop.hostname1	/org/freedesktop/hostname1	org.freedesktop.hostname1	SetHostname	sb
org.freedesktop.hostname1	/org/freedesktop/hostname1	org.freedesktop.hostname1	SetIconName	sb
org.freedesktop.hostname1	/org/freedesktop/hostname1	org.freedesktop.hostname1	SetLocation	sb
org.freedesktop.hostname1	/org/freedesktop/hostname1	org.freedesktop.hostname1	SetPrettyHostname	sb
org.freedesktop.hostname1	/org/freedesktop/hostname1	org.freedesktop.hostname1	SetStaticHostname	sb
org.freedesktop.locale1	/org/freedesktop/locale1	org.freedesktop.locale1	SetLocale	asb
org.freedesktop.locale1	/org/freedesktop/locale1	org.freedesktop.locale1	SetVConsoleKeyboard	ssbb
org.freedesktop.locale1	/org/freedesktop/locale1	org.freedesktop.locale1	SetX11Keyboard	ssssbb
org.freedesktop.login1	/org/freedesktop/login1	org.freedesktop.login1.Manager	ActivateSession	s
org.freedesktop.login1	/org/freedesktop/login1	org.freedesktop.login1.Manager	ActivateSessionOnSeat	ss
org.freedesktop.login1	/org/freedesktop/login1	org.freedesktop.login1.Manager	AttachDevice	ssb
org.freedesktop.login1	/org/freedesktop/login1	org.freedesktop.login1.Manager	CanPowerOff	
org.freedesktop.login1	/org/freedesktop/login1	org.freedesktop.login1.Manager	CanReboot	
org.freedesktop.login1	/org/freedesktop/login1	org.freedesktop.login1.Manager	CanRebootParameter	
org.freedesktop.login1	/org/freedesktop/login1	org.freedesktop.login1.Manager	CanRebootToBootLoaderEntry	
org.freedesktop.login1	/org/freedesktop/login1	org.freedesktop.login1.Manager	CanRebootToBootLoaderMenu	
org.freedesktop.login1	/org/freedesktop/login1	org.freedesktop.login1.Manager	CanRebootToFirmwareSetup	
org.freedesktop.login1	/org/freedesktop/login1	org.freedesktop.login1.Manager	CancelScheduledShutdown	
org.freedesktop.login1	/org/freedesktop/login1	org.freedesktop.login1.Manager	CreateSession	uusssssussbssa(sv)
org.freedesktop.login1	/org/freedesktop/login1	org.freedesktop.login1.Manager	CreateSessionWithPIDFD	uhsssssussbssta(sv)
org.freedesktop.login1	/org/freedesktop/login1	org.freedesktop.login1.Manager	FlushDevices	b
org.freedesktop.login1	/org/freedesktop/login1	org.freedesktop.login1.Manager	Inhibit	ssss
org.freedesktop.login1	/org/freedesktop/login1	org.freedesktop.login1.Manager	KillSession	ssi
org.freedesktop.login1	/org/freedesktop/login1	org.freedesktop.login1.Manager	KillUser	ui
org.freedesktop.login1	/org/freedesktop/login1	org.freedesktop.login1.Manager	ListInhibitors	
org.freedesktop.login1	/org/freedesktop/login1	org.freedesktop.login1.Manager	LockSession	s
org.freedesktop.login1	/org/freedesktop/login1	org.freedesktop.login1.Manager	LockSessions	
org.freedesktop.login1	/org/freedesktop/login1	org.freedesktop.login1.Manager	PowerOff	b
org.freedesktop.login1	/org/freedesktop/login1	org.freedesktop.login1.Manager	PowerOffWithFlags	t
org.freedesktop.login1	/org/freedesktop/login1	org.freedesktop.login1.Manager	Reboot	b
org.freedesktop.login1	/org/freedesktop/login1	org.freedesktop.login1.Manager	RebootWithFlags	t
org.freedesktop.login1	/org/freedesktop/login1	org.freedesktop.login1.Manager	ScheduleShutdown	st
org.freedesktop.login1	/org/freedesktop/login1	org.freedesktop.login1.Manager	SetRebootParameter	s
org.freedesktop.login1	/org/freedesktop/login1	org.freedesktop.login1.Manager	SetRebootToBootLoaderEntry	s
org.freedesktop.login1	/org/freedesktop/login1	org.freedesktop.login1.Manager	SetRebootToBootLoaderMenu	t
org.freedesktop.login1	/org/freedesktop/login1	org.freedesktop.login1.Manager	SetRebootToFirmwareSetup	b
org.freedesktop.login1	/org/freedesktop/login1	org.freedesktop.login1.Manager	SetUserLinger	ubb
org.freedesktop.login1	/org/freedesktop/login1	org.freedesktop.login1.Manager	SetWallMessage	sb
org.freedesktop.login1	/org/freedesktop/login1	org.freedesktop.login1.Manager	TerminateSeat	s
org.freedesktop.login1	/org/freedesktop/login1	org.freedesktop.login1.Manager	TerminateSession	s
org.freedesktop.login1	/org/freedesktop/login1	org.freedesktop.login1.Manager	TerminateUser	u
org.freedesktop.login1	/org/freedesktop/login1	org.freedesktop.login1.Manager	UnlockSession	s
org.freedesktop.login1	/org/freedesktop/login1	org.freedesktop.login1.Manager	UnlockSessions	
org.freedesktop.login1	/org/freedesktop/login1/seat/seat0	org.freedesktop.login1.Seat	ActivateSession	s
org.freedesktop.login1	/org/freedesktop/login1/seat/seat0	org.freedesktop.login1.Seat	Terminate	
org.freedesktop.resolve1	/org/freedesktop/resolve1	org.freedesktop.resolve1.Manager	FlushCaches	
org.freedesktop.resolve1	/org/freedesktop/resolve1	org.freedesktop.resolve1.Manager	RegisterService	sssqqqaa{say}
org.freedesktop.resolve1	/org/freedesktop/resolve1	org.freedesktop.resolve1.Manager	ResetServerFeatures	
org.freedesktop.resolve1	/org/freedesktop/resolve1	org.freedesktop.resolve1.Manager	ResetStatistics	
org.freedesktop.resolve1	/org/freedesktop/resolve1	org.freedesktop.resolve1.Manager	ResolveAddress	iiayt
org.freedesktop.resolve1	/org/freedesktop/resolve1	org.freedesktop.resolve1.Manager	SetLinkDNS	ia(iay)
org.freedesktop.resolve1	/org/freedesktop/resolve1	org.freedesktop.resolve1.Manager	SetLinkDNSEx	ia(iayqs)
org.freedesktop.resolve1	/org/freedesktop/resolve1	org.freedesktop.resolve1.Manager	SetLinkDNSOverTLS	is
org.freedesktop.resolve1	/org/freedesktop/resolve1	org.freedesktop.resolve1.Manager	SetLinkDNSSEC	is
org.freedesktop.resolve1	/org/freedesktop/resolve1	org.freedesktop.resolve1.Manager	SetLinkDNSSECNegativeTrustAnchors	ias
org.freedesktop.resolve1	/org/freedesktop/resolve1	org.freedesktop.resolve1.Manager	SetLinkDefaultRoute	ib
org.freedesktop.resolve1	/org/freedesktop/resolve1	org.freedesktop.resolve1.Manager	SetLinkDomains	ia(sb)
org.freedesktop.resolve1	/org/freedesktop/resolve1	org.freedesktop.resolve1.Manager	SetLinkLLMNR	is
org.freedesktop.resolve1	/org/freedesktop/resolve1	org.freedesktop.resolve1.Manager	SetLinkMulticastDNS	is
org.freedesktop.resolve1	/org/freedesktop/resolve1	org.freedesktop.resolve1.Manager	UnregisterService	o
org.freedesktop.resolve1	/org/freedesktop/resolve1/link/_31	org.freedesktop.resolve1.Link	SetDNS	a(iay)
org.freedesktop.resolve1	/org/freedesktop/resolve1/link/_31	org.freedesktop.resolve1.Link	SetDNSEx	a(iayqs)
org.freedesktop.resolve1	/org/freedesktop/resolve1/link/_31	org.freedesktop.resolve1.Link	SetDNSOverTLS	s
org.freedesktop.resolve1	/org/freedesktop/resolve1/link/_31	org.freedesktop.resolve1.Link	SetDNSSEC	s
org.freedesktop.resolve1	/org/freedesktop/resolve1/link/_31	org.freedesktop.resolve1.Link	SetDNSSECNegativeTrustAnchors	as
org.freedesktop.resolve1	/org/freedesktop/resolve1/link/_31	org.freedesktop.resolve1.Link	SetDefaultRoute	b
org.freedesktop.resolve1	/org/freedesktop/resolve1/link/_31	org.freedesktop.resolve1.Link	SetDomains	a(sb)
org.freedesktop.resolve1	/org/freedesktop/resolve1/link/_31	org.freedesktop.resolve1.Link	SetLLMNR	s
org.freedesktop.resolve1	/org/freedesktop/resolve1/link/_31	org.freedesktop.resolve1.Link	SetMulticastDNS	s
org.freedesktop.resolve1	/org/freedesktop/resolve1/link/_310	org.freedesktop.resolve1.Link	SetDNS	a(iay)
org.freedesktop.resolve1	/org/freedesktop/resolve1/link/_310	org.freedesktop.resolve1.Link	SetDNSEx	a(iayqs)
org.freedesktop.resolve1	/org/freedesktop/resolve1/link/_310	org.freedesktop.resolve1.Link	SetDNSOverTLS	s
org.freedesktop.resolve1	/org/freedesktop/resolve1/link/_310	org.freedesktop.resolve1.Link	SetDNSSEC	s
org.freedesktop.resolve1	/org/freedesktop/resolve1/link/_310	org.freedesktop.resolve1.Link	SetDNSSECNegativeTrustAnchors	as
org.freedesktop.resolve1	/org/freedesktop/resolve1/link/_310	org.freedesktop.resolve1.Link	SetDefaultRoute	b
org.freedesktop.resolve1	/org/freedesktop/resolve1/link/_310	org.freedesktop.resolve1.Link	SetDomains	a(sb)
org.freedesktop.resolve1	/org/freedesktop/resolve1/link/_310	org.freedesktop.resolve1.Link	SetLLMNR	s
org.freedesktop.resolve1	/org/freedesktop/resolve1/link/_310	org.freedesktop.resolve1.Link	SetMulticastDNS	s
org.freedesktop.resolve1	/org/freedesktop/resolve1/link/_311	org.freedesktop.resolve1.Link	SetDNS	a(iay)
org.freedesktop.resolve1	/org/freedesktop/resolve1/link/_311	org.freedesktop.resolve1.Link	SetDNSEx	a(iayqs)
org.freedesktop.resolve1	/org/freedesktop/resolve1/link/_311	org.freedesktop.resolve1.Link	SetDNSOverTLS	s
org.freedesktop.resolve1	/org/freedesktop/resolve1/link/_311	org.freedesktop.resolve1.Link	SetDNSSEC	s
org.freedesktop.resolve1	/org/freedesktop/resolve1/link/_311	org.freedesktop.resolve1.Link	SetDNSSECNegativeTrustAnchors	as
org.freedesktop.resolve1	/org/freedesktop/resolve1/link/_311	org.freedesktop.resolve1.Link	SetDefaultRoute	b
org.freedesktop.resolve1	/org/freedesktop/resolve1/link/_311	org.freedesktop.resolve1.Link	SetDomains	a(sb)
org.freedesktop.resolve1	/org/freedesktop/resolve1/link/_311	org.freedesktop.resolve1.Link	SetLLMNR	s
org.freedesktop.resolve1	/org/freedesktop/resolve1/link/_311	org.freedesktop.resolve1.Link	SetMulticastDNS	s
org.freedesktop.resolve1	/org/freedesktop/resolve1/link/_32	org.freedesktop.resolve1.Link	SetDNS	a(iay)
org.freedesktop.resolve1	/org/freedesktop/resolve1/link/_32	org.freedesktop.resolve1.Link	SetDNSEx	a(iayqs)
org.freedesktop.resolve1	/org/freedesktop/resolve1/link/_32	org.freedesktop.resolve1.Link	SetDNSOverTLS	s
org.freedesktop.resolve1	/org/freedesktop/resolve1/link/_32	org.freedesktop.resolve1.Link	SetDNSSEC	s
org.freedesktop.resolve1	/org/freedesktop/resolve1/link/_32	org.freedesktop.resolve1.Link	SetDNSSECNegativeTrustAnchors	as
org.freedesktop.resolve1	/org/freedesktop/resolve1/link/_32	org.freedesktop.resolve1.Link	SetDefaultRoute	b
org.freedesktop.resolve1	/org/freedesktop/resolve1/link/_32	org.freedesktop.resolve1.Link	SetDomains	a(sb)
org.freedesktop.resolve1	/org/freedesktop/resolve1/link/_32	org.freedesktop.resolve1.Link	SetLLMNR	s
org.freedesktop.resolve1	/org/freedesktop/resolve1/link/_32	org.freedesktop.resolve1.Link	SetMulticastDNS	s
org.freedesktop.resolve1	/org/freedesktop/resolve1/link/_33	org.freedesktop.resolve1.Link	SetDNS	a(iay)
org.freedesktop.resolve1	/org/freedesktop/resolve1/link/_33	org.freedesktop.resolve1.Link	SetDNSEx	a(iayqs)
org.freedesktop.resolve1	/org/freedesktop/resolve1/link/_33	org.freedesktop.resolve1.Link	SetDNSOverTLS	s
org.freedesktop.resolve1	/org/freedesktop/resolve1/link/_33	org.freedesktop.resolve1.Link	SetDNSSEC	s
org.freedesktop.resolve1	/org/freedesktop/resolve1/link/_33	org.freedesktop.resolve1.Link	SetDNSSECNegativeTrustAnchors	as
org.freedesktop.resolve1	/org/freedesktop/resolve1/link/_33	org.freedesktop.resolve1.Link	SetDefaultRoute	b
org.freedesktop.resolve1	/org/freedesktop/resolve1/link/_33	org.freedesktop.resolve1.Link	SetDomains	a(sb)
org.freedesktop.resolve1	/org/freedesktop/resolve1/link/_33	org.freedesktop.resolve1.Link	SetLLMNR	s
org.freedesktop.resolve1	/org/freedesktop/resolve1/link/_33	org.freedesktop.resolve1.Link	SetMulticastDNS	s
org.freedesktop.resolve1	/org/freedesktop/resolve1/link/_34	org.freedesktop.resolve1.Link	SetDNS	a(iay)
org.freedesktop.resolve1	/org/freedesktop/resolve1/link/_34	org.freedesktop.resolve1.Link	SetDNSEx	a(iayqs)
org.freedesktop.resolve1	/org/freedesktop/resolve1/link/_34	org.freedesktop.resolve1.Link	SetDNSOverTLS	s
org.freedesktop.resolve1	/org/freedesktop/resolve1/link/_34	org.freedesktop.resolve1.Link	SetDNSSEC	s
org.freedesktop.resolve1	/org/freedesktop/resolve1/link/_34	org.freedesktop.resolve1.Link	SetDNSSECNegativeTrustAnchors	as
org.freedesktop.resolve1	/org/freedesktop/resolve1/link/_34	org.freedesktop.resolve1.Link	SetDefaultRoute	b
org.freedesktop.resolve1	/org/freedesktop/resolve1/link/_34	org.freedesktop.resolve1.Link	SetDomains	a(sb)
org.freedesktop.resolve1	/org/freedesktop/resolve1/link/_34	org.freedesktop.resolve1.Link	SetLLMNR	s
org.freedesktop.resolve1	/org/freedesktop/resolve1/link/_34	org.freedesktop.resolve1.Link	SetMulticastDNS	s
org.freedesktop.resolve1	/org/freedesktop/resolve1/link/_35	org.freedesktop.resolve1.Link	SetDNS	a(iay)
org.freedesktop.resolve1	/org/freedesktop/resolve1/link/_35	org.freedesktop.resolve1.Link	SetDNSEx	a(iayqs)
org.freedesktop.resolve1	/org/freedesktop/resolve1/link/_35	org.freedesktop.resolve1.Link	SetDNSOverTLS	s
org.freedesktop.resolve1	/org/freedesktop/resolve1/link/_35	org.freedesktop.resolve1.Link	SetDNSSEC	s
org.freedesktop.resolve1	/org/freedesktop/resolve1/link/_35	org.freedesktop.resolve1.Link	SetDNSSECNegativeTrustAnchors	as
org.freedesktop.resolve1	/org/freedesktop/resolve1/link/_35	org.freedesktop.resolve1.Link	SetDefaultRoute	b
org.freedesktop.resolve1	/org/freedesktop/resolve1/link/_35	org.freedesktop.resolve1.Link	SetDomains	a(sb)
org.freedesktop.resolve1	/org/freedesktop/resolve1/link/_35	org.freedesktop.resolve1.Link	SetLLMNR	s
org.freedesktop.resolve1	/org/freedesktop/resolve1/link/_35	org.freedesktop.resolve1.Link	SetMulticastDNS	s
org.freedesktop.resolve1	/org/freedesktop/resolve1/link/_36	org.freedesktop.resolve1.Link	SetDNS	a(iay)
org.freedesktop.resolve1	/org/freedesktop/resolve1/link/_36	org.freedesktop.resolve1.Link	SetDNSEx	a(iayqs)
org.freedesktop.resolve1	/org/freedesktop/resolve1/link/_36	org.freedesktop.resolve1.Link	SetDNSOverTLS	s
org.freedesktop.resolve1	/org/freedesktop/resolve1/link/_36	org.freedesktop.resolve1.Link	SetDNSSEC	s
org.freedesktop.resolve1	/org/freedesktop/resolve1/link/_36	org.freedesktop.resolve1.Link	SetDNSSECNegativeTrustAnchors	as
org.freedesktop.resolve1	/org/freedesktop/resolve1/link/_36	org.freedesktop.resolve1.Link	SetDefaultRoute	b
org.freedesktop.resolve1	/org/freedesktop/resolve1/link/_36	org.freedesktop.resolve1.Link	SetDomains	a(sb)
org.freedesktop.resolve1	/org/freedesktop/resolve1/link/_36	org.freedesktop.resolve1.Link	SetLLMNR	s
org.freedesktop.resolve1	/org/freedesktop/resolve1/link/_36	org.freedesktop.resolve1.Link	SetMulticastDNS	s
org.freedesktop.resolve1	/org/freedesktop/resolve1/link/_37	org.freedesktop.resolve1.Link	SetDNS	a(iay)
org.freedesktop.resolve1	/org/freedesktop/resolve1/link/_37	org.freedesktop.resolve1.Link	SetDNSEx	a(iayqs)
org.freedesktop.resolve1	/org/freedesktop/resolve1/link/_37	org.freedesktop.resolve1.Link	SetDNSOverTLS	s
org.freedesktop.resolve1	/org/freedesktop/resolve1/link/_37	org.freedesktop.resolve1.Link	SetDNSSEC	s
org.freedesktop.resolve1	/org/freedesktop/resolve1/link/_37	org.freedesktop.resolve1.Link	SetDNSSECNegativeTrustAnchors	as
org.freedesktop.resolve1	/org/freedesktop/resolve1/link/_37	org.freedesktop.resolve1.Link	SetDefaultRoute	b
org.freedesktop.resolve1	/org/freedesktop/resolve1/link/_37	org.freedesktop.resolve1.Link	SetDomains	a(sb)
org.freedesktop.resolve1	/org/freedesktop/resolve1/link/_37	org.freedesktop.resolve1.Link	SetLLMNR	s
org.freedesktop.resolve1	/org/freedesktop/resolve1/link/_37	org.freedesktop.resolve1.Link	SetMulticastDNS	s
org.freedesktop.resolve1	/org/freedesktop/resolve1/link/_38	org.freedesktop.resolve1.Link	SetDNS	a(iay)
org.freedesktop.resolve1	/org/freedesktop/resolve1/link/_38	org.freedesktop.resolve1.Link	SetDNSEx	a(iayqs)
org.freedesktop.resolve1	/org/freedesktop/resolve1/link/_38	org.freedesktop.resolve1.Link	SetDNSOverTLS	s
org.freedesktop.resolve1	/org/freedesktop/resolve1/link/_38	org.freedesktop.resolve1.Link	SetDNSSEC	s
org.freedesktop.resolve1	/org/freedesktop/resolve1/link/_38	org.freedesktop.resolve1.Link	SetDNSSECNegativeTrustAnchors	as
org.freedesktop.resolve1	/org/freedesktop/resolve1/link/_38	org.freedesktop.resolve1.Link	SetDefaultRoute	b
org.freedesktop.resolve1	/org/freedesktop/resolve1/link/_38	org.freedesktop.resolve1.Link	SetDomains	a(sb)
org.freedesktop.resolve1	/org/freedesktop/resolve1/link/_38	org.freedesktop.resolve1.Link	SetLLMNR	s
org.freedesktop.resolve1	/org/freedesktop/resolve1/link/_38	org.freedesktop.resolve1.Link	SetMulticastDNS	s
org.freedesktop.resolve1	/org/freedesktop/resolve1/link/_39	org.freedesktop.resolve1.Link	SetDNS	a(iay)
org.freedesktop.resolve1	/org/freedesktop/resolve1/link/_39	org.freedesktop.resolve1.Link	SetDNSEx	a(iayqs)
org.freedesktop.resolve1	/org/freedesktop/resolve1/link/_39	org.freedesktop.resolve1.Link	SetDNSOverTLS	s
org.freedesktop.resolve1	/org/freedesktop/resolve1/link/_39	org.freedesktop.resolve1.Link	SetDNSSEC	s
org.freedesktop.resolve1	/org/freedesktop/resolve1/link/_39	org.freedesktop.resolve1.Link	SetDNSSECNegativeTrustAnchors	as
org.freedesktop.resolve1	/org/freedesktop/resolve1/link/_39	org.freedesktop.resolve1.Link	SetDefaultRoute	b
org.freedesktop.resolve1	/org/freedesktop/resolve1/link/_39	org.freedesktop.resolve1.Link	SetDomains	a(sb)
org.freedesktop.resolve1	/org/freedesktop/resolve1/link/_39	org.freedesktop.resolve1.Link	SetLLMNR	s
org.freedesktop.resolve1	/org/freedesktop/resolve1/link/_39	org.freedesktop.resolve1.Link	SetMulticastDNS	s
org.freedesktop.systemd1	/org/freedesktop/systemd1	org.freedesktop.systemd1.Manager	AddDependencyUnitFiles	asssbb
org.freedesktop.systemd1	/org/freedesktop/systemd1	org.freedesktop.systemd1.Manager	AttachProcessesToUnit	ssau
org.freedesktop.systemd1	/org/freedesktop/systemd1	org.freedesktop.systemd1.Manager	BindMountUnit	sssbb
org.freedesktop.systemd1	/org/freedesktop/systemd1	org.freedesktop.systemd1.Manager	CancelJob	u
org.freedesktop.systemd1	/org/freedesktop/systemd1	org.freedesktop.systemd1.Manager	DisableUnitFiles	asb
org.freedesktop.systemd1	/org/freedesktop/systemd1	org.freedesktop.systemd1.Manager	DisableUnitFilesWithFlags	ast
org.freedesktop.systemd1	/org/freedesktop/systemd1	org.freedesktop.systemd1.Manager	DisableUnitFilesWithFlagsAndInstallInfo	ast
org.freedesktop.systemd1	/org/freedesktop/systemd1	org.freedesktop.systemd1.Manager	EnableUnitFiles	asbb
org.freedesktop.systemd1	/org/freedesktop/systemd1	org.freedesktop.systemd1.Manager	EnableUnitFilesWithFlags	ast
org.freedesktop.systemd1	/org/freedesktop/systemd1	org.freedesktop.systemd1.Manager	KillUnit	ssi
org.freedesktop.systemd1	/org/freedesktop/systemd1	org.freedesktop.systemd1.Manager	MountImageUnit	sssbba(ss)
org.freedesktop.systemd1	/org/freedesktop/systemd1	org.freedesktop.systemd1.Manager	PowerOff	
org.freedesktop.systemd1	/org/freedesktop/systemd1	org.freedesktop.systemd1.Manager	Reboot	
org.freedesktop.systemd1	/org/freedesktop/systemd1	org.freedesktop.systemd1.Manager	Reload	
org.freedesktop.systemd1	/org/freedesktop/systemd1	org.freedesktop.systemd1.Manager	ReloadOrRestartUnit	ss
org.freedesktop.systemd1	/org/freedesktop/systemd1	org.freedesktop.systemd1.Manager	ReloadOrTryRestartUnit	ss
org.freedesktop.systemd1	/org/freedesktop/systemd1	org.freedesktop.systemd1.Manager	ReloadUnit	ss
org.freedesktop.systemd1	/org/freedesktop/systemd1	org.freedesktop.systemd1.Manager	ResetFailed	
org.freedesktop.systemd1	/org/freedesktop/systemd1	org.freedesktop.systemd1.Manager	ResetFailedUnit	s
org.freedesktop.systemd1	/org/freedesktop/systemd1	org.freedesktop.systemd1.Manager	RestartUnit	ss
org.freedesktop.systemd1	/org/freedesktop/systemd1	org.freedesktop.systemd1.Manager	SetDefaultTarget	sb
org.freedesktop.systemd1	/org/freedesktop/systemd1	org.freedesktop.systemd1.Manager	SetEnvironment	as
org.freedesktop.systemd1	/org/freedesktop/systemd1	org.freedesktop.systemd1.Manager	SetExitCode	y
org.freedesktop.systemd1	/org/freedesktop/systemd1	org.freedesktop.systemd1.Manager	SetShowStatus	s
org.freedesktop.systemd1	/org/freedesktop/systemd1	org.freedesktop.systemd1.Manager	SetUnitProperties	sba(sv)
org.freedesktop.systemd1	/org/freedesktop/systemd1	org.freedesktop.systemd1.Manager	SoftReboot	s
org.freedesktop.systemd1	/org/freedesktop/systemd1	org.freedesktop.systemd1.Manager	StartTransientUnit	ssa(sv)a(sa(sv))
org.freedesktop.systemd1	/org/freedesktop/systemd1	org.freedesktop.systemd1.Manager	StartUnit	ss
org.freedesktop.systemd1	/org/freedesktop/systemd1	org.freedesktop.systemd1.Manager	StartUnitReplace	sss
org.freedesktop.systemd1	/org/freedesktop/systemd1	org.freedesktop.systemd1.Manager	StartUnitWithFlags	sst
org.freedesktop.systemd1	/org/freedesktop/systemd1	org.freedesktop.systemd1.Manager	StopUnit	ss
org.freedesktop.systemd1	/org/freedesktop/systemd1	org.freedesktop.systemd1.Manager	TryRestartUnit	ss
org.freedesktop.systemd1	/org/freedesktop/systemd1	org.freedesktop.systemd1.Manager	UnsetAndSetEnvironment	asas
org.freedesktop.systemd1	/org/freedesktop/systemd1/unit/ModemManager_2eservice	org.freedesktop.systemd1.Service	AttachProcesses	sau
org.freedesktop.systemd1	/org/freedesktop/systemd1/unit/ModemManager_2eservice	org.freedesktop.systemd1.Service	BindMount	ssbb
org.freedesktop.systemd1	/org/freedesktop/systemd1/unit/ModemManager_2eservice	org.freedesktop.systemd1.Service	MountImage	ssbba(ss)
org.freedesktop.systemd1	/org/freedesktop/systemd1/unit/ModemManager_2eservice	org.freedesktop.systemd1.Unit	Kill	si
org.freedesktop.systemd1	/org/freedesktop/systemd1/unit/ModemManager_2eservice	org.freedesktop.systemd1.Unit	Reload	s
org.freedesktop.systemd1	/org/freedesktop/systemd1/unit/ModemManager_2eservice	org.freedesktop.systemd1.Unit	ReloadOrRestart	s
org.freedesktop.systemd1	/org/freedesktop/systemd1/unit/ModemManager_2eservice	org.freedesktop.systemd1.Unit	ReloadOrTryRestart	s
org.freedesktop.systemd1	/org/freedesktop/systemd1/unit/ModemManager_2eservice	org.freedesktop.systemd1.Unit	ResetFailed	
org.freedesktop.systemd1	/org/freedesktop/systemd1/unit/ModemManager_2eservice	org.freedesktop.systemd1.Unit	Restart	s
org.freedesktop.systemd1	/org/freedesktop/systemd1/unit/ModemManager_2eservice	org.freedesktop.systemd1.Unit	SetProperties	ba(sv)
org.freedesktop.systemd1	/org/freedesktop/systemd1/unit/ModemManager_2eservice	org.freedesktop.systemd1.Unit	Start	s
org.freedesktop.systemd1	/org/freedesktop/systemd1/unit/ModemManager_2eservice	org.freedesktop.systemd1.Unit	Stop	s
org.freedesktop.systemd1	/org/freedesktop/systemd1/unit/ModemManager_2eservice	org.freedesktop.systemd1.Unit	TryRestart	s
org.freedesktop.systemd1	/org/freedesktop/systemd1/unit/NetworkManager_2eservice	org.freedesktop.systemd1.Service	AttachProcesses	sau
org.freedesktop.systemd1	/org/freedesktop/systemd1/unit/NetworkManager_2eservice	org.freedesktop.systemd1.Service	BindMount	ssbb
org.freedesktop.systemd1	/org/freedesktop/systemd1/unit/NetworkManager_2eservice	org.freedesktop.systemd1.Service	MountImage	ssbba(ss)
org.freedesktop.systemd1	/org/freedesktop/systemd1/unit/NetworkManager_2eservice	org.freedesktop.systemd1.Unit	Kill	si
org.freedesktop.systemd1	/org/freedesktop/systemd1/unit/NetworkManager_2eservice	org.freedesktop.systemd1.Unit	Reload	s
org.freedesktop.systemd1	/org/freedesktop/systemd1/unit/NetworkManager_2eservice	org.freedesktop.systemd1.Unit	ReloadOrRestart	s
org.freedesktop.systemd1	/org/freedesktop/systemd1/unit/NetworkManager_2eservice	org.freedesktop.systemd1.Unit	ReloadOrTryRestart	s
org.freedesktop.systemd1	/org/freedesktop/systemd1/unit/NetworkManager_2eservice	org.freedesktop.systemd1.Unit	ResetFailed	
org.freedesktop.systemd1	/org/freedesktop/systemd1/unit/NetworkManager_2eservice	org.freedesktop.systemd1.Unit	Restart	s
org.freedesktop.systemd1	/org/freedesktop/systemd1/unit/NetworkManager_2eservice	org.freedesktop.systemd1.Unit	SetProperties	ba(sv)
org.freedesktop.systemd1	/org/freedesktop/systemd1/unit/NetworkManager_2eservice	org.freedesktop.systemd1.Unit	Start	s
org.freedesktop.systemd1	/org/freedesktop/systemd1/unit/NetworkManager_2eservice	org.freedesktop.systemd1.Unit	Stop	s
org.freedesktop.systemd1	/org/freedesktop/systemd1/unit/NetworkManager_2eservice	org.freedesktop.systemd1.Unit	TryRestart	s
org.freedesktop.systemd1	/org/freedesktop/systemd1/unit/_2d_2emount	org.freedesktop.systemd1.Mount	AttachProcesses	sau
org.freedesktop.systemd1	/org/freedesktop/systemd1/unit/_2d_2emount	org.freedesktop.systemd1.Unit	Kill	si
org.freedesktop.systemd1	/org/freedesktop/systemd1/unit/_2d_2emount	org.freedesktop.systemd1.Unit	Reload	s
org.freedesktop.systemd1	/org/freedesktop/systemd1/unit/_2d_2emount	org.freedesktop.systemd1.Unit	ReloadOrRestart	s
org.freedesktop.systemd1	/org/freedesktop/systemd1/unit/_2d_2emount	org.freedesktop.systemd1.Unit	ReloadOrTryRestart	s
org.freedesktop.systemd1	/org/freedesktop/systemd1/unit/_2d_2emount	org.freedesktop.systemd1.Unit	ResetFailed	
org.freedesktop.systemd1	/org/freedesktop/systemd1/unit/_2d_2emount	org.freedesktop.systemd1.Unit	Restart	s
org.freedesktop.systemd1	/org/freedesktop/systemd1/unit/_2d_2emount	org.freedesktop.systemd1.Unit	SetProperties	ba(sv)
org.freedesktop.systemd1	/org/freedesktop/systemd1/unit/_2d_2emount	org.freedesktop.systemd1.Unit	Start	s
org.freedesktop.systemd1	/org/freedesktop/systemd1/unit/_2d_2emount	org.freedesktop.systemd1.Unit	Stop	s
org.freedesktop.systemd1	/org/freedesktop/systemd1/unit/_2d_2emount	org.freedesktop.systemd1.Unit	TryRestart	s
org.freedesktop.systemd1	/org/freedesktop/systemd1/unit/_2d_2eslice	org.freedesktop.systemd1.Slice	AttachProcesses	sau
org.freedesktop.systemd1	/org/freedesktop/systemd1/unit/_2d_2eslice	org.freedesktop.systemd1.Unit	Kill	si
org.freedesktop.systemd1	/org/freedesktop/systemd1/unit/_2d_2eslice	org.freedesktop.systemd1.Unit	Reload	s
org.freedesktop.systemd1	/org/freedesktop/systemd1/unit/_2d_2eslice	org.freedesktop.systemd1.Unit	ReloadOrRestart	s
org.freedesktop.systemd1	/org/freedesktop/systemd1/unit/_2d_2eslice	org.freedesktop.systemd1.Unit	ReloadOrTryRestart	s
org.freedesktop.systemd1	/org/freedesktop/systemd1/unit/_2d_2eslice	org.freedesktop.systemd1.Unit	ResetFailed	
org.freedesktop.systemd1	/org/freedesktop/systemd1/unit/_2d_2eslice	org.freedesktop.systemd1.Unit	Restart	s
org.freedesktop.systemd1	/org/freedesktop/systemd1/unit/_2d_2eslice	org.freedesktop.systemd1.Unit	SetProperties	ba(sv)
org.freedesktop.systemd1	/org/freedesktop/systemd1/unit/_2d_2eslice	org.freedesktop.systemd1.Unit	Start	s
org.freedesktop.systemd1	/org/freedesktop/systemd1/unit/_2d_2eslice	org.freedesktop.systemd1.Unit	Stop	s
org.freedesktop.systemd1	/org/freedesktop/systemd1/unit/_2d_2eslice	org.freedesktop.systemd1.Unit	TryRestart	s
org.freedesktop.systemd1	/org/freedesktop/systemd1/unit/apparmor_2eservice	org.freedesktop.systemd1.Service	AttachProcesses	sau
org.freedesktop.systemd1	/org/freedesktop/systemd1/unit/apparmor_2eservice	org.freedesktop.systemd1.Service	BindMount	ssbb
org.freedesktop.systemd1	/org/freedesktop/systemd1/unit/apparmor_2eservice	org.freedesktop.systemd1.Service	MountImage	ssbba(ss)
org.freedesktop.systemd1	/org/freedesktop/systemd1/unit/apparmor_2eservice	org.freedesktop.systemd1.Unit	Kill	si
org.freedesktop.systemd1	/org/freedesktop/systemd1/unit/apparmor_2eservice	org.freedesktop.systemd1.Unit	Reload	s
org.freedesktop.systemd1	/org/freedesktop/systemd1/unit/apparmor_2eservice	org.freedesktop.systemd1.Unit	ReloadOrRestart	s
org.freedesktop.systemd1	/org/freedesktop/systemd1/unit/apparmor_2eservice	org.freedesktop.systemd1.Unit	ReloadOrTryRestart	s
org.freedesktop.systemd1	/org/freedesktop/systemd1/unit/apparmor_2eservice	org.freedesktop.systemd1.Unit	ResetFailed	
org.freedesktop.systemd1	/org/freedesktop/systemd1/unit/apparmor_2eservice	org.freedesktop.systemd1.Unit	Restart	s
org.freedesktop.systemd1	/org/freedesktop/systemd1/unit/apparmor_2eservice	org.freedesktop.systemd1.Unit	SetProperties	ba(sv)
org.freedesktop.systemd1	/org/freedesktop/systemd1/unit/apparmor_2eservice	org.freedesktop.systemd1.Unit	Start	s
org.freedesktop.systemd1	/org/freedesktop/systemd1/unit/apparmor_2eservice	org.freedesktop.systemd1.Unit	Stop	s
org.freedesktop.systemd1	/org/freedesktop/systemd1/unit/apparmor_2eservice	org.freedesktop.systemd1.Unit	TryRestart	s
org.freedesktop.systemd1	/org/freedesktop/systemd1/unit/apport_2dautoreport_2epath	org.freedesktop.systemd1.Unit	Kill	si
org.freedesktop.systemd1	/org/freedesktop/systemd1/unit/apport_2dautoreport_2epath	org.freedesktop.systemd1.Unit	Reload	s
org.freedesktop.systemd1	/org/freedesktop/systemd1/unit/apport_2dautoreport_2epath	org.freedesktop.systemd1.Unit	ReloadOrRestart	s
org.freedesktop.systemd1	/org/freedesktop/systemd1/unit/apport_2dautoreport_2epath	org.freedesktop.systemd1.Unit	ReloadOrTryRestart	s
org.freedesktop.systemd1	/org/freedesktop/systemd1/unit/apport_2dautoreport_2epath	org.freedesktop.systemd1.Unit	ResetFailed	
org.freedesktop.systemd1	/org/freedesktop/systemd1/unit/apport_2dautoreport_2epath	org.freedesktop.systemd1.Unit	Restart	s
org.freedesktop.systemd1	/org/freedesktop/systemd1/unit/apport_2dautoreport_2epath	org.freedesktop.systemd1.Unit	SetProperties	ba(sv)
org.freedesktop.systemd1	/org/freedesktop/systemd1/unit/apport_2dautoreport_2epath	org.freedesktop.systemd1.Unit	Start	s
org.freedesktop.systemd1	/org/freedesktop/systemd1/unit/apport_2dautoreport_2epath	org.freedesktop.systemd1.Unit	Stop	s
org.freedesktop.systemd1	/org/freedesktop/systemd1/unit/apport_2dautoreport_2epath	org.freedesktop.systemd1.Unit	TryRestart	s
org.freedesktop.systemd1	/org/freedesktop/systemd1/unit/apport_2dautoreport_2eservice	org.freedesktop.systemd1.Service	AttachProcesses	sau
org.freedesktop.systemd1	/org/freedesktop/systemd1/unit/apport_2dautoreport_2eservice	org.freedesktop.systemd1.Service	BindMount	ssbb
org.freedesktop.systemd1	/org/freedesktop/systemd1/unit/apport_2dautoreport_2eservice	org.freedesktop.systemd1.Service	MountImage	ssbba(ss)
org.freedesktop.systemd1	/org/freedesktop/systemd1/unit/apport_2dautoreport_2eservice	org.freedesktop.systemd1.Unit	Kill	si
org.freedesktop.systemd1	/org/freedesktop/systemd1/unit/apport_2dautoreport_2eservice	org.freedesktop.systemd1.Unit	Reload	s
org.freedesktop.systemd1	/org/freedesktop/systemd1/unit/apport_2dautoreport_2eservice	org.freedesktop.systemd1.Unit	ReloadOrRestart	s
org.freedesktop.systemd1	/org/freedesktop/systemd1/unit/apport_2dautoreport_2eservice	org.freedesktop.systemd1.Unit	ReloadOrTryRestart	s
org.freedesktop.systemd1	/org/freedesktop/systemd1/unit/apport_2dautoreport_2eservice	org.freedesktop.systemd1.Unit	ResetFailed	
org.freedesktop.systemd1	/org/freedesktop/systemd1/unit/apport_2dautoreport_2eservice	org.freedesktop.systemd1.Unit	Restart	s
org.freedesktop.systemd1	/org/freedesktop/systemd1/unit/apport_2dautoreport_2eservice	org.freedesktop.systemd1.Unit	SetProperties	ba(sv)
org.freedesktop.systemd1	/org/freedesktop/systemd1/unit/apport_2dautoreport_2eservice	org.freedesktop.systemd1.Unit	Start	s
org.freedesktop.systemd1	/org/freedesktop/systemd1/unit/apport_2dautoreport_2eservice	org.freedesktop.systemd1.Unit	Stop	s
org.freedesktop.systemd1	/org/freedesktop/systemd1/unit/apport_2dautoreport_2eservice	org.freedesktop.systemd1.Unit	TryRestart	s
org.freedesktop.systemd1	/org/freedesktop/systemd1/unit/apport_2dautoreport_2etimer	org.freedesktop.systemd1.Unit	Kill	si
org.freedesktop.systemd1	/org/freedesktop/systemd1/unit/apport_2dautoreport_2etimer	org.freedesktop.systemd1.Unit	Reload	s
org.freedesktop.systemd1	/org/freedesktop/systemd1/unit/apport_2dautoreport_2etimer	org.freedesktop.systemd1.Unit	ReloadOrRestart	s
org.freedesktop.systemd1	/org/freedesktop/systemd1/unit/apport_2dautoreport_2etimer	org.freedesktop.systemd1.Unit	ReloadOrTryRestart	s
org.freedesktop.systemd1	/org/freedesktop/systemd1/unit/apport_2dautoreport_2etimer	org.freedesktop.systemd1.Unit	ResetFailed	
org.freedesktop.systemd1	/org/freedesktop/systemd1/unit/apport_2dautoreport_2etimer	org.freedesktop.systemd1.Unit	Restart	s
org.freedesktop.systemd1	/org/freedesktop/systemd1/unit/apport_2dautoreport_2etimer	org.freedesktop.systemd1.Unit	SetProperties	ba(sv)
org.freedesktop.systemd1	/org/freedesktop/systemd1/unit/apport_2dautoreport_2etimer	org.freedesktop.systemd1.Unit	Start	s
org.freedesktop.systemd1	/org/freedesktop/systemd1/unit/apport_2dautoreport_2etimer	org.freedesktop.systemd1.Unit	Stop	s
org.freedesktop.systemd1	/org/freedesktop/systemd1/unit/apport_2dautoreport_2etimer	org.freedesktop.systemd1.Unit	TryRestart	s
org.freedesktop.systemd1	/org/freedesktop/systemd1/unit/apport_2dforward_2esocket	org.freedesktop.systemd1.Socket	AttachProcesses	sau
org.freedesktop.systemd1	/org/freedesktop/systemd1/unit/apport_2dforward_2esocket	org.freedesktop.systemd1.Unit	Kill	si
org.freedesktop.systemd1	/org/freedesktop/systemd1/unit/apport_2dforward_2esocket	org.freedesktop.systemd1.Unit	Reload	s
org.freedesktop.systemd1	/org/freedesktop/systemd1/unit/apport_2dforward_2esocket	org.freedesktop.systemd1.Unit	ReloadOrRestart	s
org.freedesktop.systemd1	/org/freedesktop/systemd1/unit/apport_2dforward_2esocket	org.freedesktop.systemd1.Unit	ReloadOrTryRestart	s
org.freedesktop.systemd1	/org/freedesktop/systemd1/unit/apport_2dforward_2esocket	org.freedesktop.systemd1.Unit	ResetFailed	
org.freedesktop.systemd1	/org/freedesktop/systemd1/unit/apport_2dforward_2esocket	org.freedesktop.systemd1.Unit	Restart	s
org.freedesktop.systemd1	/org/freedesktop/systemd1/unit/apport_2dforward_2esocket	org.freedesktop.systemd1.Unit	SetProperties	ba(sv)
org.freedesktop.systemd1	/org/freedesktop/systemd1/unit/apport_2dforward_2esocket	org.freedesktop.systemd1.Unit	Start	s
org.freedesktop.systemd1	/org/freedesktop/systemd1/unit/apport_2dforward_2esocket	org.freedesktop.systemd1.Unit	Stop	s
org.freedesktop.systemd1	/org/freedesktop/systemd1/unit/apport_2dforward_2esocket	org.freedesktop.systemd1.Unit	TryRestart	s
org.freedesktop.systemd1	/org/freedesktop/systemd1/unit/apport_2eservice	org.freedesktop.systemd1.Service	AttachProcesses	sau
org.freedesktop.systemd1	/org/freedesktop/systemd1/unit/apport_2eservice	org.freedesktop.systemd1.Service	BindMount	ssbb
org.freedesktop.systemd1	/org/freedesktop/systemd1/unit/apport_2eservice	org.freedesktop.systemd1.Service	MountImage	ssbba(ss)
org.freedesktop.systemd1	/org/freedesktop/systemd1/unit/apport_2eservice	org.freedesktop.systemd1.Unit	Kill	si
org.freedesktop.systemd1	/org/freedesktop/systemd1/unit/apport_2eservice	org.freedesktop.systemd1.Unit	Reload	s
org.freedesktop.systemd1	/org/freedesktop/systemd1/unit/apport_2eservice	org.freedesktop.systemd1.Unit	ReloadOrRestart	s
org.freedesktop.systemd1	/org/freedesktop/systemd1/unit/apport_2eservice	org.freedesktop.systemd1.Unit	ReloadOrTryRestart	s
org.freedesktop.systemd1	/org/freedesktop/systemd1/unit/apport_2eservice	org.freedesktop.systemd1.Unit	ResetFailed	
org.freedesktop.systemd1	/org/freedesktop/systemd1/unit/apport_2eservice	org.freedesktop.systemd1.Unit	Restart	s
org.freedesktop.systemd1	/org/freedesktop/systemd1/unit/apport_2eservice	org.freedesktop.systemd1.Unit	SetProperties	ba(sv)
org.freedesktop.systemd1	/org/freedesktop/systemd1/unit/apport_2eservice	org.freedesktop.systemd1.Unit	Start	s
org.freedesktop.systemd1	/org/freedesktop/systemd1/unit/apport_2eservice	org.freedesktop.systemd1.Unit	Stop	s
org.freedesktop.systemd1	/org/freedesktop/systemd1/unit/apport_2eservice	org.freedesktop.systemd1.Unit	TryRestart	s
org.freedesktop.systemd1	/org/freedesktop/systemd1/unit/apt_2ddaily_2dupgrade_2eservice	org.freedesktop.systemd1.Service	AttachProcesses	sau
org.freedesktop.systemd1	/org/freedesktop/systemd1/unit/apt_2ddaily_2dupgrade_2eservice	org.freedesktop.systemd1.Service	BindMount	ssbb
org.freedesktop.systemd1	/org/freedesktop/systemd1/unit/apt_2ddaily_2dupgrade_2eservice	org.freedesktop.systemd1.Service	MountImage	ssbba(ss)
org.freedesktop.systemd1	/org/freedesktop/systemd1/unit/apt_2ddaily_2dupgrade_2eservice	org.freedesktop.systemd1.Unit	Kill	si
org.freedesktop.systemd1	/org/freedesktop/systemd1/unit/apt_2ddaily_2dupgrade_2eservice	org.freedesktop.systemd1.Unit	Reload	s
org.freedesktop.systemd1	/org/freedesktop/systemd1/unit/apt_2ddaily_2dupgrade_2eservice	org.freedesktop.systemd1.Unit	ReloadOrRestart	s
org.freedesktop.systemd1	/org/freedesktop/systemd1/unit/apt_2ddaily_2dupgrade_2eservice	org.freedesktop.systemd1.Unit	ReloadOrTryRestart	s
org.freedesktop.systemd1	/org/freedesktop/systemd1/unit/apt_2ddaily_2dupgrade_2eservice	org.freedesktop.systemd1.Unit	ResetFailed	
org.freedesktop.systemd1	/org/freedesktop/systemd1/unit/apt_2ddaily_2dupgrade_2eservice	org.freedesktop.systemd1.Unit	Restart	s
org.freedesktop.systemd1	/org/freedesktop/systemd1/unit/apt_2ddaily_2dupgrade_2eservice	org.freedesktop.systemd1.Unit	SetProperties	ba(sv)
org.freedesktop.systemd1	/org/freedesktop/systemd1/unit/apt_2ddaily_2dupgrade_2eservice	org.freedesktop.systemd1.Unit	Start	s
org.freedesktop.systemd1	/org/freedesktop/systemd1/unit/apt_2ddaily_2dupgrade_2eservice	org.freedesktop.systemd1.Unit	Stop	s
org.freedesktop.systemd1	/org/freedesktop/systemd1/unit/apt_2ddaily_2dupgrade_2eservice	org.freedesktop.systemd1.Unit	TryRestart	s
org.freedesktop.systemd1	/org/freedesktop/systemd1/unit/apt_2ddaily_2dupgrade_2etimer	org.freedesktop.systemd1.Unit	Kill	si
org.freedesktop.systemd1	/org/freedesktop/systemd1/unit/apt_2ddaily_2dupgrade_2etimer	org.freedesktop.systemd1.Unit	Reload	s
org.freedesktop.systemd1	/org/freedesktop/systemd1/unit/apt_2ddaily_2dupgrade_2etimer	org.freedesktop.systemd1.Unit	ReloadOrRestart	s
org.freedesktop.systemd1	/org/freedesktop/systemd1/unit/apt_2ddaily_2dupgrade_2etimer	org.freedesktop.systemd1.Unit	ReloadOrTryRestart	s
org.freedesktop.systemd1	/org/freedesktop/systemd1/unit/apt_2ddaily_2dupgrade_2etimer	org.freedesktop.systemd1.Unit	ResetFailed	
org.freedesktop.systemd1	/org/freedesktop/systemd1/unit/apt_2ddaily_2dupgrade_2etimer	org.freedesktop.systemd1.Unit	Restart	s
org.freedesktop.systemd1	/org/freedesktop/systemd1/unit/apt_2ddaily_2dupgrade_2etimer	org.freedesktop.systemd1.Unit	SetProperties	ba(sv)
org.freedesktop.systemd1	/org/freedesktop/systemd1/unit/apt_2ddaily_2dupgrade_2etimer	org.freedesktop.systemd1.Unit	Start	s
org.freedesktop.systemd1	/org/freedesktop/systemd1/unit/apt_2ddaily_2dupgrade_2etimer	org.freedesktop.systemd1.Unit	Stop	s
org.freedesktop.systemd1	/org/freedesktop/systemd1/unit/apt_2ddaily_2dupgrade_2etimer	org.freedesktop.systemd1.Unit	TryRestart	s
org.freedesktop.systemd1	/org/freedesktop/systemd1/unit/apt_2ddaily_2eservice	org.freedesktop.systemd1.Service	AttachProcesses	sau
org.freedesktop.systemd1	/org/freedesktop/systemd1/unit/apt_2ddaily_2eservice	org.freedesktop.systemd1.Service	BindMount	ssbb
org.freedesktop.systemd1	/org/freedesktop/systemd1/unit/apt_2ddaily_2eservice	org.freedesktop.systemd1.Service	MountImage	ssbba(ss)
org.freedesktop.systemd1	/org/freedesktop/systemd1/unit/apt_2ddaily_2eservice	org.freedesktop.systemd1.Unit	Kill	si
org.freedesktop.systemd1	/org/freedesktop/systemd1/unit/apt_2ddaily_2eservice	org.freedesktop.systemd1.Unit	Reload	s
org.freedesktop.systemd1	/org/freedesktop/systemd1/unit/apt_2ddaily_2eservice	org.freedesktop.systemd1.Unit	ReloadOrRestart	s
org.freedesktop.systemd1	/org/freedesktop/systemd1/unit/apt_2ddaily_2eservice	org.freedesktop.systemd1.Unit	ReloadOrTryRestart	s
org.freedesktop.systemd1	/org/freedesktop/systemd1/unit/apt_2ddaily_2eservice	org.freedesktop.systemd1.Unit	ResetFailed	
org.freedesktop.systemd1	/org/freedesktop/systemd1/unit/apt_2ddaily_2eservice	org.freedesktop.systemd1.Unit	Restart	s
org.freedesktop.systemd1	/org/freedesktop/systemd1/unit/apt_2ddaily_2eservice	org.freedesktop.systemd1.Unit	SetProperties	ba(sv)
org.freedesktop.systemd1	/org/freedesktop/systemd1/unit/apt_2ddaily_2eservice	org.freedesktop.systemd1.Unit	Start	s
org.freedesktop.systemd1	/org/freedesktop/systemd1/unit/apt_2ddaily_2eservice	org.freedesktop.systemd1.Unit	Stop	s
org.freedesktop.systemd1	/org/freedesktop/systemd1/unit/apt_2ddaily_2eservice	org.freedesktop.systemd1.Unit	TryRestart	s
org.freedesktop.systemd1	/org/freedesktop/systemd1/unit/apt_2ddaily_2etimer	org.freedesktop.systemd1.Unit	Kill	si
org.freedesktop.systemd1	/org/freedesktop/systemd1/unit/apt_2ddaily_2etimer	org.freedesktop.systemd1.Unit	Reload	s
org.freedesktop.systemd1	/org/freedesktop/systemd1/unit/apt_2ddaily_2etimer	org.freedesktop.systemd1.Unit	ReloadOrRestart	s
org.freedesktop.systemd1	/org/freedesktop/systemd1/unit/apt_2ddaily_2etimer	org.freedesktop.systemd1.Unit	ReloadOrTryRestart	s
org.freedesktop.systemd1	/org/freedesktop/systemd1/unit/apt_2ddaily_2etimer	org.freedesktop.systemd1.Unit	ResetFailed	
org.freedesktop.systemd1	/org/freedesktop/systemd1/unit/apt_2ddaily_2etimer	org.freedesktop.systemd1.Unit	Restart	s
org.freedesktop.systemd1	/org/freedesktop/systemd1/unit/apt_2ddaily_2etimer	org.freedesktop.systemd1.Unit	SetProperties	ba(sv)
org.freedesktop.systemd1	/org/freedesktop/systemd1/unit/apt_2ddaily_2etimer	org.freedesktop.systemd1.Unit	Start	s
org.freedesktop.systemd1	/org/freedesktop/systemd1/unit/apt_2ddaily_2etimer	org.freedesktop.systemd1.Unit	Stop	s
org.freedesktop.systemd1	/org/freedesktop/systemd1/unit/apt_2ddaily_2etimer	org.freedesktop.systemd1.Unit	TryRestart	s
org.freedesktop.systemd1	/org/freedesktop/systemd1/unit/auditd_2eservice	org.freedesktop.systemd1.Service	AttachProcesses	sau
org.freedesktop.systemd1	/org/freedesktop/systemd1/unit/auditd_2eservice	org.freedesktop.systemd1.Service	BindMount	ssbb
org.freedesktop.systemd1	/org/freedesktop/systemd1/unit/auditd_2eservice	org.freedesktop.systemd1.Service	MountImage	ssbba(ss)
org.freedesktop.systemd1	/org/freedesktop/systemd1/unit/auditd_2eservice	org.freedesktop.systemd1.Unit	Kill	si
org.freedesktop.systemd1	/org/freedesktop/systemd1/unit/auditd_2eservice	org.freedesktop.systemd1.Unit	Reload	s
org.freedesktop.systemd1	/org/freedesktop/systemd1/unit/auditd_2eservice	org.freedesktop.systemd1.Unit	ReloadOrRestart	s
org.freedesktop.systemd1	/org/freedesktop/systemd1/unit/auditd_2eservice	org.freedesktop.systemd1.Unit	ReloadOrTryRestart	s
org.freedesktop.systemd1	/org/freedesktop/systemd1/unit/auditd_2eservice	org.freedesktop.systemd1.Unit	ResetFailed	
org.freedesktop.systemd1	/org/freedesktop/systemd1/unit/auditd_2eservice	org.freedesktop.systemd1.Unit	Restart	s
org.freedesktop.systemd1	/org/freedesktop/systemd1/unit/auditd_2eservice	org.freedesktop.systemd1.Unit	SetProperties	ba(sv)
org.freedesktop.systemd1	/org/freedesktop/systemd1/unit/auditd_2eservice	org.freedesktop.systemd1.Unit	Start	s
org.freedesktop.systemd1	/org/freedesktop/systemd1/unit/auditd_2eservice	org.freedesktop.systemd1.Unit	Stop	s
org.freedesktop.systemd1	/org/freedesktop/systemd1/unit/auditd_2eservice	org.freedesktop.systemd1.Unit	TryRestart	s
org.freedesktop.systemd1	/org/freedesktop/systemd1/unit/basic_2etarget	org.freedesktop.systemd1.Unit	Kill	si
org.freedesktop.systemd1	/org/freedesktop/systemd1/unit/basic_2etarget	org.freedesktop.systemd1.Unit	Reload	s
org.freedesktop.systemd1	/org/freedesktop/systemd1/unit/basic_2etarget	org.freedesktop.systemd1.Unit	ReloadOrRestart	s
org.freedesktop.systemd1	/org/freedesktop/systemd1/unit/basic_2etarget	org.freedesktop.systemd1.Unit	ReloadOrTryRestart	s
org.freedesktop.systemd1	/org/freedesktop/systemd1/unit/basic_2etarget	org.freedesktop.systemd1.Unit	ResetFailed	
org.freedesktop.systemd1	/org/freedesktop/systemd1/unit/basic_2etarget	org.freedesktop.systemd1.Unit	Restart	s
org.freedesktop.systemd1	/org/freedesktop/systemd1/unit/basic_2etarget	org.freedesktop.systemd1.Unit	SetProperties	ba(sv)
org.freedesktop.systemd1	/org/freedesktop/systemd1/unit/basic_2etarget	org.freedesktop.systemd1.Unit	Start	s
org.freedesktop.systemd1	/org/freedesktop/systemd1/unit/basic_2etarget	org.freedesktop.systemd1.Unit	Stop	s
org.freedesktop.systemd1	/org/freedesktop/systemd1/unit/basic_2etarget	org.freedesktop.systemd1.Unit	TryRestart	s
org.freedesktop.systemd1	/org/freedesktop/systemd1/unit/blk_2davailability_2eservice	org.freedesktop.systemd1.Service	AttachProcesses	sau
org.freedesktop.systemd1	/org/freedesktop/systemd1/unit/blk_2davailability_2eservice	org.freedesktop.systemd1.Service	BindMount	ssbb
org.freedesktop.systemd1	/org/freedesktop/systemd1/unit/blk_2davailability_2eservice	org.freedesktop.systemd1.Service	MountImage	ssbba(ss)
org.freedesktop.systemd1	/org/freedesktop/systemd1/unit/blk_2davailability_2eservice	org.freedesktop.systemd1.Unit	Kill	si
org.freedesktop.systemd1	/org/freedesktop/systemd1/unit/blk_2davailability_2eservice	org.freedesktop.systemd1.Unit	Reload	s
org.freedesktop.systemd1	/org/freedesktop/systemd1/unit/blk_2davailability_2eservice	org.freedesktop.systemd1.Unit	ReloadOrRestart	s
org.freedesktop.systemd1	/org/freedesktop/systemd1/unit/blk_2davailability_2eservice	org.freedesktop.systemd1.Unit	ReloadOrTryRestart	s
org.freedesktop.systemd1	/org/freedesktop/systemd1/unit/blk_2davailability_2eservice	org.freedesktop.systemd1.Unit	ResetFailed	
org.freedesktop.systemd1	/org/freedesktop/systemd1/unit/blk_2davailability_2eservice	org.freedesktop.systemd1.Unit	Restart	s
org.freedesktop.systemd1	/org/freedesktop/systemd1/unit/blk_2davailability_2eservice	org.freedesktop.systemd1.Unit	SetProperties	ba(sv)
org.freedesktop.systemd1	/org/freedesktop/systemd1/unit/blk_2davailability_2eservice	org.freedesktop.systemd1.Unit	Start	s
org.freedesktop.systemd1	/org/freedesktop/systemd1/unit/blk_2davailability_2eservice	org.freedesktop.systemd1.Unit	Stop	s
org.freedesktop.systemd1	/org/freedesktop/systemd1/unit/blk_2davailability_2eservice	org.freedesktop.systemd1.Unit	TryRestart	s
org.freedesktop.systemd1	/org/freedesktop/systemd1/unit/blockdev_40dev_2dvda1_2etarget	org.freedesktop.systemd1.Unit	Kill	si
org.freedesktop.systemd1	/org/freedesktop/systemd1/unit/blockdev_40dev_2dvda1_2etarget	org.freedesktop.systemd1.Unit	Reload	s
org.freedesktop.systemd1	/org/freedesktop/systemd1/unit/blockdev_40dev_2dvda1_2etarget	org.freedesktop.systemd1.Unit	ReloadOrRestart	s
org.freedesktop.systemd1	/org/freedesktop/systemd1/unit/blockdev_40dev_2dvda1_2etarget	org.freedesktop.systemd1.Unit	ReloadOrTryRestart	s
org.freedesktop.systemd1	/org/freedesktop/systemd1/unit/blockdev_40dev_2dvda1_2etarget	org.freedesktop.systemd1.Unit	ResetFailed	
org.freedesktop.systemd1	/org/freedesktop/systemd1/unit/blockdev_40dev_2dvda1_2etarget	org.freedesktop.systemd1.Unit	Restart	s
org.freedesktop.systemd1	/org/freedesktop/systemd1/unit/blockdev_40dev_2dvda1_2etarget	org.freedesktop.systemd1.Unit	SetProperties	ba(sv)
org.freedesktop.systemd1	/org/freedesktop/systemd1/unit/blockdev_40dev_2dvda1_2etarget	org.freedesktop.systemd1.Unit	Start	s
org.freedesktop.systemd1	/org/freedesktop/systemd1/unit/blockdev_40dev_2dvda1_2etarget	org.freedesktop.systemd1.Unit	Stop	s
org.freedesktop.systemd1	/org/freedesktop/systemd1/unit/blockdev_40dev_2dvda1_2etarget	org.freedesktop.systemd1.Unit	TryRestart	s
org.freedesktop.systemd1	/org/freedesktop/systemd1/unit/bolt_2eservice	org.freedesktop.systemd1.Service	AttachProcesses	sau
org.freedesktop.systemd1	/org/freedesktop/systemd1/unit/bolt_2eservice	org.freedesktop.systemd1.Service	BindMount	ssbb
org.freedesktop.systemd1	/org/freedesktop/systemd1/unit/bolt_2eservice	org.freedesktop.systemd1.Service	MountImage	ssbba(ss)
org.freedesktop.systemd1	/org/freedesktop/systemd1/unit/bolt_2eservice	org.freedesktop.systemd1.Unit	Kill	si
org.freedesktop.systemd1	/org/freedesktop/systemd1/unit/bolt_2eservice	org.freedesktop.systemd1.Unit	Reload	s
org.freedesktop.systemd1	/org/freedesktop/systemd1/unit/bolt_2eservice	org.freedesktop.systemd1.Unit	ReloadOrRestart	s
org.freedesktop.systemd1	/org/freedesktop/systemd1/unit/bolt_2eservice	org.freedesktop.systemd1.Unit	ReloadOrTryRestart	s
org.freedesktop.systemd1	/org/freedesktop/systemd1/unit/bolt_2eservice	org.freedesktop.systemd1.Unit	ResetFailed	
org.freedesktop.systemd1	/org/freedesktop/systemd1/unit/bolt_2eservice	org.freedesktop.systemd1.Unit	Restart	s
org.freedesktop.systemd1	/org/freedesktop/systemd1/unit/bolt_2eservice	org.freedesktop.systemd1.Unit	SetProperties	ba(sv)
org.freedesktop.systemd1	/org/freedesktop/systemd1/unit/bolt_2eservice	org.freedesktop.systemd1.Unit	Start	s
org.freedesktop.systemd1	/org/freedesktop/systemd1/unit/bolt_2eservice	org.freedesktop.systemd1.Unit	Stop	s
org.freedesktop.systemd1	/org/freedesktop/systemd1/unit/bolt_2eservice	org.freedesktop.systemd1.Unit	TryRestart	s
org.freedesktop.systemd1	/org/freedesktop/systemd1/unit/boot_2eautomount	org.freedesktop.systemd1.Unit	Kill	si
org.freedesktop.systemd1	/org/freedesktop/systemd1/unit/boot_2eautomount	org.freedesktop.systemd1.Unit	Reload	s
org.freedesktop.systemd1	/org/freedesktop/systemd1/unit/boot_2eautomount	org.freedesktop.systemd1.Unit	ReloadOrRestart	s
org.freedesktop.systemd1	/org/freedesktop/systemd1/unit/boot_2eautomount	org.freedesktop.systemd1.Unit	ReloadOrTryRestart	s
org.freedesktop.systemd1	/org/freedesktop/systemd1/unit/boot_2eautomount	org.freedesktop.systemd1.Unit	ResetFailed	
org.freedesktop.systemd1	/org/freedesktop/systemd1/unit/boot_2eautomount	org.freedesktop.systemd1.Unit	Restart	s
org.freedesktop.systemd1	/org/freedesktop/systemd1/unit/boot_2eautomount	org.freedesktop.systemd1.Unit	SetProperties	ba(sv)
org.freedesktop.systemd1	/org/freedesktop/systemd1/unit/boot_2eautomount	org.freedesktop.systemd1.Unit	Start	s
org.freedesktop.systemd1	/org/freedesktop/systemd1/unit/boot_2eautomount	org.freedesktop.systemd1.Unit	Stop	s
org.freedesktop.systemd1	/org/freedesktop/systemd1/unit/boot_2eautomount	org.freedesktop.systemd1.Unit	TryRestart	s
org.freedesktop.systemd1	/org/freedesktop/systemd1/unit/boot_2emount	org.freedesktop.systemd1.Mount	AttachProcesses	sau
org.freedesktop.systemd1	/org/freedesktop/systemd1/unit/boot_2emount	org.freedesktop.systemd1.Unit	Kill	si
org.freedesktop.systemd1	/org/freedesktop/systemd1/unit/boot_2emount	org.freedesktop.systemd1.Unit	Reload	s
org.freedesktop.systemd1	/org/freedesktop/systemd1/unit/boot_2emount	org.freedesktop.systemd1.Unit	ReloadOrRestart	s
org.freedesktop.systemd1	/org/freedesktop/systemd1/unit/boot_2emount	org.freedesktop.systemd1.Unit	ReloadOrTryRestart	s
org.freedesktop.systemd1	/org/freedesktop/systemd1/unit/boot_2emount	org.freedesktop.systemd1.Unit	ResetFailed	
org.freedesktop.systemd1	/org/freedesktop/systemd1/unit/boot_2emount	org.freedesktop.systemd1.Unit	Restart	s
org.freedesktop.systemd1	/org/freedesktop/systemd1/unit/boot_2emount	org.freedesktop.systemd1.Unit	SetProperties	ba(sv)
org.freedesktop.systemd1	/org/freedesktop/systemd1/unit/boot_2emount	org.freedesktop.systemd1.Unit	Start	s
org.freedesktop.systemd1	/org/freedesktop/systemd1/unit/boot_2emount	org.freedesktop.systemd1.Unit	Stop	s
org.freedesktop.systemd1	/org/freedesktop/systemd1/unit/boot_2emount	org.freedesktop.systemd1.Unit	TryRestart	s
org.freedesktop.systemd1	/org/freedesktop/systemd1/unit/cloud_2dinit_2dlocal_2eservice	org.freedesktop.systemd1.Service	AttachProcesses	sau
org.freedesktop.systemd1	/org/freedesktop/systemd1/unit/cloud_2dinit_2dlocal_2eservice	org.freedesktop.systemd1.Service	BindMount	ssbb
org.freedesktop.systemd1	/org/freedesktop/systemd1/unit/cloud_2dinit_2dlocal_2eservice	org.freedesktop.systemd1.Service	MountImage	ssbba(ss)
org.freedesktop.systemd1	/org/freedesktop/systemd1/unit/cloud_2dinit_2dlocal_2eservice	org.freedesktop.systemd1.Unit	Kill	si
org.freedesktop.systemd1	/org/freedesktop/systemd1/unit/cloud_2dinit_2dlocal_2eservice	org.freedesktop.systemd1.Unit	Reload	s
org.freedesktop.systemd1	/org/freedesktop/systemd1/unit/cloud_2dinit_2dlocal_2eservice	org.freedesktop.systemd1.Unit	ReloadOrRestart	s
org.freedesktop.systemd1	/org/freedesktop/systemd1/unit/cloud_2dinit_2dlocal_2eservice	org.freedesktop.systemd1.Unit	ReloadOrTryRestart	s
org.freedesktop.systemd1	/org/freedesktop/systemd1/unit/cloud_2dinit_2dlocal_2eservice	org.freedesktop.systemd1.Unit	ResetFailed	
org.freedesktop.systemd1	/org/freedesktop/systemd1/unit/cloud_2dinit_2dlocal_2eservice	org.freedesktop.systemd1.Unit	Restart	s
org.freedesktop.systemd1	/org/freedesktop/systemd1/unit/cloud_2dinit_2dlocal_2eservice	org.freedesktop.systemd1.Unit	SetProperties	ba(sv)
org.freedesktop.systemd1	/org/freedesktop/systemd1/unit/cloud_2dinit_2dlocal_2eservice	org.freedesktop.systemd1.Unit	Start	s
org.freedesktop.systemd1	/org/freedesktop/systemd1/unit/cloud_2dinit_2dlocal_2eservice	org.freedesktop.systemd1.Unit	Stop	s
org.freedesktop.systemd1	/org/freedesktop/systemd1/unit/cloud_2dinit_2dlocal_2eservice	org.freedesktop.systemd1.Unit	TryRestart	s
org.freedesktop.systemd1	/org/freedesktop/systemd1/unit/connman_2eservice	org.freedesktop.systemd1.Service	AttachProcesses	sau
org.freedesktop.systemd1	/org/freedesktop/systemd1/unit/connman_2eservice	org.freedesktop.systemd1.Service	BindMount	ssbb
org.freedesktop.systemd1	/org/freedesktop/systemd1/unit/connman_2eservice	org.freedesktop.systemd1.Service	MountImage	ssbba(ss)
org.freedesktop.systemd1	/org/freedesktop/systemd1/unit/connman_2eservice	org.freedesktop.systemd1.Unit	Kill	si
org.freedesktop.systemd1	/org/freedesktop/systemd1/unit/connman_2eservice	org.freedesktop.systemd1.Unit	Reload	s
org.freedesktop.systemd1	/org/freedesktop/systemd1/unit/connman_2eservice	org.freedesktop.systemd1.Unit	ReloadOrRestart	s
org.freedesktop.systemd1	/org/freedesktop/systemd1/unit/connman_2eservice	org.freedesktop.systemd1.Unit	ReloadOrTryRestart	s
org.freedesktop.systemd1	/org/freedesktop/systemd1/unit/connman_2eservice	org.freedesktop.systemd1.Unit	ResetFailed	
org.freedesktop.systemd1	/org/freedesktop/systemd1/unit/connman_2eservice	org.freedesktop.systemd1.Unit	Restart	s
org.freedesktop.systemd1	/org/freedesktop/systemd1/unit/connman_2eservice	org.freedesktop.systemd1.Unit	SetProperties	ba(sv)
org.freedesktop.systemd1	/org/freedesktop/systemd1/unit/connman_2eservice	org.freedesktop.systemd1.Unit	Start	s
org.freedesktop.systemd1	/org/freedesktop/systemd1/unit/connman_2eservice	org.freedesktop.systemd1.Unit	Stop	s
org.freedesktop.systemd1	/org/freedesktop/systemd1/unit/connman_2eservice	org.freedesktop.systemd1.Unit	TryRestart	s
org.freedesktop.systemd1	/org/freedesktop/systemd1/unit/console_2dgetty_2eservice	org.freedesktop.systemd1.Service	AttachProcesses	sau
org.freedesktop.systemd1	/org/freedesktop/systemd1/unit/console_2dgetty_2eservice	org.freedesktop.systemd1.Service	BindMount	ssbb
org.freedesktop.systemd1	/org/freedesktop/systemd1/unit/console_2dgetty_2eservice	org.freedesktop.systemd1.Service	MountImage	ssbba(ss)
org.freedesktop.systemd1	/org/freedesktop/systemd1/unit/console_2dgetty_2eservice	org.freedesktop.systemd1.Unit	Kill	si
org.freedesktop.systemd1	/org/freedesktop/systemd1/unit/console_2dgetty_2eservice	org.freedesktop.systemd1.Unit	Reload	s
org.freedesktop.systemd1	/org/freedesktop/systemd1/unit/console_2dgetty_2eservice	org.freedesktop.systemd1.Unit	ReloadOrRestart	s
org.freedesktop.systemd1	/org/freedesktop/systemd1/unit/console_2dgetty_2eservice	org.freedesktop.systemd1.Unit	ReloadOrTryRestart	s
org.freedesktop.systemd1	/org/freedesktop/systemd1/unit/console_2dgetty_2eservice	org.freedesktop.systemd1.Unit	ResetFailed	
org.freedesktop.systemd1	/org/freedesktop/systemd1/unit/console_2dgetty_2eservice	org.freedesktop.systemd1.Unit	Restart	s
org.freedesktop.systemd1	/org/freedesktop/systemd1/unit/console_2dgetty_2eservice	org.freedesktop.systemd1.Unit	SetProperties	ba(sv)
org.freedesktop.systemd1	/org/freedesktop/systemd1/unit/console_2dgetty_2eservice	org.freedesktop.systemd1.Unit	Start	s
org.freedesktop.systemd1	/org/freedesktop/systemd1/unit/console_2dgetty_2eservice	org.freedesktop.systemd1.Unit	Stop	s
org.freedesktop.systemd1	/org/freedesktop/systemd1/unit/console_2dgetty_2eservice	org.freedesktop.systemd1.Unit	TryRestart	s
org.freedesktop.systemd1	/org/freedesktop/systemd1/unit/console_2dscreen_2eservice	org.freedesktop.systemd1.Service	AttachProcesses	sau
org.freedesktop.systemd1	/org/freedesktop/systemd1/unit/console_2dscreen_2eservice	org.freedesktop.systemd1.Service	BindMount	ssbb
org.freedesktop.systemd1	/org/freedesktop/systemd1/unit/console_2dscreen_2eservice	org.freedesktop.systemd1.Service	MountImage	ssbba(ss)
org.freedesktop.systemd1	/org/freedesktop/systemd1/unit/console_2dscreen_2eservice	org.freedesktop.systemd1.Unit	Kill	si
org.freedesktop.systemd1	/org/freedesktop/systemd1/unit/console_2dscreen_2eservice	org.freedesktop.systemd1.Unit	Reload	s
org.freedesktop.systemd1	/org/freedesktop/systemd1/unit/console_2dscreen_2eservice	org.freedesktop.systemd1.Unit	ReloadOrRestart	s
org.freedesktop.systemd1	/org/freedesktop/systemd1/unit/console_2dscreen_2eservice	org.freedesktop.systemd1.Unit	ReloadOrTryRestart	s
org.freedesktop.systemd1	/org/freedesktop/systemd1/unit/console_2dscreen_2eservice	org.freedesktop.systemd1.Unit	ResetFailed	
org.freedesktop.systemd1	/org/freedesktop/systemd1/unit/console_2dscreen_2eservice	org.freedesktop.systemd1.Unit	Restart	s
org.freedesktop.systemd1	/org/freedesktop/systemd1/unit/console_2dscreen_2eservice	org.freedesktop.systemd1.Unit	SetProperties	ba(sv)
org.freedesktop.systemd1	/org/freedesktop/systemd1/unit/console_2dscreen_2eservice	org.freedesktop.systemd1.Unit	Start	s
org.freedesktop.systemd1	/org/freedesktop/systemd1/unit/console_2dscreen_2eservice	org.freedesktop.systemd1.Unit	Stop	s
org.freedesktop.systemd1	/org/freedesktop/systemd1/unit/console_2dscreen_2eservice	org.freedesktop.systemd1.Unit	TryRestart	s
org.freedesktop.systemd1	/org/freedesktop/systemd1/unit/console_2dsetup_2eservice	org.freedesktop.systemd1.Service	AttachProcesses	sau
org.freedesktop.systemd1	/org/freedesktop/systemd1/unit/console_2dsetup_2eservice	org.freedesktop.systemd1.Service	BindMount	ssbb
org.freedesktop.systemd1	/org/freedesktop/systemd1/unit/console_2dsetup_2eservice	org.freedesktop.systemd1.Service	MountImage	ssbba(ss)
org.freedesktop.systemd1	/org/freedesktop/systemd1/unit/console_2dsetup_2eservice	org.freedesktop.systemd1.Unit	Kill	si
org.freedesktop.systemd1	/org/freedesktop/systemd1/unit/console_2dsetup_2eservice	org.freedesktop.systemd1.Unit	Reload	s
org.freedesktop.systemd1	/org/freedesktop/systemd1/unit/console_2dsetup_2eservice	org.freedesktop.systemd1.Unit	ReloadOrRestart	s
org.freedesktop.systemd1	/org/freedesktop/systemd1/unit/console_2dsetup_2eservice	org.freedesktop.systemd1.Unit	ReloadOrTryRestart	s
org.freedesktop.systemd1	/org/freedesktop/systemd1/unit/console_2dsetup_2eservice	org.freedesktop.systemd1.Unit	ResetFailed	
org.freedesktop.systemd1	/org/freedesktop/systemd1/unit/console_2dsetup_2eservice	org.freedesktop.systemd1.Unit	Restart	s
org.freedesktop.systemd1	/org/freedesktop/systemd1/unit/console_2dsetup_2eservice	org.freedesktop.systemd1.Unit	SetProperties	ba(sv)
org.freedesktop.systemd1	/org/freedesktop/systemd1/unit/console_2dsetup_2eservice	org.freedesktop.systemd1.Unit	Start	s
org.freedesktop.systemd1	/org/freedesktop/systemd1/unit/console_2dsetup_2eservice	org.freedesktop.systemd1.Unit	Stop	s
org.freedesktop.systemd1	/org/freedesktop/systemd1/unit/console_2dsetup_2eservice	org.freedesktop.systemd1.Unit	TryRestart	s
org.freedesktop.systemd1	/org/freedesktop/systemd1/unit/cron_2eservice	org.freedesktop.systemd1.Service	AttachProcesses	sau
org.freedesktop.systemd1	/org/freedesktop/systemd1/unit/cron_2eservice	org.freedesktop.systemd1.Service	BindMount	ssbb
org.freedesktop.systemd1	/org/freedesktop/systemd1/unit/cron_2eservice	org.freedesktop.systemd1.Service	MountImage	ssbba(ss)
org.freedesktop.systemd1	/org/freedesktop/systemd1/unit/cron_2eservice	org.freedesktop.systemd1.Unit	Kill	si
org.freedesktop.systemd1	/org/freedesktop/systemd1/unit/cron_2eservice	org.freedesktop.systemd1.Unit	Reload	s
org.freedesktop.systemd1	/org/freedesktop/systemd1/unit/cron_2eservice	org.freedesktop.systemd1.Unit	ReloadOrRestart	s
org.freedesktop.systemd1	/org/freedesktop/systemd1/unit/cron_2eservice	org.freedesktop.systemd1.Unit	ReloadOrTryRestart	s
org.freedesktop.systemd1	/org/freedesktop/systemd1/unit/cron_2eservice	org.freedesktop.systemd1.Unit	ResetFailed	
org.freedesktop.systemd1	/org/freedesktop/systemd1/unit/cron_2eservice	org.freedesktop.systemd1.Unit	Restart	s
org.freedesktop.systemd1	/org/freedesktop/systemd1/unit/cron_2eservice	org.freedesktop.systemd1.Unit	SetProperties	ba(sv)
org.freedesktop.systemd1	/org/freedesktop/systemd1/unit/cron_2eservice	org.freedesktop.systemd1.Unit	Start	s
org.freedesktop.systemd1	/org/freedesktop/systemd1/unit/cron_2eservice	org.freedesktop.systemd1.Unit	Stop	s
org.freedesktop.systemd1	/org/freedesktop/systemd1/unit/cron_2eservice	org.freedesktop.systemd1.Unit	TryRestart	s
org.freedesktop.systemd1	/org/freedesktop/systemd1/unit/cryptsetup_2dpre_2etarget	org.freedesktop.systemd1.Unit	Kill	si
org.freedesktop.systemd1	/org/freedesktop/systemd1/unit/cryptsetup_2dpre_2etarget	org.freedesktop.systemd1.Unit	Reload	s
org.freedesktop.systemd1	/org/freedesktop/systemd1/unit/cryptsetup_2dpre_2etarget	org.freedesktop.systemd1.Unit	ReloadOrRestart	s
org.freedesktop.systemd1	/org/freedesktop/systemd1/unit/cryptsetup_2dpre_2etarget	org.freedesktop.systemd1.Unit	ReloadOrTryRestart	s
org.freedesktop.systemd1	/org/freedesktop/systemd1/unit/cryptsetup_2dpre_2etarget	org.freedesktop.systemd1.Unit	ResetFailed	
org.freedesktop.systemd1	/org/freedesktop/systemd1/unit/cryptsetup_2dpre_2etarget	org.freedesktop.systemd1.Unit	Restart	s
org.freedesktop.systemd1	/org/freedesktop/systemd1/unit/cryptsetup_2dpre_2etarget	org.freedesktop.systemd1.Unit	SetProperties	ba(sv)
org.freedesktop.systemd1	/org/freedesktop/systemd1/unit/cryptsetup_2dpre_2etarget	org.freedesktop.systemd1.Unit	Start	s
org.freedesktop.systemd1	/org/freedesktop/systemd1/unit/cryptsetup_2dpre_2etarget	org.freedesktop.systemd1.Unit	Stop	s
org.freedesktop.systemd1	/org/freedesktop/systemd1/unit/cryptsetup_2dpre_2etarget	org.freedesktop.systemd1.Unit	TryRestart	s
org.freedesktop.systemd1	/org/freedesktop/systemd1/unit/cryptsetup_2etarget	org.freedesktop.systemd1.Unit	Kill	si
org.freedesktop.systemd1	/org/freedesktop/systemd1/unit/cryptsetup_2etarget	org.freedesktop.systemd1.Unit	Reload	s
org.freedesktop.systemd1	/org/freedesktop/systemd1/unit/cryptsetup_2etarget	org.freedesktop.systemd1.Unit	ReloadOrRestart	s
org.freedesktop.systemd1	/org/freedesktop/systemd1/unit/cryptsetup_2etarget	org.freedesktop.systemd1.Unit	ReloadOrTryRestart	s
org.freedesktop.systemd1	/org/freedesktop/systemd1/unit/cryptsetup_2etarget	org.freedesktop.systemd1.Unit	ResetFailed	
org.freedesktop.systemd1	/org/freedesktop/systemd1/unit/cryptsetup_2etarget	org.freedesktop.systemd1.Unit	Restart	s
org.freedesktop.systemd1	/org/freedesktop/systemd1/unit/cryptsetup_2etarget	org.freedesktop.systemd1.Unit	SetProperties	ba(sv)
org.freedesktop.systemd1	/org/freedesktop/systemd1/unit/cryptsetup_2etarget	org.freedesktop.systemd1.Unit	Start	s
org.freedesktop.systemd1	/org/freedesktop/systemd1/unit/cryptsetup_2etarget	org.freedesktop.systemd1.Unit	Stop	s
org.freedesktop.systemd1	/org/freedesktop/systemd1/unit/cryptsetup_2etarget	org.freedesktop.systemd1.Unit	TryRestart	s
org.freedesktop.systemd1	/org/freedesktop/systemd1/unit/dbus_2eservice	org.freedesktop.systemd1.Service	AttachProcesses	sau
org.freedesktop.systemd1	/org/freedesktop/systemd1/unit/dbus_2eservice	org.freedesktop.systemd1.Service	BindMount	ssbb
org.freedesktop.systemd1	/org/freedesktop/systemd1/unit/dbus_2eservice	org.freedesktop.systemd1.Service	MountImage	ssbba(ss)
org.freedesktop.systemd1	/org/freedesktop/systemd1/unit/dbus_2eservice	org.freedesktop.systemd1.Unit	Kill	si
org.freedesktop.systemd1	/org/freedesktop/systemd1/unit/dbus_2eservice	org.freedesktop.systemd1.Unit	Reload	s
org.freedesktop.systemd1	/org/freedesktop/systemd1/unit/dbus_2eservice	org.freedesktop.systemd1.Unit	ReloadOrRestart	s
org.freedesktop.systemd1	/org/freedesktop/systemd1/unit/dbus_2eservice	org.freedesktop.systemd1.Unit	ReloadOrTryRestart	s
org.freedesktop.systemd1	/org/freedesktop/systemd1/unit/dbus_2eservice	org.freedesktop.systemd1.Unit	ResetFailed	
org.freedesktop.systemd1	/org/freedesktop/systemd1/unit/dbus_2eservice	org.freedesktop.systemd1.Unit	Restart	s
org.freedesktop.systemd1	/org/freedesktop/systemd1/unit/dbus_2eservice	org.freedesktop.systemd1.Unit	SetProperties	ba(sv)
org.freedesktop.systemd1	/org/freedesktop/systemd1/unit/dbus_2eservice	org.freedesktop.systemd1.Unit	Start	s
org.freedesktop.systemd1	/org/freedesktop/systemd1/unit/dbus_2eservice	org.freedesktop.systemd1.Unit	Stop	s
org.freedesktop.systemd1	/org/freedesktop/systemd1/unit/dbus_2eservice	org.freedesktop.systemd1.Unit	TryRestart	s
org.freedesktop.systemd1	/org/freedesktop/systemd1/unit/dbus_2esocket	org.freedesktop.systemd1.Socket	AttachProcesses	sau
org.freedesktop.systemd1	/org/freedesktop/systemd1/unit/dbus_2esocket	org.freedesktop.systemd1.Unit	Kill	si
org.freedesktop.systemd1	/org/freedesktop/systemd1/unit/dbus_2esocket	org.freedesktop.systemd1.Unit	Reload	s
org.freedesktop.systemd1	/org/freedesktop/systemd1/unit/dbus_2esocket	org.freedesktop.systemd1.Unit	ReloadOrRestart	s
org.freedesktop.systemd1	/org/freedesktop/systemd1/unit/dbus_2esocket	org.freedesktop.systemd1.Unit	ReloadOrTryRestart	s
org.freedesktop.systemd1	/org/freedesktop/systemd1/unit/dbus_2esocket	org.freedesktop.systemd1.Unit	ResetFailed	
org.freedesktop.systemd1	/org/freedesktop/systemd1/unit/dbus_2esocket	org.freedesktop.systemd1.Unit	Restart	s
org.freedesktop.systemd1	/org/freedesktop/systemd1/unit/dbus_2esocket	org.freedesktop.systemd1.Unit	SetProperties	ba(sv)
org.freedesktop.systemd1	/org/freedesktop/systemd1/unit/dbus_2esocket	org.freedesktop.systemd1.Unit	Start	s
org.freedesktop.systemd1	/org/freedesktop/systemd1/unit/dbus_2esocket	org.freedesktop.systemd1.Unit	Stop	s
org.freedesktop.systemd1	/org/freedesktop/systemd1/unit/dbus_2esocket	org.freedesktop.systemd1.Unit	TryRestart	s
org.freedesktop.systemd1	/org/freedesktop/systemd1/unit/dev_2dhugepages_2emount	org.freedesktop.systemd1.Mount	AttachProcesses	sau
org.freedesktop.systemd1	/org/freedesktop/systemd1/unit/dev_2dhugepages_2emount	org.freedesktop.systemd1.Unit	Kill	si
org.freedesktop.systemd1	/org/freedesktop/systemd1/unit/dev_2dhugepages_2emount	org.freedesktop.systemd1.Unit	Reload	s
org.freedesktop.systemd1	/org/freedesktop/systemd1/unit/dev_2dhugepages_2emount	org.freedesktop.systemd1.Unit	ReloadOrRestart	s
org.freedesktop.systemd1	/org/freedesktop/systemd1/unit/dev_2dhugepages_2emount	org.freedesktop.systemd1.Unit	ReloadOrTryRestart	s
org.freedesktop.systemd1	/org/freedesktop/systemd1/unit/dev_2dhugepages_2emount	org.freedesktop.systemd1.Unit	ResetFailed	
org.freedesktop.systemd1	/org/freedesktop/systemd1/unit/dev_2dhugepages_2emount	org.freedesktop.systemd1.Unit	Restart	s
org.freedesktop.systemd1	/org/freedesktop/systemd1/unit/dev_2dhugepages_2emount	org.freedesktop.systemd1.Unit	SetProperties	ba(sv)
org.freedesktop.systemd1	/org/freedesktop/systemd1/unit/dev_2dhugepages_2emount	org.freedesktop.systemd1.Unit	Start	s
org.freedesktop.systemd1	/org/freedesktop/systemd1/unit/dev_2dhugepages_2emount	org.freedesktop.systemd1.Unit	Stop	s
org.freedesktop.systemd1	/org/freedesktop/systemd1/unit/dev_2dhugepages_2emount	org.freedesktop.systemd1.Unit	TryRestart	s
org.freedesktop.systemd1	/org/freedesktop/systemd1/unit/dev_2dmqueue_2emount	org.freedesktop.systemd1.Mount	AttachProcesses	sau
org.freedesktop.systemd1	/org/freedesktop/systemd1/unit/dev_2dmqueue_2emount	org.freedesktop.systemd1.Unit	Kill	si
org.freedesktop.systemd1	/org/freedesktop/systemd1/unit/dev_2dmqueue_2emount	org.freedesktop.systemd1.Unit	Reload	s
org.freedesktop.systemd1	/org/freedesktop/systemd1/unit/dev_2dmqueue_2emount	org.freedesktop.systemd1.Unit	ReloadOrRestart	s
org.freedesktop.systemd1	/org/freedesktop/systemd1/unit/dev_2dmqueue_2emount	org.freedesktop.systemd1.Unit	ReloadOrTryRestart	s
org.freedesktop.systemd1	/org/freedesktop/systemd1/unit/dev_2dmqueue_2emount	org.freedesktop.systemd1.Unit	ResetFailed	
org.freedesktop.systemd1	/org/freedesktop/systemd1/unit/dev_2dmqueue_2emount	org.freedesktop.systemd1.Unit	Restart	s
org.freedesktop.systemd1	/org/freedesktop/systemd1/unit/dev_2dmqueue_2emount	org.freedesktop.systemd1.Unit	SetProperties	ba(sv)
org.freedesktop.systemd1	/org/freedesktop/systemd1/unit/dev_2dmqueue_2emount	org.freedesktop.systemd1.Unit	Start	s
org.freedesktop.systemd1	/org/freedesktop/systemd1/unit/dev_2dmqueue_2emount	org.freedesktop.systemd1.Unit	Stop	s
org.freedesktop.systemd1	/org/freedesktop/systemd1/unit/dev_2dmqueue_2emount	org.freedesktop.systemd1.Unit	TryRestart	s
org.freedesktop.systemd1	/org/freedesktop/systemd1/unit/dev_2dvda1_2edevice	org.freedesktop.systemd1.Unit	Kill	si
org.freedesktop.systemd1	/org/freedesktop/systemd1/unit/dev_2dvda1_2edevice	org.freedesktop.systemd1.Unit	Reload	s
org.freedesktop.systemd1	/org/freedesktop/systemd1/unit/dev_2dvda1_2edevice	org.freedesktop.systemd1.Unit	ReloadOrRestart	s
org.freedesktop.systemd1	/org/freedesktop/systemd1/unit/dev_2dvda1_2edevice	org.freedesktop.systemd1.Unit	ReloadOrTryRestart	s
org.freedesktop.systemd1	/org/freedesktop/systemd1/unit/dev_2dvda1_2edevice	org.freedesktop.systemd1.Unit	ResetFailed	
org.freedesktop.systemd1	/org/freedesktop/systemd1/unit/dev_2dvda1_2edevice	org.freedesktop.systemd1.Unit	Restart	s
org.freedesktop.systemd1	/org/freedesktop/systemd1/unit/dev_2dvda1_2edevice	org.freedesktop.systemd1.Unit	SetProperties	ba(sv)
org.freedesktop.systemd1	/org/freedesktop/systemd1/unit/dev_2dvda1_2edevice	org.freedesktop.systemd1.Unit	Start	s
org.freedesktop.systemd1	/org/freedesktop/systemd1/unit/dev_2dvda1_2edevice	org.freedesktop.systemd1.Unit	Stop	s
org.freedesktop.systemd1	/org/freedesktop/systemd1/unit/dev_2dvda1_2edevice	org.freedesktop.systemd1.Unit	TryRestart	s
org.freedesktop.systemd1	/org/freedesktop/systemd1/unit/display_2dmanager_2eservice	org.freedesktop.systemd1.Service	AttachProcesses	sau
org.freedesktop.systemd1	/org/freedesktop/systemd1/unit/display_2dmanager_2eservice	org.freedesktop.systemd1.Service	BindMount	ssbb
org.freedesktop.systemd1	/org/freedesktop/systemd1/unit/display_2dmanager_2eservice	org.freedesktop.systemd1.Service	MountImage	ssbba(ss)
org.freedesktop.systemd1	/org/freedesktop/systemd1/unit/display_2dmanager_2eservice	org.freedesktop.systemd1.Unit	Kill	si
org.freedesktop.systemd1	/org/freedesktop/systemd1/unit/display_2dmanager_2eservice	org.freedesktop.systemd1.Unit	Reload	s
org.freedesktop.systemd1	/org/freedesktop/systemd1/unit/display_2dmanager_2eservice	org.freedesktop.systemd1.Unit	ReloadOrRestart	s
org.freedesktop.systemd1	/org/freedesktop/systemd1/unit/display_2dmanager_2eservice	org.freedesktop.systemd1.Unit	ReloadOrTryRestart	s
org.freedesktop.systemd1	/org/freedesktop/systemd1/unit/display_2dmanager_2eservice	org.freedesktop.systemd1.Unit	ResetFailed	
org.freedesktop.systemd1	/org/freedesktop/systemd1/unit/display_2dmanager_2eservice	org.freedesktop.systemd1.Unit	Restart	s
org.freedesktop.systemd1	/org/freedesktop/systemd1/unit/display_2dmanager_2eservice	org.freedesktop.systemd1.Unit	SetProperties	ba(sv)
org.freedesktop.systemd1	/org/freedesktop/systemd1/unit/display_2dmanager_2eservice	org.freedesktop.systemd1.Unit	Start	s
org.freedesktop.systemd1	/org/freedesktop/systemd1/unit/display_2dmanager_2eservice	org.freedesktop.systemd1.Unit	Stop	s
org.freedesktop.systemd1	/org/freedesktop/systemd1/unit/display_2dmanager_2eservice	org.freedesktop.systemd1.Unit	TryRestart	s
org.freedesktop.systemd1	/org/freedesktop/systemd1/unit/dm_2devent_2eservice	org.freedesktop.systemd1.Service	AttachProcesses	sau
org.freedesktop.systemd1	/org/freedesktop/systemd1/unit/dm_2devent_2eservice	org.freedesktop.systemd1.Service	BindMount	ssbb
org.freedesktop.systemd1	/org/freedesktop/systemd1/unit/dm_2devent_2eservice	org.freedesktop.systemd1.Service	MountImage	ssbba(ss)
org.freedesktop.systemd1	/org/freedesktop/systemd1/unit/dm_2devent_2eservice	org.freedesktop.systemd1.Unit	Kill	si
org.freedesktop.systemd1	/org/freedesktop/systemd1/unit/dm_2devent_2eservice	org.freedesktop.systemd1.Unit	Reload	s
org.freedesktop.systemd1	/org/freedesktop/systemd1/unit/dm_2devent_2eservice	org.freedesktop.systemd1.Unit	ReloadOrRestart	s
org.freedesktop.systemd1	/org/freedesktop/systemd1/unit/dm_2devent_2eservice	org.freedesktop.systemd1.Unit	ReloadOrTryRestart	s
org.freedesktop.systemd1	/org/freedesktop/systemd1/unit/dm_2devent_2eservice	org.freedesktop.systemd1.Unit	ResetFailed	
org.freedesktop.systemd1	/org/freedesktop/systemd1/unit/dm_2devent_2eservice	org.freedesktop.systemd1.Unit	Restart	s
org.freedesktop.systemd1	/org/freedesktop/systemd1/unit/dm_2devent_2eservice	org.freedesktop.systemd1.Unit	SetProperties	ba(sv)
org.freedesktop.systemd1	/org/freedesktop/systemd1/unit/dm_2devent_2eservice	org.freedesktop.systemd1.Unit	Start	s
org.freedesktop.systemd1	/org/freedesktop/systemd1/unit/dm_2devent_2eservice	org.freedesktop.systemd1.Unit	Stop	s
org.freedesktop.systemd1	/org/freedesktop/systemd1/unit/dm_2devent_2eservice	org.freedesktop.systemd1.Unit	TryRestart	s
org.freedesktop.systemd1	/org/freedesktop/systemd1/unit/dm_2devent_2esocket	org.freedesktop.systemd1.Socket	AttachProcesses	sau
org.freedesktop.systemd1	/org/freedesktop/systemd1/unit/dm_2devent_2esocket	org.freedesktop.systemd1.Unit	Kill	si
org.freedesktop.systemd1	/org/freedesktop/systemd1/unit/dm_2devent_2esocket	org.freedesktop.systemd1.Unit	Reload	s
org.freedesktop.systemd1	/org/freedesktop/systemd1/unit/dm_2devent_2esocket	org.freedesktop.systemd1.Unit	ReloadOrRestart	s
org.freedesktop.systemd1	/org/freedesktop/systemd1/unit/dm_2devent_2esocket	org.freedesktop.systemd1.Unit	ReloadOrTryRestart	s
org.freedesktop.systemd1	/org/freedesktop/systemd1/unit/dm_2devent_2esocket	org.freedesktop.systemd1.Unit	ResetFailed	
org.freedesktop.systemd1	/org/freedesktop/systemd1/unit/dm_2devent_2esocket	org.freedesktop.systemd1.Unit	Restart	s
org.freedesktop.systemd1	/org/freedesktop/systemd1/unit/dm_2devent_2esocket	org.freedesktop.systemd1.Unit	SetProperties	ba(sv)
org.freedesktop.systemd1	/org/freedesktop/systemd1/unit/dm_2devent_2esocket	org.freedesktop.systemd1.Unit	Start	s
org.freedesktop.systemd1	/org/freedesktop/systemd1/unit/dm_2devent_2esocket	org.freedesktop.systemd1.Unit	Stop	s
org.freedesktop.systemd1	/org/freedesktop/systemd1/unit/dm_2devent_2esocket	org.freedesktop.systemd1.Unit	TryRestart	s
org.freedesktop.systemd1	/org/freedesktop/systemd1/unit/dmesg_2eservice	org.freedesktop.systemd1.Service	AttachProcesses	sau
org.freedesktop.systemd1	/org/freedesktop/systemd1/unit/dmesg_2eservice	org.freedesktop.systemd1.Service	BindMount	ssbb
org.freedesktop.systemd1	/org/freedesktop/systemd1/unit/dmesg_2eservice	org.freedesktop.systemd1.Service	MountImage	ssbba(ss)
org.freedesktop.systemd1	/org/freedesktop/systemd1/unit/dmesg_2eservice	org.freedesktop.systemd1.Unit	Kill	si
org.freedesktop.systemd1	/org/freedesktop/systemd1/unit/dmesg_2eservice	org.freedesktop.systemd1.Unit	Reload	s
org.freedesktop.systemd1	/org/freedesktop/systemd1/unit/dmesg_2eservice	org.freedesktop.systemd1.Unit	ReloadOrRestart	s
org.freedesktop.systemd1	/org/freedesktop/systemd1/unit/dmesg_2eservice	org.freedesktop.systemd1.Unit	ReloadOrTryRestart	s
org.freedesktop.systemd1	/org/freedesktop/systemd1/unit/dmesg_2eservice	org.freedesktop.systemd1.Unit	ResetFailed	
org.freedesktop.systemd1	/org/freedesktop/systemd1/unit/dmesg_2eservice	org.freedesktop.systemd1.Unit	Restart	s
org.freedesktop.systemd1	/org/freedesktop/systemd1/unit/dmesg_2eservice	org.freedesktop.systemd1.Unit	SetProperties	ba(sv)
org.freedesktop.systemd1	/org/freedesktop/systemd1/unit/dmesg_2eservice	org.freedesktop.systemd1.Unit	Start	s
org.freedesktop.systemd1	/org/freedesktop/systemd1/unit/dmesg_2eservice	org.freedesktop.systemd1.Unit	Stop	s
org.freedesktop.systemd1	/org/freedesktop/systemd1/unit/dmesg_2eservice	org.freedesktop.systemd1.Unit	TryRestart	s
org.freedesktop.systemd1	/org/freedesktop/systemd1/unit/dpkg_2ddb_2dbackup_2eservice	org.freedesktop.systemd1.Service	AttachProcesses	sau
org.freedesktop.systemd1	/org/freedesktop/systemd1/unit/dpkg_2ddb_2dbackup_2eservice	org.freedesktop.systemd1.Service	BindMount	ssbb
org.freedesktop.systemd1	/org/freedesktop/systemd1/unit/dpkg_2ddb_2dbackup_2eservice	org.freedesktop.systemd1.Service	MountImage	ssbba(ss)
org.freedesktop.systemd1	/org/freedesktop/systemd1/unit/dpkg_2ddb_2dbackup_2eservice	org.freedesktop.systemd1.Unit	Kill	si
org.freedesktop.systemd1	/org/freedesktop/systemd1/unit/dpkg_2ddb_2dbackup_2eservice	org.freedesktop.systemd1.Unit	Reload	s
org.freedesktop.systemd1	/org/freedesktop/systemd1/unit/dpkg_2ddb_2dbackup_2eservice	org.freedesktop.systemd1.Unit	ReloadOrRestart	s
org.freedesktop.systemd1	/org/freedesktop/systemd1/unit/dpkg_2ddb_2dbackup_2eservice	org.freedesktop.systemd1.Unit	ReloadOrTryRestart	s
org.freedesktop.systemd1	/org/freedesktop/systemd1/unit/dpkg_2ddb_2dbackup_2eservice	org.freedesktop.systemd1.Unit	ResetFailed	
org.freedesktop.systemd1	/org/freedesktop/systemd1/unit/dpkg_2ddb_2dbackup_2eservice	org.freedesktop.systemd1.Unit	Restart	s
org.freedesktop.systemd1	/org/freedesktop/systemd1/unit/dpkg_2ddb_2dbackup_2eservice	org.freedesktop.systemd1.Unit	SetProperties	ba(sv)
org.freedesktop.systemd1	/org/freedesktop/systemd1/unit/dpkg_2ddb_2dbackup_2eservice	org.freedesktop.systemd1.Unit	Start	s
org.freedesktop.systemd1	/org/freedesktop/systemd1/unit/dpkg_2ddb_2dbackup_2eservice	org.freedesktop.systemd1.Unit	Stop	s
org.freedesktop.systemd1	/org/freedesktop/systemd1/unit/dpkg_2ddb_2dbackup_2eservice	org.freedesktop.systemd1.Unit	TryRestart	s
org.freedesktop.systemd1	/org/freedesktop/systemd1/unit/dpkg_2ddb_2dbackup_2etimer	org.freedesktop.systemd1.Unit	Kill	si
org.freedesktop.systemd1	/org/freedesktop/systemd1/unit/dpkg_2ddb_2dbackup_2etimer	org.freedesktop.systemd1.Unit	Reload	s
org.freedesktop.systemd1	/org/freedesktop/systemd1/unit/dpkg_2ddb_2dbackup_2etimer	org.freedesktop.systemd1.Unit	ReloadOrRestart	s
org.freedesktop.systemd1	/org/freedesktop/systemd1/unit/dpkg_2ddb_2dbackup_2etimer	org.freedesktop.systemd1.Unit	ReloadOrTryRestart	s
org.freedesktop.systemd1	/org/freedesktop/systemd1/unit/dpkg_2ddb_2dbackup_2etimer	org.freedesktop.systemd1.Unit	ResetFailed	
org.freedesktop.systemd1	/org/freedesktop/systemd1/unit/dpkg_2ddb_2dbackup_2etimer	org.freedesktop.systemd1.Unit	Restart	s
org.freedesktop.systemd1	/org/freedesktop/systemd1/unit/dpkg_2ddb_2dbackup_2etimer	org.freedesktop.systemd1.Unit	SetProperties	ba(sv)
org.freedesktop.systemd1	/org/freedesktop/systemd1/unit/dpkg_2ddb_2dbackup_2etimer	org.freedesktop.systemd1.Unit	Start	s
org.freedesktop.systemd1	/org/freedesktop/systemd1/unit/dpkg_2ddb_2dbackup_2etimer	org.freedesktop.systemd1.Unit	Stop	s
org.freedesktop.systemd1	/org/freedesktop/systemd1/unit/dpkg_2ddb_2dbackup_2etimer	org.freedesktop.systemd1.Unit	TryRestart	s
org.freedesktop.systemd1	/org/freedesktop/systemd1/unit/e2scrub_5fall_2eservice	org.freedesktop.systemd1.Service	AttachProcesses	sau
org.freedesktop.systemd1	/org/freedesktop/systemd1/unit/e2scrub_5fall_2eservice	org.freedesktop.systemd1.Service	BindMount	ssbb
org.freedesktop.systemd1	/org/freedesktop/systemd1/unit/e2scrub_5fall_2eservice	org.freedesktop.systemd1.Service	MountImage	ssbba(ss)
org.freedesktop.systemd1	/org/freedesktop/systemd1/unit/e2scrub_5fall_2eservice	org.freedesktop.systemd1.Unit	Kill	si
org.freedesktop.systemd1	/org/freedesktop/systemd1/unit/e2scrub_5fall_2eservice	org.freedesktop.systemd1.Unit	Reload	s
org.freedesktop.systemd1	/org/freedesktop/systemd1/unit/e2scrub_5fall_2eservice	org.freedesktop.systemd1.Unit	ReloadOrRestart	s
org.freedesktop.systemd1	/org/freedesktop/systemd1/unit/e2scrub_5fall_2eservice	org.freedesktop.systemd1.Unit	ReloadOrTryRestart	s
org.freedesktop.systemd1	/org/freedesktop/systemd1/unit/e2scrub_5fall_2eservice	org.freedesktop.systemd1.Unit	ResetFailed	
org.freedesktop.systemd1	/org/freedesktop/systemd1/unit/e2scrub_5fall_2eservice	org.freedesktop.systemd1.Unit	Restart	s
org.freedesktop.systemd1	/org/freedesktop/systemd1/unit/e2scrub_5fall_2eservice	org.freedesktop.systemd1.Unit	SetProperties	ba(sv)
org.freedesktop.systemd1	/org/freedesktop/systemd1/unit/e2scrub_5fall_2eservice	org.freedesktop.systemd1.Unit	Start	s
org.freedesktop.systemd1	/org/freedesktop/systemd1/unit/e2scrub_5fall_2eservice	org.freedesktop.systemd1.Unit	Stop	s
org.freedesktop.systemd1	/org/freedesktop/systemd1/unit/e2scrub_5fall_2eservice	org.freedesktop.systemd1.Unit	TryRestart	s
org.freedesktop.systemd1	/org/freedesktop/systemd1/unit/e2scrub_5fall_2etimer	org.freedesktop.systemd1.Unit	Kill	si
org.freedesktop.systemd1	/org/freedesktop/systemd1/unit/e2scrub_5fall_2etimer	org.freedesktop.systemd1.Unit	Reload	s
org.freedesktop.systemd1	/org/freedesktop/systemd1/unit/e2scrub_5fall_2etimer	org.freedesktop.systemd1.Unit	ReloadOrRestart	s
org.freedesktop.systemd1	/org/freedesktop/systemd1/unit/e2scrub_5fall_2etimer	org.freedesktop.systemd1.Unit	ReloadOrTryRestart	s
org.freedesktop.systemd1	/org/freedesktop/systemd1/unit/e2scrub_5fall_2etimer	org.freedesktop.systemd1.Unit	ResetFailed	
org.freedesktop.systemd1	/org/freedesktop/systemd1/unit/e2scrub_5fall_2etimer	org.freedesktop.systemd1.Unit	Restart	s
org.freedesktop.systemd1	/org/freedesktop/systemd1/unit/e2scrub_5fall_2etimer	org.freedesktop.systemd1.Unit	SetProperties	ba(sv)
org.freedesktop.systemd1	/org/freedesktop/systemd1/unit/e2scrub_5fall_2etimer	org.freedesktop.systemd1.Unit	Start	s
org.freedesktop.systemd1	/org/freedesktop/systemd1/unit/e2scrub_5fall_2etimer	org.freedesktop.systemd1.Unit	Stop	s
org.freedesktop.systemd1	/org/freedesktop/systemd1/unit/e2scrub_5fall_2etimer	org.freedesktop.systemd1.Unit	TryRestart	s
org.freedesktop.systemd1	/org/freedesktop/systemd1/unit/e2scrub_5freap_2eservice	org.freedesktop.systemd1.Service	AttachProcesses	sau
org.freedesktop.systemd1	/org/freedesktop/systemd1/unit/e2scrub_5freap_2eservice	org.freedesktop.systemd1.Service	BindMount	ssbb
org.freedesktop.systemd1	/org/freedesktop/systemd1/unit/e2scrub_5freap_2eservice	org.freedesktop.systemd1.Service	MountImage	ssbba(ss)
org.freedesktop.systemd1	/org/freedesktop/systemd1/unit/e2scrub_5freap_2eservice	org.freedesktop.systemd1.Unit	Kill	si
org.freedesktop.systemd1	/org/freedesktop/systemd1/unit/e2scrub_5freap_2eservice	org.freedesktop.systemd1.Unit	Reload	s
org.freedesktop.systemd1	/org/freedesktop/systemd1/unit/e2scrub_5freap_2eservice	org.freedesktop.systemd1.Unit	ReloadOrRestart	s
org.freedesktop.systemd1	/org/freedesktop/systemd1/unit/e2scrub_5freap_2eservice	org.freedesktop.systemd1.Unit	ReloadOrTryRestart	s
org.freedesktop.systemd1	/org/freedesktop/systemd1/unit/e2scrub_5freap_2eservice	org.freedesktop.systemd1.Unit	ResetFailed	
org.freedesktop.systemd1	/org/freedesktop/systemd1/unit/e2scrub_5freap_2eservice	org.freedesktop.systemd1.Unit	Restart	s
org.freedesktop.systemd1	/org/freedesktop/systemd1/unit/e2scrub_5freap_2eservice	org.freedesktop.systemd1.Unit	SetProperties	ba(sv)
org.freedesktop.systemd1	/org/freedesktop/systemd1/unit/e2scrub_5freap_2eservice	org.freedesktop.systemd1.Unit	Start	s
org.freedesktop.systemd1	/org/freedesktop/systemd1/unit/e2scrub_5freap_2eservice	org.freedesktop.systemd1.Unit	Stop	s
org.freedesktop.systemd1	/org/freedesktop/systemd1/unit/e2scrub_5freap_2eservice	org.freedesktop.systemd1.Unit	TryRestart	s
org.freedesktop.systemd1	/org/freedesktop/systemd1/unit/emergency_2eservice	org.freedesktop.systemd1.Service	AttachProcesses	sau
org.freedesktop.systemd1	/org/freedesktop/systemd1/unit/emergency_2eservice	org.freedesktop.systemd1.Service	BindMount	ssbb
org.freedesktop.systemd1	/org/freedesktop/systemd1/unit/emergency_2eservice	org.freedesktop.systemd1.Service	MountImage	ssbba(ss)
org.freedesktop.systemd1	/org/freedesktop/systemd1/unit/emergency_2eservice	org.freedesktop.systemd1.Unit	Kill	si
org.freedesktop.systemd1	/org/freedesktop/systemd1/unit/emergency_2eservice	org.freedesktop.systemd1.Unit	Reload	s
org.freedesktop.systemd1	/org/freedesktop/systemd1/unit/emergency_2eservice	org.freedesktop.systemd1.Unit	ReloadOrRestart	s
org.freedesktop.systemd1	/org/freedesktop/systemd1/unit/emergency_2eservice	org.freedesktop.systemd1.Unit	ReloadOrTryRestart	s
org.freedesktop.systemd1	/org/freedesktop/systemd1/unit/emergency_2eservice	org.freedesktop.systemd1.Unit	ResetFailed	
org.freedesktop.systemd1	/org/freedesktop/systemd1/unit/emergency_2eservice	org.freedesktop.systemd1.Unit	Restart	s
org.freedesktop.systemd1	/org/freedesktop/systemd1/unit/emergency_2eservice	org.freedesktop.systemd1.Unit	SetProperties	ba(sv)
org.freedesktop.systemd1	/org/freedesktop/systemd1/unit/emergency_2eservice	org.freedesktop.systemd1.Unit	Start	s
org.freedesktop.systemd1	/org/freedesktop/systemd1/unit/emergency_2eservice	org.freedesktop.systemd1.Unit	Stop	s
org.freedesktop.systemd1	/org/freedesktop/systemd1/unit/emergency_2eservice	org.freedesktop.systemd1.Unit	TryRestart	s
org.freedesktop.systemd1	/org/freedesktop/systemd1/unit/emergency_2etarget	org.freedesktop.systemd1.Unit	Kill	si
org.freedesktop.systemd1	/org/freedesktop/systemd1/unit/emergency_2etarget	org.freedesktop.systemd1.Unit	Reload	s
org.freedesktop.systemd1	/org/freedesktop/systemd1/unit/emergency_2etarget	org.freedesktop.systemd1.Unit	ReloadOrRestart	s
org.freedesktop.systemd1	/org/freedesktop/systemd1/unit/emergency_2etarget	org.freedesktop.systemd1.Unit	ReloadOrTryRestart	s
org.freedesktop.systemd1	/org/freedesktop/systemd1/unit/emergency_2etarget	org.freedesktop.systemd1.Unit	ResetFailed	
org.freedesktop.systemd1	/org/freedesktop/systemd1/unit/emergency_2etarget	org.freedesktop.systemd1.Unit	Restart	s
org.freedesktop.systemd1	/org/freedesktop/systemd1/unit/emergency_2etarget	org.freedesktop.systemd1.Unit	SetProperties	ba(sv)
org.freedesktop.systemd1	/org/freedesktop/systemd1/unit/emergency_2etarget	org.freedesktop.systemd1.Unit	Start	s
org.freedesktop.systemd1	/org/freedesktop/systemd1/unit/emergency_2etarget	org.freedesktop.systemd1.Unit	Stop	s
org.freedesktop.systemd1	/org/freedesktop/systemd1/unit/emergency_2etarget	org.freedesktop.systemd1.Unit	TryRestart	s
org.freedesktop.systemd1	/org/freedesktop/systemd1/unit/etc_2dhostname_2emount	org.freedesktop.systemd1.Mount	AttachProcesses	sau
org.freedesktop.systemd1	/org/freedesktop/systemd1/unit/etc_2dhostname_2emount	org.freedesktop.systemd1.Unit	Kill	si
org.freedesktop.systemd1	/org/freedesktop/systemd1/unit/etc_2dhostname_2emount	org.freedesktop.systemd1.Unit	Reload	s
org.freedesktop.systemd1	/org/freedesktop/systemd1/unit/etc_2dhostname_2emount	org.freedesktop.systemd1.Unit	ReloadOrRestart	s
org.freedesktop.systemd1	/org/freedesktop/systemd1/unit/etc_2dhostname_2emount	org.freedesktop.systemd1.Unit	ReloadOrTryRestart	s
org.freedesktop.systemd1	/org/freedesktop/systemd1/unit/etc_2dhostname_2emount	org.freedesktop.systemd1.Unit	ResetFailed	
org.freedesktop.systemd1	/org/freedesktop/systemd1/unit/etc_2dhostname_2emount	org.freedesktop.systemd1.Unit	Restart	s
org.freedesktop.systemd1	/org/freedesktop/systemd1/unit/etc_2dhostname_2emount	org.freedesktop.systemd1.Unit	SetProperties	ba(sv)
org.freedesktop.systemd1	/org/freedesktop/systemd1/unit/etc_2dhostname_2emount	org.freedesktop.systemd1.Unit	Start	s
org.freedesktop.systemd1	/org/freedesktop/systemd1/unit/etc_2dhostname_2emount	org.freedesktop.systemd1.Unit	Stop	s
org.freedesktop.systemd1	/org/freedesktop/systemd1/unit/etc_2dhostname_2emount	org.freedesktop.systemd1.Unit	TryRestart	s
org.freedesktop.systemd1	/org/freedesktop/systemd1/unit/etc_2dhosts_2emount	org.freedesktop.systemd1.Mount	AttachProcesses	sau
org.freedesktop.systemd1	/org/freedesktop/systemd1/unit/etc_2dhosts_2emount	org.freedesktop.systemd1.Unit	Kill	si
org.freedesktop.systemd1	/org/freedesktop/systemd1/unit/etc_2dhosts_2emount	org.freedesktop.systemd1.Unit	Reload	s
org.freedesktop.systemd1	/org/freedesktop/systemd1/unit/etc_2dhosts_2emount	org.freedesktop.systemd1.Unit	ReloadOrRestart	s
org.freedesktop.systemd1	/org/freedesktop/systemd1/unit/etc_2dhosts_2emount	org.freedesktop.systemd1.Unit	ReloadOrTryRestart	s
org.freedesktop.systemd1	/org/freedesktop/systemd1/unit/etc_2dhosts_2emount	org.freedesktop.systemd1.Unit	ResetFailed	
org.freedesktop.systemd1	/org/freedesktop/systemd1/unit/etc_2dhosts_2emount	org.freedesktop.systemd1.Unit	Restart	s
org.freedesktop.systemd1	/org/freedesktop/systemd1/unit/etc_2dhosts_2emount	org.freedesktop.systemd1.Unit	SetProperties	ba(sv)
org.freedesktop.systemd1	/org/freedesktop/systemd1/unit/etc_2dhosts_2emount	org.freedesktop.systemd1.Unit	Start	s
org.freedesktop.systemd1	/org/freedesktop/systemd1/unit/etc_2dhosts_2emount	org.freedesktop.systemd1.Unit	Stop	s
org.freedesktop.systemd1	/org/freedesktop/systemd1/unit/etc_2dhosts_2emount	org.freedesktop.systemd1.Unit	TryRestart	s
org.freedesktop.systemd1	/org/freedesktop/systemd1/unit/etc_2dresolv_2econf_2emount	org.freedesktop.systemd1.Mount	AttachProcesses	sau
org.freedesktop.systemd1	/org/freedesktop/systemd1/unit/etc_2dresolv_2econf_2emount	org.freedesktop.systemd1.Unit	Kill	si
org.freedesktop.systemd1	/org/freedesktop/systemd1/unit/etc_2dresolv_2econf_2emount	org.freedesktop.systemd1.Unit	Reload	s
org.freedesktop.systemd1	/org/freedesktop/systemd1/unit/etc_2dresolv_2econf_2emount	org.freedesktop.systemd1.Unit	ReloadOrRestart	s
org.freedesktop.systemd1	/org/freedesktop/systemd1/unit/etc_2dresolv_2econf_2emount	org.freedesktop.systemd1.Unit	ReloadOrTryRestart	s
org.freedesktop.systemd1	/org/freedesktop/systemd1/unit/etc_2dresolv_2econf_2emount	org.freedesktop.systemd1.Unit	ResetFailed	
org.freedesktop.systemd1	/org/freedesktop/systemd1/unit/etc_2dresolv_2econf_2emount	org.freedesktop.systemd1.Unit	Restart	s
org.freedesktop.systemd1	/org/freedesktop/systemd1/unit/etc_2dresolv_2econf_2emount	org.freedesktop.systemd1.Unit	SetProperties	ba(sv)
org.freedesktop.systemd1	/org/freedesktop/systemd1/unit/etc_2dresolv_2econf_2emount	org.freedesktop.systemd1.Unit	Start	s
org.freedesktop.systemd1	/org/freedesktop/systemd1/unit/etc_2dresolv_2econf_2emount	org.freedesktop.systemd1.Unit	Stop	s
org.freedesktop.systemd1	/org/freedesktop/systemd1/unit/etc_2dresolv_2econf_2emount	org.freedesktop.systemd1.Unit	TryRestart	s
org.freedesktop.systemd1	/org/freedesktop/systemd1/unit/fcoe_2eservice	org.freedesktop.systemd1.Service	AttachProcesses	sau
org.freedesktop.systemd1	/org/freedesktop/systemd1/unit/fcoe_2eservice	org.freedesktop.systemd1.Service	BindMount	ssbb
org.freedesktop.systemd1	/org/freedesktop/systemd1/unit/fcoe_2eservice	org.freedesktop.systemd1.Service	MountImage	ssbba(ss)
org.freedesktop.systemd1	/org/freedesktop/systemd1/unit/fcoe_2eservice	org.freedesktop.systemd1.Unit	Kill	si
org.freedesktop.systemd1	/org/freedesktop/systemd1/unit/fcoe_2eservice	org.freedesktop.systemd1.Unit	Reload	s
org.freedesktop.systemd1	/org/freedesktop/systemd1/unit/fcoe_2eservice	org.freedesktop.systemd1.Unit	ReloadOrRestart	s
org.freedesktop.systemd1	/org/freedesktop/systemd1/unit/fcoe_2eservice	org.freedesktop.systemd1.Unit	ReloadOrTryRestart	s
org.freedesktop.systemd1	/org/freedesktop/systemd1/unit/fcoe_2eservice	org.freedesktop.systemd1.Unit	ResetFailed	
org.freedesktop.systemd1	/org/freedesktop/systemd1/unit/fcoe_2eservice	org.freedesktop.systemd1.Unit	Restart	s
org.freedesktop.systemd1	/org/freedesktop/systemd1/unit/fcoe_2eservice	org.freedesktop.systemd1.Unit	SetProperties	ba(sv)
org.freedesktop.systemd1	/org/freedesktop/systemd1/unit/fcoe_2eservice	org.freedesktop.systemd1.Unit	Start	s
org.freedesktop.systemd1	/org/freedesktop/systemd1/unit/fcoe_2eservice	org.freedesktop.systemd1.Unit	Stop	s
org.freedesktop.systemd1	/org/freedesktop/systemd1/unit/fcoe_2eservice	org.freedesktop.systemd1.Unit	TryRestart	s
org.freedesktop.systemd1	/org/freedesktop/systemd1/unit/final_2etarget	org.freedesktop.systemd1.Unit	Kill	si
org.freedesktop.systemd1	/org/freedesktop/systemd1/unit/final_2etarget	org.freedesktop.systemd1.Unit	Reload	s
org.freedesktop.systemd1	/org/freedesktop/systemd1/unit/final_2etarget	org.freedesktop.systemd1.Unit	ReloadOrRestart	s
org.freedesktop.systemd1	/org/freedesktop/systemd1/unit/final_2etarget	org.freedesktop.systemd1.Unit	ReloadOrTryRestart	s
org.freedesktop.systemd1	/org/freedesktop/systemd1/unit/final_2etarget	org.freedesktop.systemd1.Unit	ResetFailed	
org.freedesktop.systemd1	/org/freedesktop/systemd1/unit/final_2etarget	org.freedesktop.systemd1.Unit	Restart	s
org.freedesktop.systemd1	/org/freedesktop/systemd1/unit/final_2etarget	org.freedesktop.systemd1.Unit	SetProperties	ba(sv)
org.freedesktop.systemd1	/org/freedesktop/systemd1/unit/final_2etarget	org.freedesktop.systemd1.Unit	Start	s
org.freedesktop.systemd1	/org/freedesktop/systemd1/unit/final_2etarget	org.freedesktop.systemd1.Unit	Stop	s
org.freedesktop.systemd1	/org/freedesktop/systemd1/unit/final_2etarget	org.freedesktop.systemd1.Unit	TryRestart	s
org.freedesktop.systemd1	/org/freedesktop/systemd1/unit/finalrd_2eservice	org.freedesktop.systemd1.Service	AttachProcesses	sau
org.freedesktop.systemd1	/org/freedesktop/systemd1/unit/finalrd_2eservice	org.freedesktop.systemd1.Service	BindMount	ssbb
org.freedesktop.systemd1	/org/freedesktop/systemd1/unit/finalrd_2eservice	org.freedesktop.systemd1.Service	MountImage	ssbba(ss)
org.freedesktop.systemd1	/org/freedesktop/systemd1/unit/finalrd_2eservice	org.freedesktop.systemd1.Unit	Kill	si
org.freedesktop.systemd1	/org/freedesktop/systemd1/unit/finalrd_2eservice	org.freedesktop.systemd1.Unit	Reload	s
org.freedesktop.systemd1	/org/freedesktop/systemd1/unit/finalrd_2eservice	org.freedesktop.systemd1.Unit	ReloadOrRestart	s
org.freedesktop.systemd1	/org/freedesktop/systemd1/unit/finalrd_2eservice	org.freedesktop.systemd1.Unit	ReloadOrTryRestart	s
org.freedesktop.systemd1	/org/freedesktop/systemd1/unit/finalrd_2eservice	org.freedesktop.systemd1.Unit	ResetFailed	
org.freedesktop.systemd1	/org/freedesktop/systemd1/unit/finalrd_2eservice	org.freedesktop.systemd1.Unit	Restart	s
org.freedesktop.systemd1	/org/freedesktop/systemd1/unit/finalrd_2eservice	org.freedesktop.systemd1.Unit	SetProperties	ba(sv)
org.freedesktop.systemd1	/org/freedesktop/systemd1/unit/finalrd_2eservice	org.freedesktop.systemd1.Unit	Start	s
org.freedesktop.systemd1	/org/freedesktop/systemd1/unit/finalrd_2eservice	org.freedesktop.systemd1.Unit	Stop	s
org.freedesktop.systemd1	/org/freedesktop/systemd1/unit/finalrd_2eservice	org.freedesktop.systemd1.Unit	TryRestart	s
org.freedesktop.systemd1	/org/freedesktop/systemd1/unit/first_2dboot_2dcomplete_2etarget	org.freedesktop.systemd1.Unit	Kill	si
org.freedesktop.systemd1	/org/freedesktop/systemd1/unit/first_2dboot_2dcomplete_2etarget	org.freedesktop.systemd1.Unit	Reload	s
org.freedesktop.systemd1	/org/freedesktop/systemd1/unit/first_2dboot_2dcomplete_2etarget	org.freedesktop.systemd1.Unit	ReloadOrRestart	s
org.freedesktop.systemd1	/org/freedesktop/systemd1/unit/first_2dboot_2dcomplete_2etarget	org.freedesktop.systemd1.Unit	ReloadOrTryRestart	s
org.freedesktop.systemd1	/org/freedesktop/systemd1/unit/first_2dboot_2dcomplete_2etarget	org.freedesktop.systemd1.Unit	ResetFailed	
org.freedesktop.systemd1	/org/freedesktop/systemd1/unit/first_2dboot_2dcomplete_2etarget	org.freedesktop.systemd1.Unit	Restart	s
org.freedesktop.systemd1	/org/freedesktop/systemd1/unit/first_2dboot_2dcomplete_2etarget	org.freedesktop.systemd1.Unit	SetProperties	ba(sv)
org.freedesktop.systemd1	/org/freedesktop/systemd1/unit/first_2dboot_2dcomplete_2etarget	org.freedesktop.systemd1.Unit	Start	s
org.freedesktop.systemd1	/org/freedesktop/systemd1/unit/first_2dboot_2dcomplete_2etarget	org.freedesktop.systemd1.Unit	Stop	s
org.freedesktop.systemd1	/org/freedesktop/systemd1/unit/first_2dboot_2dcomplete_2etarget	org.freedesktop.systemd1.Unit	TryRestart	s
org.freedesktop.systemd1	/org/freedesktop/systemd1/unit/fstrim_2eservice	org.freedesktop.systemd1.Service	AttachProcesses	sau
org.freedesktop.systemd1	/org/freedesktop/systemd1/unit/fstrim_2eservice	org.freedesktop.systemd1.Service	BindMount	ssbb
org.freedesktop.systemd1	/org/freedesktop/systemd1/unit/fstrim_2eservice	org.freedesktop.systemd1.Service	MountImage	ssbba(ss)
org.freedesktop.systemd1	/org/freedesktop/systemd1/unit/fstrim_2eservice	org.freedesktop.systemd1.Unit	Kill	si
org.freedesktop.systemd1	/org/freedesktop/systemd1/unit/fstrim_2eservice	org.freedesktop.systemd1.Unit	Reload	s
org.freedesktop.systemd1	/org/freedesktop/systemd1/unit/fstrim_2eservice	org.freedesktop.systemd1.Unit	ReloadOrRestart	s
org.freedesktop.systemd1	/org/freedesktop/systemd1/unit/fstrim_2eservice	org.freedesktop.systemd1.Unit	ReloadOrTryRestart	s
org.freedesktop.systemd1	/org/freedesktop/systemd1/unit/fstrim_2eservice	org.freedesktop.systemd1.Unit	ResetFailed	
org.freedesktop.systemd1	/org/freedesktop/systemd1/unit/fstrim_2eservice	org.freedesktop.systemd1.Unit	Restart	s
org.freedesktop.systemd1	/org/freedesktop/systemd1/unit/fstrim_2eservice	org.freedesktop.systemd1.Unit	SetProperties	ba(sv)
org.freedesktop.systemd1	/org/freedesktop/systemd1/unit/fstrim_2eservice	org.freedesktop.systemd1.Unit	Start	s
org.freedesktop.systemd1	/org/freedesktop/systemd1/unit/fstrim_2eservice	org.freedesktop.systemd1.Unit	Stop	s
org.freedesktop.systemd1	/org/freedesktop/systemd1/unit/fstrim_2eservice	org.freedesktop.systemd1.Unit	TryRestart	s
org.freedesktop.systemd1	/org/freedesktop/systemd1/unit/fstrim_2etimer	org.freedesktop.systemd1.Unit	Kill	si
org.freedesktop.systemd1	/org/freedesktop/systemd1/unit/fstrim_2etimer	org.freedesktop.systemd1.Unit	Reload	s
org.freedesktop.systemd1	/org/freedesktop/systemd1/unit/fstrim_2etimer	org.freedesktop.systemd1.Unit	ReloadOrRestart	s
org.freedesktop.systemd1	/org/freedesktop/systemd1/unit/fstrim_2etimer	org.freedesktop.systemd1.Unit	ReloadOrTryRestart	s
org.freedesktop.systemd1	/org/freedesktop/systemd1/unit/fstrim_2etimer	org.freedesktop.systemd1.Unit	ResetFailed	
org.freedesktop.systemd1	/org/freedesktop/systemd1/unit/fstrim_2etimer	org.freedesktop.systemd1.Unit	Restart	s
org.freedesktop.systemd1	/org/freedesktop/systemd1/unit/fstrim_2etimer	org.freedesktop.systemd1.Unit	SetProperties	ba(sv)
org.freedesktop.systemd1	/org/freedesktop/systemd1/unit/fstrim_2etimer	org.freedesktop.systemd1.Unit	Start	s
org.freedesktop.systemd1	/org/freedesktop/systemd1/unit/fstrim_2etimer	org.freedesktop.systemd1.Unit	Stop	s
org.freedesktop.systemd1	/org/freedesktop/systemd1/unit/fstrim_2etimer	org.freedesktop.systemd1.Unit	TryRestart	s
org.freedesktop.systemd1	/org/freedesktop/systemd1/unit/fwupd_2drefresh_2eservice	org.freedesktop.systemd1.Service	AttachProcesses	sau
org.freedesktop.systemd1	/org/freedesktop/systemd1/unit/fwupd_2drefresh_2eservice	org.freedesktop.systemd1.Service	BindMount	ssbb
org.freedesktop.systemd1	/org/freedesktop/systemd1/unit/fwupd_2drefresh_2eservice	org.freedesktop.systemd1.Service	MountImage	ssbba(ss)
org.freedesktop.systemd1	/org/freedesktop/systemd1/unit/fwupd_2drefresh_2eservice	org.freedesktop.systemd1.Unit	Kill	si
org.freedesktop.systemd1	/org/freedesktop/systemd1/unit/fwupd_2drefresh_2eservice	org.freedesktop.systemd1.Unit	Reload	s
org.freedesktop.systemd1	/org/freedesktop/systemd1/unit/fwupd_2drefresh_2eservice	org.freedesktop.systemd1.Unit	ReloadOrRestart	s
org.freedesktop.systemd1	/org/freedesktop/systemd1/unit/fwupd_2drefresh_2eservice	org.freedesktop.systemd1.Unit	ReloadOrTryRestart	s
org.freedesktop.systemd1	/org/freedesktop/systemd1/unit/fwupd_2drefresh_2eservice	org.freedesktop.systemd1.Unit	ResetFailed	
org.freedesktop.systemd1	/org/freedesktop/systemd1/unit/fwupd_2drefresh_2eservice	org.freedesktop.systemd1.Unit	Restart	s
org.freedesktop.systemd1	/org/freedesktop/systemd1/unit/fwupd_2drefresh_2eservice	org.freedesktop.systemd1.Unit	SetProperties	ba(sv)
org.freedesktop.systemd1	/org/freedesktop/systemd1/unit/fwupd_2drefresh_2eservice	org.freedesktop.systemd1.Unit	Start	s
org.freedesktop.systemd1	/org/freedesktop/systemd1/unit/fwupd_2drefresh_2eservice	org.freedesktop.systemd1.Unit	Stop	s
org.freedesktop.systemd1	/org/freedesktop/systemd1/unit/fwupd_2drefresh_2eservice	org.freedesktop.systemd1.Unit	TryRestart	s
org.freedesktop.systemd1	/org/freedesktop/systemd1/unit/fwupd_2drefresh_2etimer	org.freedesktop.systemd1.Unit	Kill	si
org.freedesktop.systemd1	/org/freedesktop/systemd1/unit/fwupd_2drefresh_2etimer	org.freedesktop.systemd1.Unit	Reload	s
org.freedesktop.systemd1	/org/freedesktop/systemd1/unit/fwupd_2drefresh_2etimer	org.freedesktop.systemd1.Unit	ReloadOrRestart	s
org.freedesktop.systemd1	/org/freedesktop/systemd1/unit/fwupd_2drefresh_2etimer	org.freedesktop.systemd1.Unit	ReloadOrTryRestart	s
org.freedesktop.systemd1	/org/freedesktop/systemd1/unit/fwupd_2drefresh_2etimer	org.freedesktop.systemd1.Unit	ResetFailed	
org.freedesktop.systemd1	/org/freedesktop/systemd1/unit/fwupd_2drefresh_2etimer	org.freedesktop.systemd1.Unit	Restart	s
org.freedesktop.systemd1	/org/freedesktop/systemd1/unit/fwupd_2drefresh_2etimer	org.freedesktop.systemd1.Unit	SetProperties	ba(sv)
org.freedesktop.systemd1	/org/freedesktop/systemd1/unit/fwupd_2drefresh_2etimer	org.freedesktop.systemd1.Unit	Start	s
org.freedesktop.systemd1	/org/freedesktop/systemd1/unit/fwupd_2drefresh_2etimer	org.freedesktop.systemd1.Unit	Stop	s
org.freedesktop.systemd1	/org/freedesktop/systemd1/unit/fwupd_2drefresh_2etimer	org.freedesktop.systemd1.Unit	TryRestart	s
org.freedesktop.systemd1	/org/freedesktop/systemd1/unit/getty_2dpre_2etarget	org.freedesktop.systemd1.Unit	Kill	si
org.freedesktop.systemd1	/org/freedesktop/systemd1/unit/getty_2dpre_2etarget	org.freedesktop.systemd1.Unit	Reload	s
org.freedesktop.systemd1	/org/freedesktop/systemd1/unit/getty_2dpre_2etarget	org.freedesktop.systemd1.Unit	ReloadOrRestart	s
org.freedesktop.systemd1	/org/freedesktop/systemd1/unit/getty_2dpre_2etarget	org.freedesktop.systemd1.Unit	ReloadOrTryRestart	s
org.freedesktop.systemd1	/org/freedesktop/systemd1/unit/getty_2dpre_2etarget	org.freedesktop.systemd1.Unit	ResetFailed	
org.freedesktop.systemd1	/org/freedesktop/systemd1/unit/getty_2dpre_2etarget	org.freedesktop.systemd1.Unit	Restart	s
org.freedesktop.systemd1	/org/freedesktop/systemd1/unit/getty_2dpre_2etarget	org.freedesktop.systemd1.Unit	SetProperties	ba(sv)
org.freedesktop.systemd1	/org/freedesktop/systemd1/unit/getty_2dpre_2etarget	org.freedesktop.systemd1.Unit	Start	s
org.freedesktop.systemd1	/org/freedesktop/systemd1/unit/getty_2dpre_2etarget	org.freedesktop.systemd1.Unit	Stop	s
org.freedesktop.systemd1	/org/freedesktop/systemd1/unit/getty_2dpre_2etarget	org.freedesktop.systemd1.Unit	TryRestart	s
org.freedesktop.systemd1	/org/freedesktop/systemd1/unit/getty_2dstatic_2eservice	org.freedesktop.systemd1.Service	AttachProcesses	sau
org.freedesktop.systemd1	/org/freedesktop/systemd1/unit/getty_2dstatic_2eservice	org.freedesktop.systemd1.Service	BindMount	ssbb
org.freedesktop.systemd1	/org/freedesktop/systemd1/unit/getty_2dstatic_2eservice	org.freedesktop.systemd1.Service	MountImage	ssbba(ss)
org.freedesktop.systemd1	/org/freedesktop/systemd1/unit/getty_2dstatic_2eservice	org.freedesktop.systemd1.Unit	Kill	si
org.freedesktop.systemd1	/org/freedesktop/systemd1/unit/getty_2dstatic_2eservice	org.freedesktop.systemd1.Unit	Reload	s
org.freedesktop.systemd1	/org/freedesktop/systemd1/unit/getty_2dstatic_2eservice	org.freedesktop.systemd1.Unit	ReloadOrRestart	s
org.freedesktop.systemd1	/org/freedesktop/systemd1/unit/getty_2dstatic_2eservice	org.freedesktop.systemd1.Unit	ReloadOrTryRestart	s
org.freedesktop.systemd1	/org/freedesktop/systemd1/unit/getty_2dstatic_2eservice	org.freedesktop.systemd1.Unit	ResetFailed	
org.freedesktop.systemd1	/org/freedesktop/systemd1/unit/getty_2dstatic_2eservice	org.freedesktop.systemd1.Unit	Restart	s
org.freedesktop.systemd1	/org/freedesktop/systemd1/unit/getty_2dstatic_2eservice	org.freedesktop.systemd1.Unit	SetProperties	ba(sv)
org.freedesktop.systemd1	/org/freedesktop/systemd1/unit/getty_2dstatic_2eservice	org.freedesktop.systemd1.Unit	Start	s
org.freedesktop.systemd1	/org/freedesktop/systemd1/unit/getty_2dstatic_2eservice	org.freedesktop.systemd1.Unit	Stop	s
org.freedesktop.systemd1	/org/freedesktop/systemd1/unit/getty_2dstatic_2eservice	org.freedesktop.systemd1.Unit	TryRestart	s
org.freedesktop.systemd1	/org/freedesktop/systemd1/unit/getty_2etarget	org.freedesktop.systemd1.Unit	Kill	si
org.freedesktop.systemd1	/org/freedesktop/systemd1/unit/getty_2etarget	org.freedesktop.systemd1.Unit	Reload	s
org.freedesktop.systemd1	/org/freedesktop/systemd1/unit/getty_2etarget	org.freedesktop.systemd1.Unit	ReloadOrRestart	s
org.freedesktop.systemd1	/org/freedesktop/systemd1/unit/getty_2etarget	org.freedesktop.systemd1.Unit	ReloadOrTryRestart	s
org.freedesktop.systemd1	/org/freedesktop/systemd1/unit/getty_2etarget	org.freedesktop.systemd1.Unit	ResetFailed	
org.freedesktop.systemd1	/org/freedesktop/systemd1/unit/getty_2etarget	org.freedesktop.systemd1.Unit	Restart	s
org.freedesktop.systemd1	/org/freedesktop/systemd1/unit/getty_2etarget	org.freedesktop.systemd1.Unit	SetProperties	ba(sv)
org.freedesktop.systemd1	/org/freedesktop/systemd1/unit/getty_2etarget	org.freedesktop.systemd1.Unit	Start	s
org.freedesktop.systemd1	/org/freedesktop/systemd1/unit/getty_2etarget	org.freedesktop.systemd1.Unit	Stop	s
org.freedesktop.systemd1	/org/freedesktop/systemd1/unit/getty_2etarget	org.freedesktop.systemd1.Unit	TryRestart	s
org.freedesktop.systemd1	/org/freedesktop/systemd1/unit/getty_40tty10_2eservice	org.freedesktop.systemd1.Service	AttachProcesses	sau
org.freedesktop.systemd1	/org/freedesktop/systemd1/unit/getty_40tty10_2eservice	org.freedesktop.systemd1.Service	BindMount	ssbb
org.freedesktop.systemd1	/org/freedesktop/systemd1/unit/getty_40tty10_2eservice	org.freedesktop.systemd1.Service	MountImage	ssbba(ss)
org.freedesktop.systemd1	/org/freedesktop/systemd1/unit/getty_40tty10_2eservice	org.freedesktop.systemd1.Unit	Kill	si
org.freedesktop.systemd1	/org/freedesktop/systemd1/unit/getty_40tty10_2eservice	org.freedesktop.systemd1.Unit	Reload	s
org.freedesktop.systemd1	/org/freedesktop/systemd1/unit/getty_40tty10_2eservice	org.freedesktop.systemd1.Unit	ReloadOrRestart	s
org.freedesktop.systemd1	/org/freedesktop/systemd1/unit/getty_40tty10_2eservice	org.freedesktop.systemd1.Unit	ReloadOrTryRestart	s
org.freedesktop.systemd1	/org/freedesktop/systemd1/unit/getty_40tty10_2eservice	org.freedesktop.systemd1.Unit	ResetFailed	
org.freedesktop.systemd1	/org/freedesktop/systemd1/unit/getty_40tty10_2eservice	org.freedesktop.systemd1.Unit	Restart	s
org.freedesktop.systemd1	/org/freedesktop/systemd1/unit/getty_40tty10_2eservice	org.freedesktop.systemd1.Unit	SetProperties	ba(sv)
org.freedesktop.systemd1	/org/freedesktop/systemd1/unit/getty_40tty10_2eservice	org.freedesktop.systemd1.Unit	Start	s
org.freedesktop.systemd1	/org/freedesktop/systemd1/unit/getty_40tty10_2eservice	org.freedesktop.systemd1.Unit	Stop	s
org.freedesktop.systemd1	/org/freedesktop/systemd1/unit/getty_40tty10_2eservice	org.freedesktop.systemd1.Unit	TryRestart	s
org.freedesktop.systemd1	/org/freedesktop/systemd1/unit/getty_40tty1_2eservice	org.freedesktop.systemd1.Service	AttachProcesses	sau
org.freedesktop.systemd1	/org/freedesktop/systemd1/unit/getty_40tty1_2eservice	org.freedesktop.systemd1.Service	BindMount	ssbb
org.freedesktop.systemd1	/org/freedesktop/systemd1/unit/getty_40tty1_2eservice	org.freedesktop.systemd1.Service	MountImage	ssbba(ss)
org.freedesktop.systemd1	/org/freedesktop/systemd1/unit/getty_40tty1_2eservice	org.freedesktop.systemd1.Unit	Kill	si
org.freedesktop.systemd1	/org/freedesktop/systemd1/unit/getty_40tty1_2eservice	org.freedesktop.systemd1.Unit	Reload	s
org.freedesktop.systemd1	/org/freedesktop/systemd1/unit/getty_40tty1_2eservice	org.freedesktop.systemd1.Unit	ReloadOrRestart	s
org.freedesktop.systemd1	/org/freedesktop/systemd1/unit/getty_40tty1_2eservice	org.freedesktop.systemd1.Unit	ReloadOrTryRestart	s
org.freedesktop.systemd1	/org/freedesktop/systemd1/unit/getty_40tty1_2eservice	org.freedesktop.systemd1.Unit	ResetFailed	
org.freedesktop.systemd1	/org/freedesktop/systemd1/unit/getty_40tty1_2eservice	org.freedesktop.systemd1.Unit	Restart	s
org.freedesktop.systemd1	/org/freedesktop/systemd1/unit/getty_40tty1_2eservice	org.freedesktop.systemd1.Unit	SetProperties	ba(sv)
org.freedesktop.systemd1	/org/freedesktop/systemd1/unit/getty_40tty1_2eservice	org.freedesktop.systemd1.Unit	Start	s
org.freedesktop.systemd1	/org/freedesktop/systemd1/unit/getty_40tty1_2eservice	org.freedesktop.systemd1.Unit	Stop	s
org.freedesktop.systemd1	/org/freedesktop/systemd1/unit/getty_40tty1_2eservice	org.freedesktop.systemd1.Unit	TryRestart	s
org.freedesktop.systemd1	/org/freedesktop/systemd1/unit/getty_40tty7_2eservice	org.freedesktop.systemd1.Service	AttachProcesses	sau
org.freedesktop.systemd1	/org/freedesktop/systemd1/unit/getty_40tty7_2eservice	org.freedesktop.systemd1.Service	BindMount	ssbb
org.freedesktop.systemd1	/org/freedesktop/systemd1/unit/getty_40tty7_2eservice	org.freedesktop.systemd1.Service	MountImage	ssbba(ss)
org.freedesktop.systemd1	/org/freedesktop/systemd1/unit/getty_40tty7_2eservice	org.freedesktop.systemd1.Unit	Kill	si
org.freedesktop.systemd1	/org/freedesktop/systemd1/unit/getty_40tty7_2eservice	org.freedesktop.systemd1.Unit	Reload	s
org.freedesktop.systemd1	/org/freedesktop/systemd1/unit/getty_40tty7_2eservice	org.freedesktop.systemd1.Unit	ReloadOrRestart	s
org.freedesktop.systemd1	/org/freedesktop/systemd1/unit/getty_40tty7_2eservice	org.freedesktop.systemd1.Unit	ReloadOrTryRestart	s
org.freedesktop.systemd1	/org/freedesktop/systemd1/unit/getty_40tty7_2eservice	org.freedesktop.systemd1.Unit	ResetFailed	
org.freedesktop.systemd1	/org/freedesktop/systemd1/unit/getty_40tty7_2eservice	org.freedesktop.systemd1.Unit	Restart	s
org.freedesktop.systemd1	/org/freedesktop/systemd1/unit/getty_40tty7_2eservice	org.freedesktop.systemd1.Unit	SetProperties	ba(sv)
org.freedesktop.systemd1	/org/freedesktop/systemd1/unit/getty_40tty7_2eservice	org.freedesktop.systemd1.Unit	Start	s
org.freedesktop.systemd1	/org/freedesktop/systemd1/unit/getty_40tty7_2eservice	org.freedesktop.systemd1.Unit	Stop	s
org.freedesktop.systemd1	/org/freedesktop/systemd1/unit/getty_40tty7_2eservice	org.freedesktop.systemd1.Unit	TryRestart	s
org.freedesktop.systemd1	/org/freedesktop/systemd1/unit/getty_40tty9_2eservice	org.freedesktop.systemd1.Service	AttachProcesses	sau
org.freedesktop.systemd1	/org/freedesktop/systemd1/unit/getty_40tty9_2eservice	org.freedesktop.systemd1.Service	BindMount	ssbb
org.freedesktop.systemd1	/org/freedesktop/systemd1/unit/getty_40tty9_2eservice	org.freedesktop.systemd1.Service	MountImage	ssbba(ss)
org.freedesktop.systemd1	/org/freedesktop/systemd1/unit/getty_40tty9_2eservice	org.freedesktop.systemd1.Unit	Kill	si
org.freedesktop.systemd1	/org/freedesktop/systemd1/unit/getty_40tty9_2eservice	org.freedesktop.systemd1.Unit	Reload	s
org.freedesktop.systemd1	/org/freedesktop/systemd1/unit/getty_40tty9_2eservice	org.freedesktop.systemd1.Unit	ReloadOrRestart	s
org.freedesktop.systemd1	/org/freedesktop/systemd1/unit/getty_40tty9_2eservice	org.freedesktop.systemd1.Unit	ReloadOrTryRestart	s
org.freedesktop.systemd1	/org/freedesktop/systemd1/unit/getty_40tty9_2eservice	org.freedesktop.systemd1.Unit	ResetFailed	
org.freedesktop.systemd1	/org/freedesktop/systemd1/unit/getty_40tty9_2eservice	org.freedesktop.systemd1.Unit	Restart	s
org.freedesktop.systemd1	/org/freedesktop/systemd1/unit/getty_40tty9_2eservice	org.freedesktop.systemd1.Unit	SetProperties	ba(sv)
org.freedesktop.systemd1	/org/freedesktop/systemd1/unit/getty_40tty9_2eservice	org.freedesktop.systemd1.Unit	Start	s
org.freedesktop.systemd1	/org/freedesktop/systemd1/unit/getty_40tty9_2eservice	org.freedesktop.systemd1.Unit	Stop	s
org.freedesktop.systemd1	/org/freedesktop/systemd1/unit/getty_40tty9_2eservice	org.freedesktop.systemd1.Unit	TryRestart	s
org.freedesktop.systemd1	/org/freedesktop/systemd1/unit/graphical_2etarget	org.freedesktop.systemd1.Unit	Kill	si
org.freedesktop.systemd1	/org/freedesktop/systemd1/unit/graphical_2etarget	org.freedesktop.systemd1.Unit	Reload	s
org.freedesktop.systemd1	/org/freedesktop/systemd1/unit/graphical_2etarget	org.freedesktop.systemd1.Unit	ReloadOrRestart	s
org.freedesktop.systemd1	/org/freedesktop/systemd1/unit/graphical_2etarget	org.freedesktop.systemd1.Unit	ReloadOrTryRestart	s
org.freedesktop.systemd1	/org/freedesktop/systemd1/unit/graphical_2etarget	org.freedesktop.systemd1.Unit	ResetFailed	
org.freedesktop.systemd1	/org/freedesktop/systemd1/unit/graphical_2etarget	org.freedesktop.systemd1.Unit	Restart	s
org.freedesktop.systemd1	/org/freedesktop/systemd1/unit/graphical_2etarget	org.freedesktop.systemd1.Unit	SetProperties	ba(sv)
org.freedesktop.systemd1	/org/freedesktop/systemd1/unit/graphical_2etarget	org.freedesktop.systemd1.Unit	Start	s
org.freedesktop.systemd1	/org/freedesktop/systemd1/unit/graphical_2etarget	org.freedesktop.systemd1.Unit	Stop	s
org.freedesktop.systemd1	/org/freedesktop/systemd1/unit/graphical_2etarget	org.freedesktop.systemd1.Unit	TryRestart	s
org.freedesktop.systemd1	/org/freedesktop/systemd1/unit/home_2emount	org.freedesktop.systemd1.Mount	AttachProcesses	sau
org.freedesktop.systemd1	/org/freedesktop/systemd1/unit/home_2emount	org.freedesktop.systemd1.Unit	Kill	si
org.freedesktop.systemd1	/org/freedesktop/systemd1/unit/home_2emount	org.freedesktop.systemd1.Unit	Reload	s
org.freedesktop.systemd1	/org/freedesktop/systemd1/unit/home_2emount	org.freedesktop.systemd1.Unit	ReloadOrRestart	s
org.freedesktop.systemd1	/org/freedesktop/systemd1/unit/home_2emount	org.freedesktop.systemd1.Unit	ReloadOrTryRestart	s
org.freedesktop.systemd1	/org/freedesktop/systemd1/unit/home_2emount	org.freedesktop.systemd1.Unit	ResetFailed	
org.freedesktop.systemd1	/org/freedesktop/systemd1/unit/home_2emount	org.freedesktop.systemd1.Unit	Restart	s
org.freedesktop.systemd1	/org/freedesktop/systemd1/unit/home_2emount	org.freedesktop.systemd1.Unit	SetProperties	ba(sv)
org.freedesktop.systemd1	/org/freedesktop/systemd1/unit/home_2emount	org.freedesktop.systemd1.Unit	Start	s
org.freedesktop.systemd1	/org/freedesktop/systemd1/unit/home_2emount	org.freedesktop.systemd1.Unit	Stop	s
org.freedesktop.systemd1	/org/freedesktop/systemd1/unit/home_2emount	org.freedesktop.systemd1.Unit	TryRestart	s
org.freedesktop.systemd1	/org/freedesktop/systemd1/unit/init_2escope	org.freedesktop.systemd1.Scope	AttachProcesses	sau
org.freedesktop.systemd1	/org/freedesktop/systemd1/unit/init_2escope	org.freedesktop.systemd1.Unit	Kill	si
org.freedesktop.systemd1	/org/freedesktop/systemd1/unit/init_2escope	org.freedesktop.systemd1.Unit	Reload	s
org.freedesktop.systemd1	/org/freedesktop/systemd1/unit/init_2escope	org.freedesktop.systemd1.Unit	ReloadOrRestart	s
org.freedesktop.systemd1	/org/freedesktop/systemd1/unit/init_2escope	org.freedesktop.systemd1.Unit	ReloadOrTryRestart	s
org.freedesktop.systemd1	/org/freedesktop/systemd1/unit/init_2escope	org.freedesktop.systemd1.Unit	ResetFailed	
org.freedesktop.systemd1	/org/freedesktop/systemd1/unit/init_2escope	org.freedesktop.systemd1.Unit	Restart	s
org.freedesktop.systemd1	/org/freedesktop/systemd1/unit/init_2escope	org.freedesktop.systemd1.Unit	SetProperties	ba(sv)
org.freedesktop.systemd1	/org/freedesktop/systemd1/unit/init_2escope	org.freedesktop.systemd1.Unit	Start	s
org.freedesktop.systemd1	/org/freedesktop/systemd1/unit/init_2escope	org.freedesktop.systemd1.Unit	Stop	s
org.freedesktop.systemd1	/org/freedesktop/systemd1/unit/init_2escope	org.freedesktop.systemd1.Unit	TryRestart	s
org.freedesktop.systemd1	/org/freedesktop/systemd1/unit/initrd_2dcleanup_2eservice	org.freedesktop.systemd1.Service	AttachProcesses	sau
org.freedesktop.systemd1	/org/freedesktop/systemd1/unit/initrd_2dcleanup_2eservice	org.freedesktop.systemd1.Service	BindMount	ssbb
org.freedesktop.systemd1	/org/freedesktop/systemd1/unit/initrd_2dcleanup_2eservice	org.freedesktop.systemd1.Service	MountImage	ssbba(ss)
org.freedesktop.systemd1	/org/freedesktop/systemd1/unit/initrd_2dcleanup_2eservice	org.freedesktop.systemd1.Unit	Kill	si
org.freedesktop.systemd1	/org/freedesktop/systemd1/unit/initrd_2dcleanup_2eservice	org.freedesktop.systemd1.Unit	Reload	s
org.freedesktop.systemd1	/org/freedesktop/systemd1/unit/initrd_2dcleanup_2eservice	org.freedesktop.systemd1.Unit	ReloadOrRestart	s
org.freedesktop.systemd1	/org/freedesktop/systemd1/unit/initrd_2dcleanup_2eservice	org.freedesktop.systemd1.Unit	ReloadOrTryRestart	s
org.freedesktop.systemd1	/org/freedesktop/systemd1/unit/initrd_2dcleanup_2eservice	org.freedesktop.systemd1.Unit	ResetFailed	
org.freedesktop.systemd1	/org/freedesktop/systemd1/unit/initrd_2dcleanup_2eservice	org.freedesktop.systemd1.Unit	Restart	s
org.freedesktop.systemd1	/org/freedesktop/systemd1/unit/initrd_2dcleanup_2eservice	org.freedesktop.systemd1.Unit	SetProperties	ba(sv)
org.freedesktop.systemd1	/org/freedesktop/systemd1/unit/initrd_2dcleanup_2eservice	org.freedesktop.systemd1.Unit	Start	s
org.freedesktop.systemd1	/org/freedesktop/systemd1/unit/initrd_2dcleanup_2eservice	org.freedesktop.systemd1.Unit	Stop	s
org.freedesktop.systemd1	/org/freedesktop/systemd1/unit/initrd_2dcleanup_2eservice	org.freedesktop.systemd1.Unit	TryRestart	s
org.freedesktop.systemd1	/org/freedesktop/systemd1/unit/initrd_2dfs_2etarget	org.freedesktop.systemd1.Unit	Kill	si
org.freedesktop.systemd1	/org/freedesktop/systemd1/unit/initrd_2dfs_2etarget	org.freedesktop.systemd1.Unit	Reload	s
org.freedesktop.systemd1	/org/freedesktop/systemd1/unit/initrd_2dfs_2etarget	org.freedesktop.systemd1.Unit	ReloadOrRestart	s
org.freedesktop.systemd1	/org/freedesktop/systemd1/unit/initrd_2dfs_2etarget	org.freedesktop.systemd1.Unit	ReloadOrTryRestart	s
org.freedesktop.systemd1	/org/freedesktop/systemd1/unit/initrd_2dfs_2etarget	org.freedesktop.systemd1.Unit	ResetFailed	
org.freedesktop.systemd1	/org/freedesktop/systemd1/unit/initrd_2dfs_2etarget	org.freedesktop.systemd1.Unit	Restart	s
org.freedesktop.systemd1	/org/freedesktop/systemd1/unit/initrd_2dfs_2etarget	org.freedesktop.systemd1.Unit	SetProperties	ba(sv)
org.freedesktop.systemd1	/org/freedesktop/systemd1/unit/initrd_2dfs_2etarget	org.freedesktop.systemd1.Unit	Start	s
org.freedesktop.systemd1	/org/freedesktop/systemd1/unit/initrd_2dfs_2etarget	org.freedesktop.systemd1.Unit	Stop	s
org.freedesktop.systemd1	/org/freedesktop/systemd1/unit/initrd_2dfs_2etarget	org.freedesktop.systemd1.Unit	TryRestart	s
org.freedesktop.systemd1	/org/freedesktop/systemd1/unit/initrd_2dparse_2detc_2eservice	org.freedesktop.systemd1.Service	AttachProcesses	sau
org.freedesktop.systemd1	/org/freedesktop/systemd1/unit/initrd_2dparse_2detc_2eservice	org.freedesktop.systemd1.Service	BindMount	ssbb
org.freedesktop.systemd1	/org/freedesktop/systemd1/unit/initrd_2dparse_2detc_2eservice	org.freedesktop.systemd1.Service	MountImage	ssbba(ss)
org.freedesktop.systemd1	/org/freedesktop/systemd1/unit/initrd_2dparse_2detc_2eservice	org.freedesktop.systemd1.Unit	Kill	si
org.freedesktop.systemd1	/org/freedesktop/systemd1/unit/initrd_2dparse_2detc_2eservice	org.freedesktop.systemd1.Unit	Reload	s
org.freedesktop.systemd1	/org/freedesktop/systemd1/unit/initrd_2dparse_2detc_2eservice	org.freedesktop.systemd1.Unit	ReloadOrRestart	s
org.freedesktop.systemd1	/org/freedesktop/systemd1/unit/initrd_2dparse_2detc_2eservice	org.freedesktop.systemd1.Unit	ReloadOrTryRestart	s
org.freedesktop.systemd1	/org/freedesktop/systemd1/unit/initrd_2dparse_2detc_2eservice	org.freedesktop.systemd1.Unit	ResetFailed	
org.freedesktop.systemd1	/org/freedesktop/systemd1/unit/initrd_2dparse_2detc_2eservice	org.freedesktop.systemd1.Unit	Restart	s
org.freedesktop.systemd1	/org/freedesktop/systemd1/unit/initrd_2dparse_2detc_2eservice	org.freedesktop.systemd1.Unit	SetProperties	ba(sv)
org.freedesktop.systemd1	/org/freedesktop/systemd1/unit/initrd_2dparse_2detc_2eservice	org.freedesktop.systemd1.Unit	Start	s
org.freedesktop.systemd1	/org/freedesktop/systemd1/unit/initrd_2dparse_2detc_2eservice	org.freedesktop.systemd1.Unit	Stop	s
org.freedesktop.systemd1	/org/freedesktop/systemd1/unit/initrd_2dparse_2detc_2eservice	org.freedesktop.systemd1.Unit	TryRestart	s
org.freedesktop.systemd1	/org/freedesktop/systemd1/unit/initrd_2droot_2ddevice_2etarget	org.freedesktop.systemd1.Unit	Kill	si
org.freedesktop.systemd1	/org/freedesktop/systemd1/unit/initrd_2droot_2ddevice_2etarget	org.freedesktop.systemd1.Unit	Reload	s
org.freedesktop.systemd1	/org/freedesktop/systemd1/unit/initrd_2droot_2ddevice_2etarget	org.freedesktop.systemd1.Unit	ReloadOrRestart	s
org.freedesktop.systemd1	/org/freedesktop/systemd1/unit/initrd_2droot_2ddevice_2etarget	org.freedesktop.systemd1.Unit	ReloadOrTryRestart	s
org.freedesktop.systemd1	/org/freedesktop/systemd1/unit/initrd_2droot_2ddevice_2etarget	org.freedesktop.systemd1.Unit	ResetFailed	
org.freedesktop.systemd1	/org/freedesktop/systemd1/unit/initrd_2droot_2ddevice_2etarget	org.freedesktop.systemd1.Unit	Restart	s
org.freedesktop.systemd1	/org/freedesktop/systemd1/unit/initrd_2droot_2ddevice_2etarget	org.freedesktop.systemd1.Unit	SetProperties	ba(sv)
org.freedesktop.systemd1	/org/freedesktop/systemd1/unit/initrd_2droot_2ddevice_2etarget	org.freedesktop.systemd1.Unit	Start	s
org.freedesktop.systemd1	/org/freedesktop/systemd1/unit/initrd_2droot_2ddevice_2etarget	org.freedesktop.systemd1.Unit	Stop	s
org.freedesktop.systemd1	/org/freedesktop/systemd1/unit/initrd_2droot_2ddevice_2etarget	org.freedesktop.systemd1.Unit	TryRestart	s
org.freedesktop.systemd1	/org/freedesktop/systemd1/unit/initrd_2droot_2dfs_2etarget	org.freedesktop.systemd1.Unit	Kill	si
org.freedesktop.systemd1	/org/freedesktop/systemd1/unit/initrd_2droot_2dfs_2etarget	org.freedesktop.systemd1.Unit	Reload	s
org.freedesktop.systemd1	/org/freedesktop/systemd1/unit/initrd_2droot_2dfs_2etarget	org.freedesktop.systemd1.Unit	ReloadOrRestart	s
org.freedesktop.systemd1	/org/freedesktop/systemd1/unit/initrd_2droot_2dfs_2etarget	org.freedesktop.systemd1.Unit	ReloadOrTryRestart	s
org.freedesktop.systemd1	/org/freedesktop/systemd1/unit/initrd_2droot_2dfs_2etarget	org.freedesktop.systemd1.Unit	ResetFailed	
org.freedesktop.systemd1	/org/freedesktop/systemd1/unit/initrd_2droot_2dfs_2etarget	org.freedesktop.systemd1.Unit	Restart	s
org.freedesktop.systemd1	/org/freedesktop/systemd1/unit/initrd_2droot_2dfs_2etarget	org.freedesktop.systemd1.Unit	SetProperties	ba(sv)
org.freedesktop.systemd1	/org/freedesktop/systemd1/unit/initrd_2droot_2dfs_2etarget	org.freedesktop.systemd1.Unit	Start	s
org.freedesktop.systemd1	/org/freedesktop/systemd1/unit/initrd_2droot_2dfs_2etarget	org.freedesktop.systemd1.Unit	Stop	s
org.freedesktop.systemd1	/org/freedesktop/systemd1/unit/initrd_2droot_2dfs_2etarget	org.freedesktop.systemd1.Unit	TryRestart	s
org.freedesktop.systemd1	/org/freedesktop/systemd1/unit/initrd_2dswitch_2droot_2eservice	org.freedesktop.systemd1.Service	AttachProcesses	sau
org.freedesktop.systemd1	/org/freedesktop/systemd1/unit/initrd_2dswitch_2droot_2eservice	org.freedesktop.systemd1.Service	BindMount	ssbb
org.freedesktop.systemd1	/org/freedesktop/systemd1/unit/initrd_2dswitch_2droot_2eservice	org.freedesktop.systemd1.Service	MountImage	ssbba(ss)
org.freedesktop.systemd1	/org/freedesktop/systemd1/unit/initrd_2dswitch_2droot_2eservice	org.freedesktop.systemd1.Unit	Kill	si
org.freedesktop.systemd1	/org/freedesktop/systemd1/unit/initrd_2dswitch_2droot_2eservice	org.freedesktop.systemd1.Unit	Reload	s
org.freedesktop.systemd1	/org/freedesktop/systemd1/unit/initrd_2dswitch_2droot_2eservice	org.freedesktop.systemd1.Unit	ReloadOrRestart	s
org.freedesktop.systemd1	/org/freedesktop/systemd1/unit/initrd_2dswitch_2droot_2eservice	org.freedesktop.systemd1.Unit	ReloadOrTryRestart	s
org.freedesktop.systemd1	/org/freedesktop/systemd1/unit/initrd_2dswitch_2droot_2eservice	org.freedesktop.systemd1.Unit	ResetFailed	
org.freedesktop.systemd1	/org/freedesktop/systemd1/unit/initrd_2dswitch_2droot_2eservice	org.freedesktop.systemd1.Unit	Restart	s
org.freedesktop.systemd1	/org/freedesktop/systemd1/unit/initrd_2dswitch_2droot_2eservice	org.freedesktop.systemd1.Unit	SetProperties	ba(sv)
org.freedesktop.systemd1	/org/freedesktop/systemd1/unit/initrd_2dswitch_2droot_2eservice	org.freedesktop.systemd1.Unit	Start	s
org.freedesktop.systemd1	/org/freedesktop/systemd1/unit/initrd_2dswitch_2droot_2eservice	org.freedesktop.systemd1.Unit	Stop	s
org.freedesktop.systemd1	/org/freedesktop/systemd1/unit/initrd_2dswitch_2droot_2eservice	org.freedesktop.systemd1.Unit	TryRestart	s
org.freedesktop.systemd1	/org/freedesktop/systemd1/unit/initrd_2dswitch_2droot_2etarget	org.freedesktop.systemd1.Unit	Kill	si
org.freedesktop.systemd1	/org/freedesktop/systemd1/unit/initrd_2dswitch_2droot_2etarget	org.freedesktop.systemd1.Unit	Reload	s
org.freedesktop.systemd1	/org/freedesktop/systemd1/unit/initrd_2dswitch_2droot_2etarget	org.freedesktop.systemd1.Unit	ReloadOrRestart	s
org.freedesktop.systemd1	/org/freedesktop/systemd1/unit/initrd_2dswitch_2droot_2etarget	org.freedesktop.systemd1.Unit	ReloadOrTryRestart	s
org.freedesktop.systemd1	/org/freedesktop/systemd1/unit/initrd_2dswitch_2droot_2etarget	org.freedesktop.systemd1.Unit	ResetFailed	
org.freedesktop.systemd1	/org/freedesktop/systemd1/unit/initrd_2dswitch_2droot_2etarget	org.freedesktop.systemd1.Unit	Restart	s
org.freedesktop.systemd1	/org/freedesktop/systemd1/unit/initrd_2dswitch_2droot_2etarget	org.freedesktop.systemd1.Unit	SetProperties	ba(sv)
org.freedesktop.systemd1	/org/freedesktop/systemd1/unit/initrd_2dswitch_2droot_2etarget	org.freedesktop.systemd1.Unit	Start	s
org.freedesktop.systemd1	/org/freedesktop/systemd1/unit/initrd_2dswitch_2droot_2etarget	org.freedesktop.systemd1.Unit	Stop	s
org.freedesktop.systemd1	/org/freedesktop/systemd1/unit/initrd_2dswitch_2droot_2etarget	org.freedesktop.systemd1.Unit	TryRestart	s
org.freedesktop.systemd1	/org/freedesktop/systemd1/unit/initrd_2dudevadm_2dcleanup_2ddb_2eservice	org.freedesktop.systemd1.Service	AttachProcesses	sau
org.freedesktop.systemd1	/org/freedesktop/systemd1/unit/initrd_2dudevadm_2dcleanup_2ddb_2eservice	org.freedesktop.systemd1.Service	BindMount	ssbb
org.freedesktop.systemd1	/org/freedesktop/systemd1/unit/initrd_2dudevadm_2dcleanup_2ddb_2eservice	org.freedesktop.systemd1.Service	MountImage	ssbba(ss)
org.freedesktop.systemd1	/org/freedesktop/systemd1/unit/initrd_2dudevadm_2dcleanup_2ddb_2eservice	org.freedesktop.systemd1.Unit	Kill	si
org.freedesktop.systemd1	/org/freedesktop/systemd1/unit/initrd_2dudevadm_2dcleanup_2ddb_2eservice	org.freedesktop.systemd1.Unit	Reload	s
org.freedesktop.systemd1	/org/freedesktop/systemd1/unit/initrd_2dudevadm_2dcleanup_2ddb_2eservice	org.freedesktop.systemd1.Unit	ReloadOrRestart	s
org.freedesktop.systemd1	/org/freedesktop/systemd1/unit/initrd_2dudevadm_2dcleanup_2ddb_2eservice	org.freedesktop.systemd1.Unit	ReloadOrTryRestart	s
org.freedesktop.systemd1	/org/freedesktop/systemd1/unit/initrd_2dudevadm_2dcleanup_2ddb_2eservice	org.freedesktop.systemd1.Unit	ResetFailed	
org.freedesktop.systemd1	/org/freedesktop/systemd1/unit/initrd_2dudevadm_2dcleanup_2ddb_2eservice	org.freedesktop.systemd1.Unit	Restart	s
org.freedesktop.systemd1	/org/freedesktop/systemd1/unit/initrd_2dudevadm_2dcleanup_2ddb_2eservice	org.freedesktop.systemd1.Unit	SetProperties	ba(sv)
org.freedesktop.systemd1	/org/freedesktop/systemd1/unit/initrd_2dudevadm_2dcleanup_2ddb_2eservice	org.freedesktop.systemd1.Unit	Start	s
org.freedesktop.systemd1	/org/freedesktop/systemd1/unit/initrd_2dudevadm_2dcleanup_2ddb_2eservice	org.freedesktop.systemd1.Unit	Stop	s
org.freedesktop.systemd1	/org/freedesktop/systemd1/unit/initrd_2dudevadm_2dcleanup_2ddb_2eservice	org.freedesktop.systemd1.Unit	TryRestart	s
org.freedesktop.systemd1	/org/freedesktop/systemd1/unit/initrd_2dusr_2dfs_2etarget	org.freedesktop.systemd1.Unit	Kill	si
org.freedesktop.systemd1	/org/freedesktop/systemd1/unit/initrd_2dusr_2dfs_2etarget	org.freedesktop.systemd1.Unit	Reload	s
org.freedesktop.systemd1	/org/freedesktop/systemd1/unit/initrd_2dusr_2dfs_2etarget	org.freedesktop.systemd1.Unit	ReloadOrRestart	s
org.freedesktop.systemd1	/org/freedesktop/systemd1/unit/initrd_2dusr_2dfs_2etarget	org.freedesktop.systemd1.Unit	ReloadOrTryRestart	s
org.freedesktop.systemd1	/org/freedesktop/systemd1/unit/initrd_2dusr_2dfs_2etarget	org.freedesktop.systemd1.Unit	ResetFailed	
org.freedesktop.systemd1	/org/freedesktop/systemd1/unit/initrd_2dusr_2dfs_2etarget	org.freedesktop.systemd1.Unit	Restart	s
org.freedesktop.systemd1	/org/freedesktop/systemd1/unit/initrd_2dusr_2dfs_2etarget	org.freedesktop.systemd1.Unit	SetProperties	ba(sv)
org.freedesktop.systemd1	/org/freedesktop/systemd1/unit/initrd_2dusr_2dfs_2etarget	org.freedesktop.systemd1.Unit	Start	s
org.freedesktop.systemd1	/org/freedesktop/systemd1/unit/initrd_2dusr_2dfs_2etarget	org.freedesktop.systemd1.Unit	Stop	s
org.freedesktop.systemd1	/org/freedesktop/systemd1/unit/initrd_2dusr_2dfs_2etarget	org.freedesktop.systemd1.Unit	TryRestart	s
org.freedesktop.systemd1	/org/freedesktop/systemd1/unit/initrd_2etarget	org.freedesktop.systemd1.Unit	Kill	si
org.freedesktop.systemd1	/org/freedesktop/systemd1/unit/initrd_2etarget	org.freedesktop.systemd1.Unit	Reload	s
org.freedesktop.systemd1	/org/freedesktop/systemd1/unit/initrd_2etarget	org.freedesktop.systemd1.Unit	ReloadOrRestart	s
org.freedesktop.systemd1	/org/freedesktop/systemd1/unit/initrd_2etarget	org.freedesktop.systemd1.Unit	ReloadOrTryRestart	s
org.freedesktop.systemd1	/org/freedesktop/systemd1/unit/initrd_2etarget	org.freedesktop.systemd1.Unit	ResetFailed	
org.freedesktop.systemd1	/org/freedesktop/systemd1/unit/initrd_2etarget	org.freedesktop.systemd1.Unit	Restart	s
org.freedesktop.systemd1	/org/freedesktop/systemd1/unit/initrd_2etarget	org.freedesktop.systemd1.Unit	SetProperties	ba(sv)
org.freedesktop.systemd1	/org/freedesktop/systemd1/unit/initrd_2etarget	org.freedesktop.systemd1.Unit	Start	s
org.freedesktop.systemd1	/org/freedesktop/systemd1/unit/initrd_2etarget	org.freedesktop.systemd1.Unit	Stop	s
org.freedesktop.systemd1	/org/freedesktop/systemd1/unit/initrd_2etarget	org.freedesktop.systemd1.Unit	TryRestart	s
org.freedesktop.systemd1	/org/freedesktop/systemd1/unit/integritysetup_2etarget	org.freedesktop.systemd1.Unit	Kill	si
org.freedesktop.systemd1	/org/freedesktop/systemd1/unit/integritysetup_2etarget	org.freedesktop.systemd1.Unit	Reload	s
org.freedesktop.systemd1	/org/freedesktop/systemd1/unit/integritysetup_2etarget	org.freedesktop.systemd1.Unit	ReloadOrRestart	s
org.freedesktop.systemd1	/org/freedesktop/systemd1/unit/integritysetup_2etarget	org.freedesktop.systemd1.Unit	ReloadOrTryRestart	s
org.freedesktop.systemd1	/org/freedesktop/systemd1/unit/integritysetup_2etarget	org.freedesktop.systemd1.Unit	ResetFailed	
org.freedesktop.systemd1	/org/freedesktop/systemd1/unit/integritysetup_2etarget	org.freedesktop.systemd1.Unit	Restart	s
org.freedesktop.systemd1	/org/freedesktop/systemd1/unit/integritysetup_2etarget	org.freedesktop.systemd1.Unit	SetProperties	ba(sv)
org.freedesktop.systemd1	/org/freedesktop/systemd1/unit/integritysetup_2etarget	org.freedesktop.systemd1.Unit	Start	s
org.freedesktop.systemd1	/org/freedesktop/systemd1/unit/integritysetup_2etarget	org.freedesktop.systemd1.Unit	Stop	s
org.freedesktop.systemd1	/org/freedesktop/systemd1/unit/integritysetup_2etarget	org.freedesktop.systemd1.Unit	TryRestart	s
org.freedesktop.systemd1	/org/freedesktop/systemd1/unit/iscsi_2dshutdown_2eservice	org.freedesktop.systemd1.Service	AttachProcesses	sau
org.freedesktop.systemd1	/org/freedesktop/systemd1/unit/iscsi_2dshutdown_2eservice	org.freedesktop.systemd1.Service	BindMount	ssbb
org.freedesktop.systemd1	/org/freedesktop/systemd1/unit/iscsi_2dshutdown_2eservice	org.freedesktop.systemd1.Service	MountImage	ssbba(ss)
org.freedesktop.systemd1	/org/freedesktop/systemd1/unit/iscsi_2dshutdown_2eservice	org.freedesktop.systemd1.Unit	Kill	si
org.freedesktop.systemd1	/org/freedesktop/systemd1/unit/iscsi_2dshutdown_2eservice	org.freedesktop.systemd1.Unit	Reload	s
org.freedesktop.systemd1	/org/freedesktop/systemd1/unit/iscsi_2dshutdown_2eservice	org.freedesktop.systemd1.Unit	ReloadOrRestart	s
org.freedesktop.systemd1	/org/freedesktop/systemd1/unit/iscsi_2dshutdown_2eservice	org.freedesktop.systemd1.Unit	ReloadOrTryRestart	s
org.freedesktop.systemd1	/org/freedesktop/systemd1/unit/iscsi_2dshutdown_2eservice	org.freedesktop.systemd1.Unit	ResetFailed	
org.freedesktop.systemd1	/org/freedesktop/systemd1/unit/iscsi_2dshutdown_2eservice	org.freedesktop.systemd1.Unit	Restart	s
org.freedesktop.systemd1	/org/freedesktop/systemd1/unit/iscsi_2dshutdown_2eservice	org.freedesktop.systemd1.Unit	SetProperties	ba(sv)
org.freedesktop.systemd1	/org/freedesktop/systemd1/unit/iscsi_2dshutdown_2eservice	org.freedesktop.systemd1.Unit	Start	s
org.freedesktop.systemd1	/org/freedesktop/systemd1/unit/iscsi_2dshutdown_2eservice	org.freedesktop.systemd1.Unit	Stop	s
org.freedesktop.systemd1	/org/freedesktop/systemd1/unit/iscsi_2dshutdown_2eservice	org.freedesktop.systemd1.Unit	TryRestart	s
org.freedesktop.systemd1	/org/freedesktop/systemd1/unit/iscsid_2eservice	org.freedesktop.systemd1.Service	AttachProcesses	sau
org.freedesktop.systemd1	/org/freedesktop/systemd1/unit/iscsid_2eservice	org.freedesktop.systemd1.Service	BindMount	ssbb
org.freedesktop.systemd1	/org/freedesktop/systemd1/unit/iscsid_2eservice	org.freedesktop.systemd1.Service	MountImage	ssbba(ss)
org.freedesktop.systemd1	/org/freedesktop/systemd1/unit/iscsid_2eservice	org.freedesktop.systemd1.Unit	Kill	si
org.freedesktop.systemd1	/org/freedesktop/systemd1/unit/iscsid_2eservice	org.freedesktop.systemd1.Unit	Reload	s
org.freedesktop.systemd1	/org/freedesktop/systemd1/unit/iscsid_2eservice	org.freedesktop.systemd1.Unit	ReloadOrRestart	s
org.freedesktop.systemd1	/org/freedesktop/systemd1/unit/iscsid_2eservice	org.freedesktop.systemd1.Unit	ReloadOrTryRestart	s
org.freedesktop.systemd1	/org/freedesktop/systemd1/unit/iscsid_2eservice	org.freedesktop.systemd1.Unit	ResetFailed	
org.freedesktop.systemd1	/org/freedesktop/systemd1/unit/iscsid_2eservice	org.freedesktop.systemd1.Unit	Restart	s
org.freedesktop.systemd1	/org/freedesktop/systemd1/unit/iscsid_2eservice	org.freedesktop.systemd1.Unit	SetProperties	ba(sv)
org.freedesktop.systemd1	/org/freedesktop/systemd1/unit/iscsid_2eservice	org.freedesktop.systemd1.Unit	Start	s
org.freedesktop.systemd1	/org/freedesktop/systemd1/unit/iscsid_2eservice	org.freedesktop.systemd1.Unit	Stop	s
org.freedesktop.systemd1	/org/freedesktop/systemd1/unit/iscsid_2eservice	org.freedesktop.systemd1.Unit	TryRestart	s
org.freedesktop.systemd1	/org/freedesktop/systemd1/unit/iscsid_2esocket	org.freedesktop.systemd1.Socket	AttachProcesses	sau
org.freedesktop.systemd1	/org/freedesktop/systemd1/unit/iscsid_2esocket	org.freedesktop.systemd1.Unit	Kill	si
org.freedesktop.systemd1	/org/freedesktop/systemd1/unit/iscsid_2esocket	org.freedesktop.systemd1.Unit	Reload	s
org.freedesktop.systemd1	/org/freedesktop/systemd1/unit/iscsid_2esocket	org.freedesktop.systemd1.Unit	ReloadOrRestart	s
org.freedesktop.systemd1	/org/freedesktop/systemd1/unit/iscsid_2esocket	org.freedesktop.systemd1.Unit	ReloadOrTryRestart	s
org.freedesktop.systemd1	/org/freedesktop/systemd1/unit/iscsid_2esocket	org.freedesktop.systemd1.Unit	ResetFailed	
org.freedesktop.systemd1	/org/freedesktop/systemd1/unit/iscsid_2esocket	org.freedesktop.systemd1.Unit	Restart	s
org.freedesktop.systemd1	/org/freedesktop/systemd1/unit/iscsid_2esocket	org.freedesktop.systemd1.Unit	SetProperties	ba(sv)
org.freedesktop.systemd1	/org/freedesktop/systemd1/unit/iscsid_2esocket	org.freedesktop.systemd1.Unit	Start	s
org.freedesktop.systemd1	/org/freedesktop/systemd1/unit/iscsid_2esocket	org.freedesktop.systemd1.Unit	Stop	s
org.freedesktop.systemd1	/org/freedesktop/systemd1/unit/iscsid_2esocket	org.freedesktop.systemd1.Unit	TryRestart	s
org.freedesktop.systemd1	/org/freedesktop/systemd1/unit/kbd_2eservice	org.freedesktop.systemd1.Service	AttachProcesses	sau
org.freedesktop.systemd1	/org/freedesktop/systemd1/unit/kbd_2eservice	org.freedesktop.systemd1.Service	BindMount	ssbb
org.freedesktop.systemd1	/org/freedesktop/systemd1/unit/kbd_2eservice	org.freedesktop.systemd1.Service	MountImage	ssbba(ss)
org.freedesktop.systemd1	/org/freedesktop/systemd1/unit/kbd_2eservice	org.freedesktop.systemd1.Unit	Kill	si
org.freedesktop.systemd1	/org/freedesktop/systemd1/unit/kbd_2eservice	org.freedesktop.systemd1.Unit	Reload	s
org.freedesktop.systemd1	/org/freedesktop/systemd1/unit/kbd_2eservice	org.freedesktop.systemd1.Unit	ReloadOrRestart	s
org.freedesktop.systemd1	/org/freedesktop/systemd1/unit/kbd_2eservice	org.freedesktop.systemd1.Unit	ReloadOrTryRestart	s
org.freedesktop.systemd1	/org/freedesktop/systemd1/unit/kbd_2eservice	org.freedesktop.systemd1.Unit	ResetFailed	
org.freedesktop.systemd1	/org/freedesktop/systemd1/unit/kbd_2eservice	org.freedesktop.systemd1.Unit	Restart	s
org.freedesktop.systemd1	/org/freedesktop/systemd1/unit/kbd_2eservice	org.freedesktop.systemd1.Unit	SetProperties	ba(sv)
org.freedesktop.systemd1	/org/freedesktop/systemd1/unit/kbd_2eservice	org.freedesktop.systemd1.Unit	Start	s
org.freedesktop.systemd1	/org/freedesktop/systemd1/unit/kbd_2eservice	org.freedesktop.systemd1.Unit	Stop	s
org.freedesktop.systemd1	/org/freedesktop/systemd1/unit/kbd_2eservice	org.freedesktop.systemd1.Unit	TryRestart	s
org.freedesktop.systemd1	/org/freedesktop/systemd1/unit/keyboard_2dsetup_2eservice	org.freedesktop.systemd1.Service	AttachProcesses	sau
org.freedesktop.systemd1	/org/freedesktop/systemd1/unit/keyboard_2dsetup_2eservice	org.freedesktop.systemd1.Service	BindMount	ssbb
org.freedesktop.systemd1	/org/freedesktop/systemd1/unit/keyboard_2dsetup_2eservice	org.freedesktop.systemd1.Service	MountImage	ssbba(ss)
org.freedesktop.systemd1	/org/freedesktop/systemd1/unit/keyboard_2dsetup_2eservice	org.freedesktop.systemd1.Unit	Kill	si
org.freedesktop.systemd1	/org/freedesktop/systemd1/unit/keyboard_2dsetup_2eservice	org.freedesktop.systemd1.Unit	Reload	s
org.freedesktop.systemd1	/org/freedesktop/systemd1/unit/keyboard_2dsetup_2eservice	org.freedesktop.systemd1.Unit	ReloadOrRestart	s
org.freedesktop.systemd1	/org/freedesktop/systemd1/unit/keyboard_2dsetup_2eservice	org.freedesktop.systemd1.Unit	ReloadOrTryRestart	s
org.freedesktop.systemd1	/org/freedesktop/systemd1/unit/keyboard_2dsetup_2eservice	org.freedesktop.systemd1.Unit	ResetFailed	
org.freedesktop.systemd1	/org/freedesktop/systemd1/unit/keyboard_2dsetup_2eservice	org.freedesktop.systemd1.Unit	Restart	s
org.freedesktop.systemd1	/org/freedesktop/systemd1/unit/keyboard_2dsetup_2eservice	org.freedesktop.systemd1.Unit	SetProperties	ba(sv)
org.freedesktop.systemd1	/org/freedesktop/systemd1/unit/keyboard_2dsetup_2eservice	org.freedesktop.systemd1.Unit	Start	s
org.freedesktop.systemd1	/org/freedesktop/systemd1/unit/keyboard_2dsetup_2eservice	org.freedesktop.systemd1.Unit	Stop	s
org.freedesktop.systemd1	/org/freedesktop/systemd1/unit/keyboard_2dsetup_2eservice	org.freedesktop.systemd1.Unit	TryRestart	s
org.freedesktop.systemd1	/org/freedesktop/systemd1/unit/kmod_2dstatic_2dnodes_2eservice	org.freedesktop.systemd1.Service	AttachProcesses	sau
org.freedesktop.systemd1	/org/freedesktop/systemd1/unit/kmod_2dstatic_2dnodes_2eservice	org.freedesktop.systemd1.Service	BindMount	ssbb
org.freedesktop.systemd1	/org/freedesktop/systemd1/unit/kmod_2dstatic_2dnodes_2eservice	org.freedesktop.systemd1.Service	MountImage	ssbba(ss)
org.freedesktop.systemd1	/org/freedesktop/systemd1/unit/kmod_2dstatic_2dnodes_2eservice	org.freedesktop.systemd1.Unit	Kill	si
org.freedesktop.systemd1	/org/freedesktop/systemd1/unit/kmod_2dstatic_2dnodes_2eservice	org.freedesktop.systemd1.Unit	Reload	s
org.freedesktop.systemd1	/org/freedesktop/systemd1/unit/kmod_2dstatic_2dnodes_2eservice	org.freedesktop.systemd1.Unit	ReloadOrRestart	s
org.freedesktop.systemd1	/org/freedesktop/systemd1/unit/kmod_2dstatic_2dnodes_2eservice	org.freedesktop.systemd1.Unit	ReloadOrTryRestart	s
org.freedesktop.systemd1	/org/freedesktop/systemd1/unit/kmod_2dstatic_2dnodes_2eservice	org.freedesktop.systemd1.Unit	ResetFailed	
org.freedesktop.systemd1	/org/freedesktop/systemd1/unit/kmod_2dstatic_2dnodes_2eservice	org.freedesktop.systemd1.Unit	Restart	s
org.freedesktop.systemd1	/org/freedesktop/systemd1/unit/kmod_2dstatic_2dnodes_2eservice	org.freedesktop.systemd1.Unit	SetProperties	ba(sv)
org.freedesktop.systemd1	/org/freedesktop/systemd1/unit/kmod_2dstatic_2dnodes_2eservice	org.freedesktop.systemd1.Unit	Start	s
org.freedesktop.systemd1	/org/freedesktop/systemd1/unit/kmod_2dstatic_2dnodes_2eservice	org.freedesktop.systemd1.Unit	Stop	s
org.freedesktop.systemd1	/org/freedesktop/systemd1/unit/kmod_2dstatic_2dnodes_2eservice	org.freedesktop.systemd1.Unit	TryRestart	s
org.freedesktop.systemd1	/org/freedesktop/systemd1/unit/ldconfig_2eservice	org.freedesktop.systemd1.Service	AttachProcesses	sau
org.freedesktop.systemd1	/org/freedesktop/systemd1/unit/ldconfig_2eservice	org.freedesktop.systemd1.Service	BindMount	ssbb
org.freedesktop.systemd1	/org/freedesktop/systemd1/unit/ldconfig_2eservice	org.freedesktop.systemd1.Service	MountImage	ssbba(ss)
org.freedesktop.systemd1	/org/freedesktop/systemd1/unit/ldconfig_2eservice	org.freedesktop.systemd1.Unit	Kill	si
org.freedesktop.systemd1	/org/freedesktop/systemd1/unit/ldconfig_2eservice	org.freedesktop.systemd1.Unit	Reload	s
org.freedesktop.systemd1	/org/freedesktop/systemd1/unit/ldconfig_2eservice	org.freedesktop.systemd1.Unit	ReloadOrRestart	s
org.freedesktop.systemd1	/org/freedesktop/systemd1/unit/ldconfig_2eservice	org.freedesktop.systemd1.Unit	ReloadOrTryRestart	s
org.freedesktop.systemd1	/org/freedesktop/systemd1/unit/ldconfig_2eservice	org.freedesktop.systemd1.Unit	ResetFailed	
org.freedesktop.systemd1	/org/freedesktop/systemd1/unit/ldconfig_2eservice	org.freedesktop.systemd1.Unit	Restart	s
org.freedesktop.systemd1	/org/freedesktop/systemd1/unit/ldconfig_2eservice	org.freedesktop.systemd1.Unit	SetProperties	ba(sv)
org.freedesktop.systemd1	/org/freedesktop/systemd1/unit/ldconfig_2eservice	org.freedesktop.systemd1.Unit	Start	s
org.freedesktop.systemd1	/org/freedesktop/systemd1/unit/ldconfig_2eservice	org.freedesktop.systemd1.Unit	Stop	s
org.freedesktop.systemd1	/org/freedesktop/systemd1/unit/ldconfig_2eservice	org.freedesktop.systemd1.Unit	TryRestart	s
org.freedesktop.systemd1	/org/freedesktop/systemd1/unit/local_2dfs_2dpre_2etarget	org.freedesktop.systemd1.Unit	Kill	si
org.freedesktop.systemd1	/org/freedesktop/systemd1/unit/local_2dfs_2dpre_2etarget	org.freedesktop.systemd1.Unit	Reload	s
org.freedesktop.systemd1	/org/freedesktop/systemd1/unit/local_2dfs_2dpre_2etarget	org.freedesktop.systemd1.Unit	ReloadOrRestart	s
org.freedesktop.systemd1	/org/freedesktop/systemd1/unit/local_2dfs_2dpre_2etarget	org.freedesktop.systemd1.Unit	ReloadOrTryRestart	s
org.freedesktop.systemd1	/org/freedesktop/systemd1/unit/local_2dfs_2dpre_2etarget	org.freedesktop.systemd1.Unit	ResetFailed	
org.freedesktop.systemd1	/org/freedesktop/systemd1/unit/local_2dfs_2dpre_2etarget	org.freedesktop.systemd1.Unit	Restart	s
org.freedesktop.systemd1	/org/freedesktop/systemd1/unit/local_2dfs_2dpre_2etarget	org.freedesktop.systemd1.Unit	SetProperties	ba(sv)
org.freedesktop.systemd1	/org/freedesktop/systemd1/unit/local_2dfs_2dpre_2etarget	org.freedesktop.systemd1.Unit	Start	s
org.freedesktop.systemd1	/org/freedesktop/systemd1/unit/local_2dfs_2dpre_2etarget	org.freedesktop.systemd1.Unit	Stop	s
org.freedesktop.systemd1	/org/freedesktop/systemd1/unit/local_2dfs_2dpre_2etarget	org.freedesktop.systemd1.Unit	TryRestart	s
org.freedesktop.systemd1	/org/freedesktop/systemd1/unit/local_2dfs_2etarget	org.freedesktop.systemd1.Unit	Kill	si
org.freedesktop.systemd1	/org/freedesktop/systemd1/unit/local_2dfs_2etarget	org.freedesktop.systemd1.Unit	Reload	s
org.freedesktop.systemd1	/org/freedesktop/systemd1/unit/local_2dfs_2etarget	org.freedesktop.systemd1.Unit	ReloadOrRestart	s
org.freedesktop.systemd1	/org/freedesktop/systemd1/unit/local_2dfs_2etarget	org.freedesktop.systemd1.Unit	ReloadOrTryRestart	s
org.freedesktop.systemd1	/org/freedesktop/systemd1/unit/local_2dfs_2etarget	org.freedesktop.systemd1.Unit	ResetFailed	
org.freedesktop.systemd1	/org/freedesktop/systemd1/unit/local_2dfs_2etarget	org.freedesktop.systemd1.Unit	Restart	s
org.freedesktop.systemd1	/org/freedesktop/systemd1/unit/local_2dfs_2etarget	org.freedesktop.systemd1.Unit	SetProperties	ba(sv)
org.freedesktop.systemd1	/org/freedesktop/systemd1/unit/local_2dfs_2etarget	org.freedesktop.systemd1.Unit	Start	s
org.freedesktop.systemd1	/org/freedesktop/systemd1/unit/local_2dfs_2etarget	org.freedesktop.systemd1.Unit	Stop	s
org.freedesktop.systemd1	/org/freedesktop/systemd1/unit/local_2dfs_2etarget	org.freedesktop.systemd1.Unit	TryRestart	s
org.freedesktop.systemd1	/org/freedesktop/systemd1/unit/logrotate_2eservice	org.freedesktop.systemd1.Service	AttachProcesses	sau
org.freedesktop.systemd1	/org/freedesktop/systemd1/unit/logrotate_2eservice	org.freedesktop.systemd1.Service	BindMount	ssbb
org.freedesktop.systemd1	/org/freedesktop/systemd1/unit/logrotate_2eservice	org.freedesktop.systemd1.Service	MountImage	ssbba(ss)
org.freedesktop.systemd1	/org/freedesktop/systemd1/unit/logrotate_2eservice	org.freedesktop.systemd1.Unit	Kill	si
org.freedesktop.systemd1	/org/freedesktop/systemd1/unit/logrotate_2eservice	org.freedesktop.systemd1.Unit	Reload	s
org.freedesktop.systemd1	/org/freedesktop/systemd1/unit/logrotate_2eservice	org.freedesktop.systemd1.Unit	ReloadOrRestart	s
org.freedesktop.systemd1	/org/freedesktop/systemd1/unit/logrotate_2eservice	org.freedesktop.systemd1.Unit	ReloadOrTryRestart	s
org.freedesktop.systemd1	/org/freedesktop/systemd1/unit/logrotate_2eservice	org.freedesktop.systemd1.Unit	ResetFailed	
org.freedesktop.systemd1	/org/freedesktop/systemd1/unit/logrotate_2eservice	org.freedesktop.systemd1.Unit	Restart	s
org.freedesktop.systemd1	/org/freedesktop/systemd1/unit/logrotate_2eservice	org.freedesktop.systemd1.Unit	SetProperties	ba(sv)
org.freedesktop.systemd1	/org/freedesktop/systemd1/unit/logrotate_2eservice	org.freedesktop.systemd1.Unit	Start	s
org.freedesktop.systemd1	/org/freedesktop/systemd1/unit/logrotate_2eservice	org.freedesktop.systemd1.Unit	Stop	s
org.freedesktop.systemd1	/org/freedesktop/systemd1/unit/logrotate_2eservice	org.freedesktop.systemd1.Unit	TryRestart	s
org.freedesktop.systemd1	/org/freedesktop/systemd1/unit/logrotate_2etimer	org.freedesktop.systemd1.Unit	Kill	si
org.freedesktop.systemd1	/org/freedesktop/systemd1/unit/logrotate_2etimer	org.freedesktop.systemd1.Unit	Reload	s
org.freedesktop.systemd1	/org/freedesktop/systemd1/unit/logrotate_2etimer	org.freedesktop.systemd1.Unit	ReloadOrRestart	s
org.freedesktop.systemd1	/org/freedesktop/systemd1/unit/logrotate_2etimer	org.freedesktop.systemd1.Unit	ReloadOrTryRestart	s
org.freedesktop.systemd1	/org/freedesktop/systemd1/unit/logrotate_2etimer	org.freedesktop.systemd1.Unit	ResetFailed	
org.freedesktop.systemd1	/org/freedesktop/systemd1/unit/logrotate_2etimer	org.freedesktop.systemd1.Unit	Restart	s
org.freedesktop.systemd1	/org/freedesktop/systemd1/unit/logrotate_2etimer	org.freedesktop.systemd1.Unit	SetProperties	ba(sv)
org.freedesktop.systemd1	/org/freedesktop/systemd1/unit/logrotate_2etimer	org.freedesktop.systemd1.Unit	Start	s
org.freedesktop.systemd1	/org/freedesktop/systemd1/unit/logrotate_2etimer	org.freedesktop.systemd1.Unit	Stop	s
org.freedesktop.systemd1	/org/freedesktop/systemd1/unit/logrotate_2etimer	org.freedesktop.systemd1.Unit	TryRestart	s
org.freedesktop.systemd1	/org/freedesktop/systemd1/unit/lvm2_2dactivation_2dearly_2eservice	org.freedesktop.systemd1.Service	AttachProcesses	sau
org.freedesktop.systemd1	/org/freedesktop/systemd1/unit/lvm2_2dactivation_2dearly_2eservice	org.freedesktop.systemd1.Service	BindMount	ssbb
org.freedesktop.systemd1	/org/freedesktop/systemd1/unit/lvm2_2dactivation_2dearly_2eservice	org.freedesktop.systemd1.Service	MountImage	ssbba(ss)
org.freedesktop.systemd1	/org/freedesktop/systemd1/unit/lvm2_2dactivation_2dearly_2eservice	org.freedesktop.systemd1.Unit	Kill	si
org.freedesktop.systemd1	/org/freedesktop/systemd1/unit/lvm2_2dactivation_2dearly_2eservice	org.freedesktop.systemd1.Unit	Reload	s
org.freedesktop.systemd1	/org/freedesktop/systemd1/unit/lvm2_2dactivation_2dearly_2eservice	org.freedesktop.systemd1.Unit	ReloadOrRestart	s
org.freedesktop.systemd1	/org/freedesktop/systemd1/unit/lvm2_2dactivation_2dearly_2eservice	org.freedesktop.systemd1.Unit	ReloadOrTryRestart	s
org.freedesktop.systemd1	/org/freedesktop/systemd1/unit/lvm2_2dactivation_2dearly_2eservice	org.freedesktop.systemd1.Unit	ResetFailed	
org.freedesktop.systemd1	/org/freedesktop/systemd1/unit/lvm2_2dactivation_2dearly_2eservice	org.freedesktop.systemd1.Unit	Restart	s
org.freedesktop.systemd1	/org/freedesktop/systemd1/unit/lvm2_2dactivation_2dearly_2eservice	org.freedesktop.systemd1.Unit	SetProperties	ba(sv)
org.freedesktop.systemd1	/org/freedesktop/systemd1/unit/lvm2_2dactivation_2dearly_2eservice	org.freedesktop.systemd1.Unit	Start	s
org.freedesktop.systemd1	/org/freedesktop/systemd1/unit/lvm2_2dactivation_2dearly_2eservice	org.freedesktop.systemd1.Unit	Stop	s
org.freedesktop.systemd1	/org/freedesktop/systemd1/unit/lvm2_2dactivation_2dearly_2eservice	org.freedesktop.systemd1.Unit	TryRestart	s
org.freedesktop.systemd1	/org/freedesktop/systemd1/unit/lvm2_2dlvmpolld_2eservice	org.freedesktop.systemd1.Service	AttachProcesses	sau
org.freedesktop.systemd1	/org/freedesktop/systemd1/unit/lvm2_2dlvmpolld_2eservice	org.freedesktop.systemd1.Service	BindMount	ssbb
org.freedesktop.systemd1	/org/freedesktop/systemd1/unit/lvm2_2dlvmpolld_2eservice	org.freedesktop.systemd1.Service	MountImage	ssbba(ss)
org.freedesktop.systemd1	/org/freedesktop/systemd1/unit/lvm2_2dlvmpolld_2eservice	org.freedesktop.systemd1.Unit	Kill	si
org.freedesktop.systemd1	/org/freedesktop/systemd1/unit/lvm2_2dlvmpolld_2eservice	org.freedesktop.systemd1.Unit	Reload	s
org.freedesktop.systemd1	/org/freedesktop/systemd1/unit/lvm2_2dlvmpolld_2eservice	org.freedesktop.systemd1.Unit	ReloadOrRestart	s
org.freedesktop.systemd1	/org/freedesktop/systemd1/unit/lvm2_2dlvmpolld_2eservice	org.freedesktop.systemd1.Unit	ReloadOrTryRestart	s
org.freedesktop.systemd1	/org/freedesktop/systemd1/unit/lvm2_2dlvmpolld_2eservice	org.freedesktop.systemd1.Unit	ResetFailed	
org.freedesktop.systemd1	/org/freedesktop/systemd1/unit/lvm2_2dlvmpolld_2eservice	org.freedesktop.systemd1.Unit	Restart	s
org.freedesktop.systemd1	/org/freedesktop/systemd1/unit/lvm2_2dlvmpolld_2eservice	org.freedesktop.systemd1.Unit	SetProperties	ba(sv)
org.freedesktop.systemd1	/org/freedesktop/systemd1/unit/lvm2_2dlvmpolld_2eservice	org.freedesktop.systemd1.Unit	Start	s
org.freedesktop.systemd1	/org/freedesktop/systemd1/unit/lvm2_2dlvmpolld_2eservice	org.freedesktop.systemd1.Unit	Stop	s
org.freedesktop.systemd1	/org/freedesktop/systemd1/unit/lvm2_2dlvmpolld_2eservice	org.freedesktop.systemd1.Unit	TryRestart	s
org.freedesktop.systemd1	/org/freedesktop/systemd1/unit/lvm2_2dlvmpolld_2esocket	org.freedesktop.systemd1.Socket	AttachProcesses	sau
org.freedesktop.systemd1	/org/freedesktop/systemd1/unit/lvm2_2dlvmpolld_2esocket	org.freedesktop.systemd1.Unit	Kill	si
org.freedesktop.systemd1	/org/freedesktop/systemd1/unit/lvm2_2dlvmpolld_2esocket	org.freedesktop.systemd1.Unit	Reload	s
org.freedesktop.systemd1	/org/freedesktop/systemd1/unit/lvm2_2dlvmpolld_2esocket	org.freedesktop.systemd1.Unit	ReloadOrRestart	s
org.freedesktop.systemd1	/org/freedesktop/systemd1/unit/lvm2_2dlvmpolld_2esocket	org.freedesktop.systemd1.Unit	ReloadOrTryRestart	s
org.freedesktop.systemd1	/org/freedesktop/systemd1/unit/lvm2_2dlvmpolld_2esocket	org.freedesktop.systemd1.Unit	ResetFailed	
org.freedesktop.systemd1	/org/freedesktop/systemd1/unit/lvm2_2dlvmpolld_2esocket	org.freedesktop.systemd1.Unit	Restart	s
org.freedesktop.systemd1	/org/freedesktop/systemd1/unit/lvm2_2dlvmpolld_2esocket	org.freedesktop.systemd1.Unit	SetProperties	ba(sv)
org.freedesktop.systemd1	/org/freedesktop/systemd1/unit/lvm2_2dlvmpolld_2esocket	org.freedesktop.systemd1.Unit	Start	s
org.freedesktop.systemd1	/org/freedesktop/systemd1/unit/lvm2_2dlvmpolld_2esocket	org.freedesktop.systemd1.Unit	Stop	s
org.freedesktop.systemd1	/org/freedesktop/systemd1/unit/lvm2_2dlvmpolld_2esocket	org.freedesktop.systemd1.Unit	TryRestart	s
org.freedesktop.systemd1	/org/freedesktop/systemd1/unit/lvm2_2dmonitor_2eservice	org.freedesktop.systemd1.Service	AttachProcesses	sau
org.freedesktop.systemd1	/org/freedesktop/systemd1/unit/lvm2_2dmonitor_2eservice	org.freedesktop.systemd1.Service	BindMount	ssbb
org.freedesktop.systemd1	/org/freedesktop/systemd1/unit/lvm2_2dmonitor_2eservice	org.freedesktop.systemd1.Service	MountImage	ssbba(ss)
org.freedesktop.systemd1	/org/freedesktop/systemd1/unit/lvm2_2dmonitor_2eservice	org.freedesktop.systemd1.Unit	Kill	si
org.freedesktop.systemd1	/org/freedesktop/systemd1/unit/lvm2_2dmonitor_2eservice	org.freedesktop.systemd1.Unit	Reload	s
org.freedesktop.systemd1	/org/freedesktop/systemd1/unit/lvm2_2dmonitor_2eservice	org.freedesktop.systemd1.Unit	ReloadOrRestart	s
org.freedesktop.systemd1	/org/freedesktop/systemd1/unit/lvm2_2dmonitor_2eservice	org.freedesktop.systemd1.Unit	ReloadOrTryRestart	s
org.freedesktop.systemd1	/org/freedesktop/systemd1/unit/lvm2_2dmonitor_2eservice	org.freedesktop.systemd1.Unit	ResetFailed	
org.freedesktop.systemd1	/org/freedesktop/systemd1/unit/lvm2_2dmonitor_2eservice	org.freedesktop.systemd1.Unit	Restart	s
org.freedesktop.systemd1	/org/freedesktop/systemd1/unit/lvm2_2dmonitor_2eservice	org.freedesktop.systemd1.Unit	SetProperties	ba(sv)
org.freedesktop.systemd1	/org/freedesktop/systemd1/unit/lvm2_2dmonitor_2eservice	org.freedesktop.systemd1.Unit	Start	s
org.freedesktop.systemd1	/org/freedesktop/systemd1/unit/lvm2_2dmonitor_2eservice	org.freedesktop.systemd1.Unit	Stop	s
org.freedesktop.systemd1	/org/freedesktop/systemd1/unit/lvm2_2dmonitor_2eservice	org.freedesktop.systemd1.Unit	TryRestart	s
org.freedesktop.systemd1	/org/freedesktop/systemd1/unit/lxd_2dinstaller_2esocket	org.freedesktop.systemd1.Socket	AttachProcesses	sau
org.freedesktop.systemd1	/org/freedesktop/systemd1/unit/lxd_2dinstaller_2esocket	org.freedesktop.systemd1.Unit	Kill	si
org.freedesktop.systemd1	/org/freedesktop/systemd1/unit/lxd_2dinstaller_2esocket	org.freedesktop.systemd1.Unit	Reload	s
org.freedesktop.systemd1	/org/freedesktop/systemd1/unit/lxd_2dinstaller_2esocket	org.freedesktop.systemd1.Unit	ReloadOrRestart	s
org.freedesktop.systemd1	/org/freedesktop/systemd1/unit/lxd_2dinstaller_2esocket	org.freedesktop.systemd1.Unit	ReloadOrTryRestart	s
org.freedesktop.systemd1	/org/freedesktop/systemd1/unit/lxd_2dinstaller_2esocket	org.freedesktop.systemd1.Unit	ResetFailed	
org.freedesktop.systemd1	/org/freedesktop/systemd1/unit/lxd_2dinstaller_2esocket	org.freedesktop.systemd1.Unit	Restart	s
org.freedesktop.systemd1	/org/freedesktop/systemd1/unit/lxd_2dinstaller_2esocket	org.freedesktop.systemd1.Unit	SetProperties	ba(sv)
org.freedesktop.systemd1	/org/freedesktop/systemd1/unit/lxd_2dinstaller_2esocket	org.freedesktop.systemd1.Unit	Start	s
org.freedesktop.systemd1	/org/freedesktop/systemd1/unit/lxd_2dinstaller_2esocket	org.freedesktop.systemd1.Unit	Stop	s
org.freedesktop.systemd1	/org/freedesktop/systemd1/unit/lxd_2dinstaller_2esocket	org.freedesktop.systemd1.Unit	TryRestart	s
org.freedesktop.systemd1	/org/freedesktop/systemd1/unit/man_2ddb_2eservice	org.freedesktop.systemd1.Service	AttachProcesses	sau
org.freedesktop.systemd1	/org/freedesktop/systemd1/unit/man_2ddb_2eservice	org.freedesktop.systemd1.Service	BindMount	ssbb
org.freedesktop.systemd1	/org/freedesktop/systemd1/unit/man_2ddb_2eservice	org.freedesktop.systemd1.Service	MountImage	ssbba(ss)
org.freedesktop.systemd1	/org/freedesktop/systemd1/unit/man_2ddb_2eservice	org.freedesktop.systemd1.Unit	Kill	si
org.freedesktop.systemd1	/org/freedesktop/systemd1/unit/man_2ddb_2eservice	org.freedesktop.systemd1.Unit	Reload	s
org.freedesktop.systemd1	/org/freedesktop/systemd1/unit/man_2ddb_2eservice	org.freedesktop.systemd1.Unit	ReloadOrRestart	s
org.freedesktop.systemd1	/org/freedesktop/systemd1/unit/man_2ddb_2eservice	org.freedesktop.systemd1.Unit	ReloadOrTryRestart	s
org.freedesktop.systemd1	/org/freedesktop/systemd1/unit/man_2ddb_2eservice	org.freedesktop.systemd1.Unit	ResetFailed	
org.freedesktop.systemd1	/org/freedesktop/systemd1/unit/man_2ddb_2eservice	org.freedesktop.systemd1.Unit	Restart	s
org.freedesktop.systemd1	/org/freedesktop/systemd1/unit/man_2ddb_2eservice	org.freedesktop.systemd1.Unit	SetProperties	ba(sv)
org.freedesktop.systemd1	/org/freedesktop/systemd1/unit/man_2ddb_2eservice	org.freedesktop.systemd1.Unit	Start	s
org.freedesktop.systemd1	/org/freedesktop/systemd1/unit/man_2ddb_2eservice	org.freedesktop.systemd1.Unit	Stop	s
org.freedesktop.systemd1	/org/freedesktop/systemd1/unit/man_2ddb_2eservice	org.freedesktop.systemd1.Unit	TryRestart	s
org.freedesktop.systemd1	/org/freedesktop/systemd1/unit/man_2ddb_2etimer	org.freedesktop.systemd1.Unit	Kill	si
org.freedesktop.systemd1	/org/freedesktop/systemd1/unit/man_2ddb_2etimer	org.freedesktop.systemd1.Unit	Reload	s
org.freedesktop.systemd1	/org/freedesktop/systemd1/unit/man_2ddb_2etimer	org.freedesktop.systemd1.Unit	ReloadOrRestart	s
org.freedesktop.systemd1	/org/freedesktop/systemd1/unit/man_2ddb_2etimer	org.freedesktop.systemd1.Unit	ReloadOrTryRestart	s
org.freedesktop.systemd1	/org/freedesktop/systemd1/unit/man_2ddb_2etimer	org.freedesktop.systemd1.Unit	ResetFailed	
org.freedesktop.systemd1	/org/freedesktop/systemd1/unit/man_2ddb_2etimer	org.freedesktop.systemd1.Unit	Restart	s
org.freedesktop.systemd1	/org/freedesktop/systemd1/unit/man_2ddb_2etimer	org.freedesktop.systemd1.Unit	SetProperties	ba(sv)
org.freedesktop.systemd1	/org/freedesktop/systemd1/unit/man_2ddb_2etimer	org.freedesktop.systemd1.Unit	Start	s
org.freedesktop.systemd1	/org/freedesktop/systemd1/unit/man_2ddb_2etimer	org.freedesktop.systemd1.Unit	Stop	s
org.freedesktop.systemd1	/org/freedesktop/systemd1/unit/man_2ddb_2etimer	org.freedesktop.systemd1.Unit	TryRestart	s
org.freedesktop.systemd1	/org/freedesktop/systemd1/unit/modprobe_40configfs_2eservice	org.freedesktop.systemd1.Service	AttachProcesses	sau
org.freedesktop.systemd1	/org/freedesktop/systemd1/unit/modprobe_40configfs_2eservice	org.freedesktop.systemd1.Service	BindMount	ssbb
org.freedesktop.systemd1	/org/freedesktop/systemd1/unit/modprobe_40configfs_2eservice	org.freedesktop.systemd1.Service	MountImage	ssbba(ss)
org.freedesktop.systemd1	/org/freedesktop/systemd1/unit/modprobe_40configfs_2eservice	org.freedesktop.systemd1.Unit	Kill	si
org.freedesktop.systemd1	/org/freedesktop/systemd1/unit/modprobe_40configfs_2eservice	org.freedesktop.systemd1.Unit	Reload	s
org.freedesktop.systemd1	/org/freedesktop/systemd1/unit/modprobe_40configfs_2eservice	org.freedesktop.systemd1.Unit	ReloadOrRestart	s
org.freedesktop.systemd1	/org/freedesktop/systemd1/unit/modprobe_40configfs_2eservice	org.freedesktop.systemd1.Unit	ReloadOrTryRestart	s
org.freedesktop.systemd1	/org/freedesktop/systemd1/unit/modprobe_40configfs_2eservice	org.freedesktop.systemd1.Unit	ResetFailed	
org.freedesktop.systemd1	/org/freedesktop/systemd1/unit/modprobe_40configfs_2eservice	org.freedesktop.systemd1.Unit	Restart	s
org.freedesktop.systemd1	/org/freedesktop/systemd1/unit/modprobe_40configfs_2eservice	org.freedesktop.systemd1.Unit	SetProperties	ba(sv)
org.freedesktop.systemd1	/org/freedesktop/systemd1/unit/modprobe_40configfs_2eservice	org.freedesktop.systemd1.Unit	Start	s
org.freedesktop.systemd1	/org/freedesktop/systemd1/unit/modprobe_40configfs_2eservice	org.freedesktop.systemd1.Unit	Stop	s
org.freedesktop.systemd1	/org/freedesktop/systemd1/unit/modprobe_40configfs_2eservice	org.freedesktop.systemd1.Unit	TryRestart	s
org.freedesktop.systemd1	/org/freedesktop/systemd1/unit/modprobe_40dm_5fmod_2eservice	org.freedesktop.systemd1.Service	AttachProcesses	sau
org.freedesktop.systemd1	/org/freedesktop/systemd1/unit/modprobe_40dm_5fmod_2eservice	org.freedesktop.systemd1.Service	BindMount	ssbb
org.freedesktop.systemd1	/org/freedesktop/systemd1/unit/modprobe_40dm_5fmod_2eservice	org.freedesktop.systemd1.Service	MountImage	ssbba(ss)
org.freedesktop.systemd1	/org/freedesktop/systemd1/unit/modprobe_40dm_5fmod_2eservice	org.freedesktop.systemd1.Unit	Kill	si
org.freedesktop.systemd1	/org/freedesktop/systemd1/unit/modprobe_40dm_5fmod_2eservice	org.freedesktop.systemd1.Unit	Reload	s
org.freedesktop.systemd1	/org/freedesktop/systemd1/unit/modprobe_40dm_5fmod_2eservice	org.freedesktop.systemd1.Unit	ReloadOrRestart	s
org.freedesktop.systemd1	/org/freedesktop/systemd1/unit/modprobe_40dm_5fmod_2eservice	org.freedesktop.systemd1.Unit	ReloadOrTryRestart	s
org.freedesktop.systemd1	/org/freedesktop/systemd1/unit/modprobe_40dm_5fmod_2eservice	org.freedesktop.systemd1.Unit	ResetFailed	
org.freedesktop.systemd1	/org/freedesktop/systemd1/unit/modprobe_40dm_5fmod_2eservice	org.freedesktop.systemd1.Unit	Restart	s
org.freedesktop.systemd1	/org/freedesktop/systemd1/unit/modprobe_40dm_5fmod_2eservice	org.freedesktop.systemd1.Unit	SetProperties	ba(sv)
org.freedesktop.systemd1	/org/freedesktop/systemd1/unit/modprobe_40dm_5fmod_2eservice	org.freedesktop.systemd1.Unit	Start	s
org.freedesktop.systemd1	/org/freedesktop/systemd1/unit/modprobe_40dm_5fmod_2eservice	org.freedesktop.systemd1.Unit	Stop	s
org.freedesktop.systemd1	/org/freedesktop/systemd1/unit/modprobe_40dm_5fmod_2eservice	org.freedesktop.systemd1.Unit	TryRestart	s
org.freedesktop.systemd1	/org/freedesktop/systemd1/unit/modprobe_40drm_2eservice	org.freedesktop.systemd1.Service	AttachProcesses	sau
org.freedesktop.systemd1	/org/freedesktop/systemd1/unit/modprobe_40drm_2eservice	org.freedesktop.systemd1.Service	BindMount	ssbb
org.freedesktop.systemd1	/org/freedesktop/systemd1/unit/modprobe_40drm_2eservice	org.freedesktop.systemd1.Service	MountImage	ssbba(ss)
org.freedesktop.systemd1	/org/freedesktop/systemd1/unit/modprobe_40drm_2eservice	org.freedesktop.systemd1.Unit	Kill	si
org.freedesktop.systemd1	/org/freedesktop/systemd1/unit/modprobe_40drm_2eservice	org.freedesktop.systemd1.Unit	Reload	s
org.freedesktop.systemd1	/org/freedesktop/systemd1/unit/modprobe_40drm_2eservice	org.freedesktop.systemd1.Unit	ReloadOrRestart	s
org.freedesktop.systemd1	/org/freedesktop/systemd1/unit/modprobe_40drm_2eservice	org.freedesktop.systemd1.Unit	ReloadOrTryRestart	s
org.freedesktop.systemd1	/org/freedesktop/systemd1/unit/modprobe_40drm_2eservice	org.freedesktop.systemd1.Unit	ResetFailed	
org.freedesktop.systemd1	/org/freedesktop/systemd1/unit/modprobe_40drm_2eservice	org.freedesktop.systemd1.Unit	Restart	s
org.freedesktop.systemd1	/org/freedesktop/systemd1/unit/modprobe_40drm_2eservice	org.freedesktop.systemd1.Unit	SetProperties	ba(sv)
org.freedesktop.systemd1	/org/freedesktop/systemd1/unit/modprobe_40drm_2eservice	org.freedesktop.systemd1.Unit	Start	s
org.freedesktop.systemd1	/org/freedesktop/systemd1/unit/modprobe_40drm_2eservice	org.freedesktop.systemd1.Unit	Stop	s
org.freedesktop.systemd1	/org/freedesktop/systemd1/unit/modprobe_40drm_2eservice	org.freedesktop.systemd1.Unit	TryRestart	s
org.freedesktop.systemd1	/org/freedesktop/systemd1/unit/modprobe_40efi_5fpstore_2eservice	org.freedesktop.systemd1.Service	AttachProcesses	sau
org.freedesktop.systemd1	/org/freedesktop/systemd1/unit/modprobe_40efi_5fpstore_2eservice	org.freedesktop.systemd1.Service	BindMount	ssbb
org.freedesktop.systemd1	/org/freedesktop/systemd1/unit/modprobe_40efi_5fpstore_2eservice	org.freedesktop.systemd1.Service	MountImage	ssbba(ss)
org.freedesktop.systemd1	/org/freedesktop/systemd1/unit/modprobe_40efi_5fpstore_2eservice	org.freedesktop.systemd1.Unit	Kill	si
org.freedesktop.systemd1	/org/freedesktop/systemd1/unit/modprobe_40efi_5fpstore_2eservice	org.freedesktop.systemd1.Unit	Reload	s
org.freedesktop.systemd1	/org/freedesktop/systemd1/unit/modprobe_40efi_5fpstore_2eservice	org.freedesktop.systemd1.Unit	ReloadOrRestart	s
org.freedesktop.systemd1	/org/freedesktop/systemd1/unit/modprobe_40efi_5fpstore_2eservice	org.freedesktop.systemd1.Unit	ReloadOrTryRestart	s
org.freedesktop.systemd1	/org/freedesktop/systemd1/unit/modprobe_40efi_5fpstore_2eservice	org.freedesktop.systemd1.Unit	ResetFailed	
org.freedesktop.systemd1	/org/freedesktop/systemd1/unit/modprobe_40efi_5fpstore_2eservice	org.freedesktop.systemd1.Unit	Restart	s
org.freedesktop.systemd1	/org/freedesktop/systemd1/unit/modprobe_40efi_5fpstore_2eservice	org.freedesktop.systemd1.Unit	SetProperties	ba(sv)
org.freedesktop.systemd1	/org/freedesktop/systemd1/unit/modprobe_40efi_5fpstore_2eservice	org.freedesktop.systemd1.Unit	Start	s
org.freedesktop.systemd1	/org/freedesktop/systemd1/unit/modprobe_40efi_5fpstore_2eservice	org.freedesktop.systemd1.Unit	Stop	s
org.freedesktop.systemd1	/org/freedesktop/systemd1/unit/modprobe_40efi_5fpstore_2eservice	org.freedesktop.systemd1.Unit	TryRestart	s
org.freedesktop.systemd1	/org/freedesktop/systemd1/unit/modprobe_40fuse_2eservice	org.freedesktop.systemd1.Service	AttachProcesses	sau
org.freedesktop.systemd1	/org/freedesktop/systemd1/unit/modprobe_40fuse_2eservice	org.freedesktop.systemd1.Service	BindMount	ssbb
org.freedesktop.systemd1	/org/freedesktop/systemd1/unit/modprobe_40fuse_2eservice	org.freedesktop.systemd1.Service	MountImage	ssbba(ss)
org.freedesktop.systemd1	/org/freedesktop/systemd1/unit/modprobe_40fuse_2eservice	org.freedesktop.systemd1.Unit	Kill	si
org.freedesktop.systemd1	/org/freedesktop/systemd1/unit/modprobe_40fuse_2eservice	org.freedesktop.systemd1.Unit	Reload	s
org.freedesktop.systemd1	/org/freedesktop/systemd1/unit/modprobe_40fuse_2eservice	org.freedesktop.systemd1.Unit	ReloadOrRestart	s
org.freedesktop.systemd1	/org/freedesktop/systemd1/unit/modprobe_40fuse_2eservice	org.freedesktop.systemd1.Unit	ReloadOrTryRestart	s
org.freedesktop.systemd1	/org/freedesktop/systemd1/unit/modprobe_40fuse_2eservice	org.freedesktop.systemd1.Unit	ResetFailed	
org.freedesktop.systemd1	/org/freedesktop/systemd1/unit/modprobe_40fuse_2eservice	org.freedesktop.systemd1.Unit	Restart	s
org.freedesktop.systemd1	/org/freedesktop/systemd1/unit/modprobe_40fuse_2eservice	org.freedesktop.systemd1.Unit	SetProperties	ba(sv)
org.freedesktop.systemd1	/org/freedesktop/systemd1/unit/modprobe_40fuse_2eservice	org.freedesktop.systemd1.Unit	Start	s
org.freedesktop.systemd1	/org/freedesktop/systemd1/unit/modprobe_40fuse_2eservice	org.freedesktop.systemd1.Unit	Stop	s
org.freedesktop.systemd1	/org/freedesktop/systemd1/unit/modprobe_40fuse_2eservice	org.freedesktop.systemd1.Unit	TryRestart	s
org.freedesktop.systemd1	/org/freedesktop/systemd1/unit/modprobe_40loop_2eservice	org.freedesktop.systemd1.Service	AttachProcesses	sau
org.freedesktop.systemd1	/org/freedesktop/systemd1/unit/modprobe_40loop_2eservice	org.freedesktop.systemd1.Service	BindMount	ssbb
org.freedesktop.systemd1	/org/freedesktop/systemd1/unit/modprobe_40loop_2eservice	org.freedesktop.systemd1.Service	MountImage	ssbba(ss)
org.freedesktop.systemd1	/org/freedesktop/systemd1/unit/modprobe_40loop_2eservice	org.freedesktop.systemd1.Unit	Kill	si
org.freedesktop.systemd1	/org/freedesktop/systemd1/unit/modprobe_40loop_2eservice	org.freedesktop.systemd1.Unit	Reload	s
org.freedesktop.systemd1	/org/freedesktop/systemd1/unit/modprobe_40loop_2eservice	org.freedesktop.systemd1.Unit	ReloadOrRestart	s
org.freedesktop.systemd1	/org/freedesktop/systemd1/unit/modprobe_40loop_2eservice	org.freedesktop.systemd1.Unit	ReloadOrTryRestart	s
org.freedesktop.systemd1	/org/freedesktop/systemd1/unit/modprobe_40loop_2eservice	org.freedesktop.systemd1.Unit	ResetFailed	
org.freedesktop.systemd1	/org/freedesktop/systemd1/unit/modprobe_40loop_2eservice	org.freedesktop.systemd1.Unit	Restart	s
org.freedesktop.systemd1	/org/freedesktop/systemd1/unit/modprobe_40loop_2eservice	org.freedesktop.systemd1.Unit	SetProperties	ba(sv)
org.freedesktop.systemd1	/org/freedesktop/systemd1/unit/modprobe_40loop_2eservice	org.freedesktop.systemd1.Unit	Start	s
org.freedesktop.systemd1	/org/freedesktop/systemd1/unit/modprobe_40loop_2eservice	org.freedesktop.systemd1.Unit	Stop	s
org.freedesktop.systemd1	/org/freedesktop/systemd1/unit/modprobe_40loop_2eservice	org.freedesktop.systemd1.Unit	TryRestart	s
org.freedesktop.systemd1	/org/freedesktop/systemd1/unit/motd_2dnews_2eservice	org.freedesktop.systemd1.Service	AttachProcesses	sau
org.freedesktop.systemd1	/org/freedesktop/systemd1/unit/motd_2dnews_2eservice	org.freedesktop.systemd1.Service	BindMount	ssbb
org.freedesktop.systemd1	/org/freedesktop/systemd1/unit/motd_2dnews_2eservice	org.freedesktop.systemd1.Service	MountImage	ssbba(ss)
org.freedesktop.systemd1	/org/freedesktop/systemd1/unit/motd_2dnews_2eservice	org.freedesktop.systemd1.Unit	Kill	si
org.freedesktop.systemd1	/org/freedesktop/systemd1/unit/motd_2dnews_2eservice	org.freedesktop.systemd1.Unit	Reload	s
org.freedesktop.systemd1	/org/freedesktop/systemd1/unit/motd_2dnews_2eservice	org.freedesktop.systemd1.Unit	ReloadOrRestart	s
org.freedesktop.systemd1	/org/freedesktop/systemd1/unit/motd_2dnews_2eservice	org.freedesktop.systemd1.Unit	ReloadOrTryRestart	s
org.freedesktop.systemd1	/org/freedesktop/systemd1/unit/motd_2dnews_2eservice	org.freedesktop.systemd1.Unit	ResetFailed	
org.freedesktop.systemd1	/org/freedesktop/systemd1/unit/motd_2dnews_2eservice	org.freedesktop.systemd1.Unit	Restart	s
org.freedesktop.systemd1	/org/freedesktop/systemd1/unit/motd_2dnews_2eservice	org.freedesktop.systemd1.Unit	SetProperties	ba(sv)
org.freedesktop.systemd1	/org/freedesktop/systemd1/unit/motd_2dnews_2eservice	org.freedesktop.systemd1.Unit	Start	s
org.freedesktop.systemd1	/org/freedesktop/systemd1/unit/motd_2dnews_2eservice	org.freedesktop.systemd1.Unit	Stop	s
org.freedesktop.systemd1	/org/freedesktop/systemd1/unit/motd_2dnews_2eservice	org.freedesktop.systemd1.Unit	TryRestart	s
org.freedesktop.systemd1	/org/freedesktop/systemd1/unit/motd_2dnews_2etimer	org.freedesktop.systemd1.Unit	Kill	si
org.freedesktop.systemd1	/org/freedesktop/systemd1/unit/motd_2dnews_2etimer	org.freedesktop.systemd1.Unit	Reload	s
org.freedesktop.systemd1	/org/freedesktop/systemd1/unit/motd_2dnews_2etimer	org.freedesktop.systemd1.Unit	ReloadOrRestart	s
org.freedesktop.systemd1	/org/freedesktop/systemd1/unit/motd_2dnews_2etimer	org.freedesktop.systemd1.Unit	ReloadOrTryRestart	s
org.freedesktop.systemd1	/org/freedesktop/systemd1/unit/motd_2dnews_2etimer	org.freedesktop.systemd1.Unit	ResetFailed	
org.freedesktop.systemd1	/org/freedesktop/systemd1/unit/motd_2dnews_2etimer	org.freedesktop.systemd1.Unit	Restart	s
org.freedesktop.systemd1	/org/freedesktop/systemd1/unit/motd_2dnews_2etimer	org.freedesktop.systemd1.Unit	SetProperties	ba(sv)
org.freedesktop.systemd1	/org/freedesktop/systemd1/unit/motd_2dnews_2etimer	org.freedesktop.systemd1.Unit	Start	s
org.freedesktop.systemd1	/org/freedesktop/systemd1/unit/motd_2dnews_2etimer	org.freedesktop.systemd1.Unit	Stop	s
org.freedesktop.systemd1	/org/freedesktop/systemd1/unit/motd_2dnews_2etimer	org.freedesktop.systemd1.Unit	TryRestart	s
org.freedesktop.systemd1	/org/freedesktop/systemd1/unit/multi_2duser_2etarget	org.freedesktop.systemd1.Unit	Kill	si
org.freedesktop.systemd1	/org/freedesktop/systemd1/unit/multi_2duser_2etarget	org.freedesktop.systemd1.Unit	Reload	s
org.freedesktop.systemd1	/org/freedesktop/systemd1/unit/multi_2duser_2etarget	org.freedesktop.systemd1.Unit	ReloadOrRestart	s
org.freedesktop.systemd1	/org/freedesktop/systemd1/unit/multi_2duser_2etarget	org.freedesktop.systemd1.Unit	ReloadOrTryRestart	s
org.freedesktop.systemd1	/org/freedesktop/systemd1/unit/multi_2duser_2etarget	org.freedesktop.systemd1.Unit	ResetFailed	
org.freedesktop.systemd1	/org/freedesktop/systemd1/unit/multi_2duser_2etarget	org.freedesktop.systemd1.Unit	Restart	s
org.freedesktop.systemd1	/org/freedesktop/systemd1/unit/multi_2duser_2etarget	org.freedesktop.systemd1.Unit	SetProperties	ba(sv)
org.freedesktop.systemd1	/org/freedesktop/systemd1/unit/multi_2duser_2etarget	org.freedesktop.systemd1.Unit	Start	s
org.freedesktop.systemd1	/org/freedesktop/systemd1/unit/multi_2duser_2etarget	org.freedesktop.systemd1.Unit	Stop	s
org.freedesktop.systemd1	/org/freedesktop/systemd1/unit/multi_2duser_2etarget	org.freedesktop.systemd1.Unit	TryRestart	s
org.freedesktop.systemd1	/org/freedesktop/systemd1/unit/multipathd_2eservice	org.freedesktop.systemd1.Service	AttachProcesses	sau
org.freedesktop.systemd1	/org/freedesktop/systemd1/unit/multipathd_2eservice	org.freedesktop.systemd1.Service	BindMount	ssbb
org.freedesktop.systemd1	/org/freedesktop/systemd1/unit/multipathd_2eservice	org.freedesktop.systemd1.Service	MountImage	ssbba(ss)
org.freedesktop.systemd1	/org/freedesktop/systemd1/unit/multipathd_2eservice	org.freedesktop.systemd1.Unit	Kill	si
org.freedesktop.systemd1	/org/freedesktop/systemd1/unit/multipathd_2eservice	org.freedesktop.systemd1.Unit	Reload	s
org.freedesktop.systemd1	/org/freedesktop/systemd1/unit/multipathd_2eservice	org.freedesktop.systemd1.Unit	ReloadOrRestart	s
org.freedesktop.systemd1	/org/freedesktop/systemd1/unit/multipathd_2eservice	org.freedesktop.systemd1.Unit	ReloadOrTryRestart	s
org.freedesktop.systemd1	/org/freedesktop/systemd1/unit/multipathd_2eservice	org.freedesktop.systemd1.Unit	ResetFailed	
org.freedesktop.systemd1	/org/freedesktop/systemd1/unit/multipathd_2eservice	org.freedesktop.systemd1.Unit	Restart	s
org.freedesktop.systemd1	/org/freedesktop/systemd1/unit/multipathd_2eservice	org.freedesktop.systemd1.Unit	SetProperties	ba(sv)
org.freedesktop.systemd1	/org/freedesktop/systemd1/unit/multipathd_2eservice	org.freedesktop.systemd1.Unit	Start	s
org.freedesktop.systemd1	/org/freedesktop/systemd1/unit/multipathd_2eservice	org.freedesktop.systemd1.Unit	Stop	s
org.freedesktop.systemd1	/org/freedesktop/systemd1/unit/multipathd_2eservice	org.freedesktop.systemd1.Unit	TryRestart	s
org.freedesktop.systemd1	/org/freedesktop/systemd1/unit/multipathd_2esocket	org.freedesktop.systemd1.Socket	AttachProcesses	sau
org.freedesktop.systemd1	/org/freedesktop/systemd1/unit/multipathd_2esocket	org.freedesktop.systemd1.Unit	Kill	si
org.freedesktop.systemd1	/org/freedesktop/systemd1/unit/multipathd_2esocket	org.freedesktop.systemd1.Unit	Reload	s
org.freedesktop.systemd1	/org/freedesktop/systemd1/unit/multipathd_2esocket	org.freedesktop.systemd1.Unit	ReloadOrRestart	s
org.freedesktop.systemd1	/org/freedesktop/systemd1/unit/multipathd_2esocket	org.freedesktop.systemd1.Unit	ReloadOrTryRestart	s
org.freedesktop.systemd1	/org/freedesktop/systemd1/unit/multipathd_2esocket	org.freedesktop.systemd1.Unit	ResetFailed	
org.freedesktop.systemd1	/org/freedesktop/systemd1/unit/multipathd_2esocket	org.freedesktop.systemd1.Unit	Restart	s
org.freedesktop.systemd1	/org/freedesktop/systemd1/unit/multipathd_2esocket	org.freedesktop.systemd1.Unit	SetProperties	ba(sv)
org.freedesktop.systemd1	/org/freedesktop/systemd1/unit/multipathd_2esocket	org.freedesktop.systemd1.Unit	Start	s
org.freedesktop.systemd1	/org/freedesktop/systemd1/unit/multipathd_2esocket	org.freedesktop.systemd1.Unit	Stop	s
org.freedesktop.systemd1	/org/freedesktop/systemd1/unit/multipathd_2esocket	org.freedesktop.systemd1.Unit	TryRestart	s
org.freedesktop.systemd1	/org/freedesktop/systemd1/unit/netplan_2dovs_2dcleanup_2eservice	org.freedesktop.systemd1.Service	AttachProcesses	sau
org.freedesktop.systemd1	/org/freedesktop/systemd1/unit/netplan_2dovs_2dcleanup_2eservice	org.freedesktop.systemd1.Service	BindMount	ssbb
org.freedesktop.systemd1	/org/freedesktop/systemd1/unit/netplan_2dovs_2dcleanup_2eservice	org.freedesktop.systemd1.Service	MountImage	ssbba(ss)
org.freedesktop.systemd1	/org/freedesktop/systemd1/unit/netplan_2dovs_2dcleanup_2eservice	org.freedesktop.systemd1.Unit	Kill	si
org.freedesktop.systemd1	/org/freedesktop/systemd1/unit/netplan_2dovs_2dcleanup_2eservice	org.freedesktop.systemd1.Unit	Reload	s
org.freedesktop.systemd1	/org/freedesktop/systemd1/unit/netplan_2dovs_2dcleanup_2eservice	org.freedesktop.systemd1.Unit	ReloadOrRestart	s
org.freedesktop.systemd1	/org/freedesktop/systemd1/unit/netplan_2dovs_2dcleanup_2eservice	org.freedesktop.systemd1.Unit	ReloadOrTryRestart	s
org.freedesktop.systemd1	/org/freedesktop/systemd1/unit/netplan_2dovs_2dcleanup_2eservice	org.freedesktop.systemd1.Unit	ResetFailed	
org.freedesktop.systemd1	/org/freedesktop/systemd1/unit/netplan_2dovs_2dcleanup_2eservice	org.freedesktop.systemd1.Unit	Restart	s
org.freedesktop.systemd1	/org/freedesktop/systemd1/unit/netplan_2dovs_2dcleanup_2eservice	org.freedesktop.systemd1.Unit	SetProperties	ba(sv)
org.freedesktop.systemd1	/org/freedesktop/systemd1/unit/netplan_2dovs_2dcleanup_2eservice	org.freedesktop.systemd1.Unit	Start	s
org.freedesktop.systemd1	/org/freedesktop/systemd1/unit/netplan_2dovs_2dcleanup_2eservice	org.freedesktop.systemd1.Unit	Stop	s
org.freedesktop.systemd1	/org/freedesktop/systemd1/unit/netplan_2dovs_2dcleanup_2eservice	org.freedesktop.systemd1.Unit	TryRestart	s
org.freedesktop.systemd1	/org/freedesktop/systemd1/unit/network_2donline_2etarget	org.freedesktop.systemd1.Unit	Kill	si
org.freedesktop.systemd1	/org/freedesktop/systemd1/unit/network_2donline_2etarget	org.freedesktop.systemd1.Unit	Reload	s
org.freedesktop.systemd1	/org/freedesktop/systemd1/unit/network_2donline_2etarget	org.freedesktop.systemd1.Unit	ReloadOrRestart	s
org.freedesktop.systemd1	/org/freedesktop/systemd1/unit/network_2donline_2etarget	org.freedesktop.systemd1.Unit	ReloadOrTryRestart	s
org.freedesktop.systemd1	/org/freedesktop/systemd1/unit/network_2donline_2etarget	org.freedesktop.systemd1.Unit	ResetFailed	
org.freedesktop.systemd1	/org/freedesktop/systemd1/unit/network_2donline_2etarget	org.freedesktop.systemd1.Unit	Restart	s
org.freedesktop.systemd1	/org/freedesktop/systemd1/unit/network_2donline_2etarget	org.freedesktop.systemd1.Unit	SetProperties	ba(sv)
org.freedesktop.systemd1	/org/freedesktop/systemd1/unit/network_2donline_2etarget	org.freedesktop.systemd1.Unit	Start	s
org.freedesktop.systemd1	/org/freedesktop/systemd1/unit/network_2donline_2etarget	org.freedesktop.systemd1.Unit	Stop	s
org.freedesktop.systemd1	/org/freedesktop/systemd1/unit/network_2donline_2etarget	org.freedesktop.systemd1.Unit	TryRestart	s
org.freedesktop.systemd1	/org/freedesktop/systemd1/unit/network_2dpre_2etarget	org.freedesktop.systemd1.Unit	Kill	si
org.freedesktop.systemd1	/org/freedesktop/systemd1/unit/network_2dpre_2etarget	org.freedesktop.systemd1.Unit	Reload	s
org.freedesktop.systemd1	/org/freedesktop/systemd1/unit/network_2dpre_2etarget	org.freedesktop.systemd1.Unit	ReloadOrRestart	s
org.freedesktop.systemd1	/org/freedesktop/systemd1/unit/network_2dpre_2etarget	org.freedesktop.systemd1.Unit	ReloadOrTryRestart	s
org.freedesktop.systemd1	/org/freedesktop/systemd1/unit/network_2dpre_2etarget	org.freedesktop.systemd1.Unit	ResetFailed	
org.freedesktop.systemd1	/org/freedesktop/systemd1/unit/network_2dpre_2etarget	org.freedesktop.systemd1.Unit	Restart	s
org.freedesktop.systemd1	/org/freedesktop/systemd1/unit/network_2dpre_2etarget	org.freedesktop.systemd1.Unit	SetProperties	ba(sv)
org.freedesktop.systemd1	/org/freedesktop/systemd1/unit/network_2dpre_2etarget	org.freedesktop.systemd1.Unit	Start	s
org.freedesktop.systemd1	/org/freedesktop/systemd1/unit/network_2dpre_2etarget	org.freedesktop.systemd1.Unit	Stop	s
org.freedesktop.systemd1	/org/freedesktop/systemd1/unit/network_2dpre_2etarget	org.freedesktop.systemd1.Unit	TryRestart	s
org.freedesktop.systemd1	/org/freedesktop/systemd1/unit/network_2etarget	org.freedesktop.systemd1.Unit	Kill	si
org.freedesktop.systemd1	/org/freedesktop/systemd1/unit/network_2etarget	org.freedesktop.systemd1.Unit	Reload	s
org.freedesktop.systemd1	/org/freedesktop/systemd1/unit/network_2etarget	org.freedesktop.systemd1.Unit	ReloadOrRestart	s
org.freedesktop.systemd1	/org/freedesktop/systemd1/unit/network_2etarget	org.freedesktop.systemd1.Unit	ReloadOrTryRestart	s
org.freedesktop.systemd1	/org/freedesktop/systemd1/unit/network_2etarget	org.freedesktop.systemd1.Unit	ResetFailed	
org.freedesktop.systemd1	/org/freedesktop/systemd1/unit/network_2etarget	org.freedesktop.systemd1.Unit	Restart	s
org.freedesktop.systemd1	/org/freedesktop/systemd1/unit/network_2etarget	org.freedesktop.systemd1.Unit	SetProperties	ba(sv)
org.freedesktop.systemd1	/org/freedesktop/systemd1/unit/network_2etarget	org.freedesktop.systemd1.Unit	Start	s
org.freedesktop.systemd1	/org/freedesktop/systemd1/unit/network_2etarget	org.freedesktop.systemd1.Unit	Stop	s
org.freedesktop.systemd1	/org/freedesktop/systemd1/unit/network_2etarget	org.freedesktop.systemd1.Unit	TryRestart	s
org.freedesktop.systemd1	/org/freedesktop/systemd1/unit/networkd_2ddispatcher_2eservice	org.freedesktop.systemd1.Service	AttachProcesses	sau
org.freedesktop.systemd1	/org/freedesktop/systemd1/unit/networkd_2ddispatcher_2eservice	org.freedesktop.systemd1.Service	BindMount	ssbb
org.freedesktop.systemd1	/org/freedesktop/systemd1/unit/networkd_2ddispatcher_2eservice	org.freedesktop.systemd1.Service	MountImage	ssbba(ss)
org.freedesktop.systemd1	/org/freedesktop/systemd1/unit/networkd_2ddispatcher_2eservice	org.freedesktop.systemd1.Unit	Kill	si
org.freedesktop.systemd1	/org/freedesktop/systemd1/unit/networkd_2ddispatcher_2eservice	org.freedesktop.systemd1.Unit	Reload	s
org.freedesktop.systemd1	/org/freedesktop/systemd1/unit/networkd_2ddispatcher_2eservice	org.freedesktop.systemd1.Unit	ReloadOrRestart	s
org.freedesktop.systemd1	/org/freedesktop/systemd1/unit/networkd_2ddispatcher_2eservice	org.freedesktop.systemd1.Unit	ReloadOrTryRestart	s
org.freedesktop.systemd1	/org/freedesktop/systemd1/unit/networkd_2ddispatcher_2eservice	org.freedesktop.systemd1.Unit	ResetFailed	
org.freedesktop.systemd1	/org/freedesktop/systemd1/unit/networkd_2ddispatcher_2eservice	org.freedesktop.systemd1.Unit	Restart	s
org.freedesktop.systemd1	/org/freedesktop/systemd1/unit/networkd_2ddispatcher_2eservice	org.freedesktop.systemd1.Unit	SetProperties	ba(sv)
org.freedesktop.systemd1	/org/freedesktop/systemd1/unit/networkd_2ddispatcher_2eservice	org.freedesktop.systemd1.Unit	Start	s
org.freedesktop.systemd1	/org/freedesktop/systemd1/unit/networkd_2ddispatcher_2eservice	org.freedesktop.systemd1.Unit	Stop	s
org.freedesktop.systemd1	/org/freedesktop/systemd1/unit/networkd_2ddispatcher_2eservice	org.freedesktop.systemd1.Unit	TryRestart	s
org.freedesktop.systemd1	/org/freedesktop/systemd1/unit/nss_2dlookup_2etarget	org.freedesktop.systemd1.Unit	Kill	si
org.freedesktop.systemd1	/org/freedesktop/systemd1/unit/nss_2dlookup_2etarget	org.freedesktop.systemd1.Unit	Reload	s
org.freedesktop.systemd1	/org/freedesktop/systemd1/unit/nss_2dlookup_2etarget	org.freedesktop.systemd1.Unit	ReloadOrRestart	s
org.freedesktop.systemd1	/org/freedesktop/systemd1/unit/nss_2dlookup_2etarget	org.freedesktop.systemd1.Unit	ReloadOrTryRestart	s
org.freedesktop.systemd1	/org/freedesktop/systemd1/unit/nss_2dlookup_2etarget	org.freedesktop.systemd1.Unit	ResetFailed	
org.freedesktop.systemd1	/org/freedesktop/systemd1/unit/nss_2dlookup_2etarget	org.freedesktop.systemd1.Unit	Restart	s
org.freedesktop.systemd1	/org/freedesktop/systemd1/unit/nss_2dlookup_2etarget	org.freedesktop.systemd1.Unit	SetProperties	ba(sv)
org.freedesktop.systemd1	/org/freedesktop/systemd1/unit/nss_2dlookup_2etarget	org.freedesktop.systemd1.Unit	Start	s
org.freedesktop.systemd1	/org/freedesktop/systemd1/unit/nss_2dlookup_2etarget	org.freedesktop.systemd1.Unit	Stop	s
org.freedesktop.systemd1	/org/freedesktop/systemd1/unit/nss_2dlookup_2etarget	org.freedesktop.systemd1.Unit	TryRestart	s
org.freedesktop.systemd1	/org/freedesktop/systemd1/unit/nss_2duser_2dlookup_2etarget	org.freedesktop.systemd1.Unit	Kill	si
org.freedesktop.systemd1	/org/freedesktop/systemd1/unit/nss_2duser_2dlookup_2etarget	org.freedesktop.systemd1.Unit	Reload	s
org.freedesktop.systemd1	/org/freedesktop/systemd1/unit/nss_2duser_2dlookup_2etarget	org.freedesktop.systemd1.Unit	ReloadOrRestart	s
org.freedesktop.systemd1	/org/freedesktop/systemd1/unit/nss_2duser_2dlookup_2etarget	org.freedesktop.systemd1.Unit	ReloadOrTryRestart	s
org.freedesktop.systemd1	/org/freedesktop/systemd1/unit/nss_2duser_2dlookup_2etarget	org.freedesktop.systemd1.Unit	ResetFailed	
org.freedesktop.systemd1	/org/freedesktop/systemd1/unit/nss_2duser_2dlookup_2etarget	org.freedesktop.systemd1.Unit	Restart	s
org.freedesktop.systemd1	/org/freedesktop/systemd1/unit/nss_2duser_2dlookup_2etarget	org.freedesktop.systemd1.Unit	SetProperties	ba(sv)
org.freedesktop.systemd1	/org/freedesktop/systemd1/unit/nss_2duser_2dlookup_2etarget	org.freedesktop.systemd1.Unit	Start	s
org.freedesktop.systemd1	/org/freedesktop/systemd1/unit/nss_2duser_2dlookup_2etarget	org.freedesktop.systemd1.Unit	Stop	s
org.freedesktop.systemd1	/org/freedesktop/systemd1/unit/nss_2duser_2dlookup_2etarget	org.freedesktop.systemd1.Unit	TryRestart	s
org.freedesktop.systemd1	/org/freedesktop/systemd1/unit/open_2discsi_2eservice	org.freedesktop.systemd1.Service	AttachProcesses	sau
org.freedesktop.systemd1	/org/freedesktop/systemd1/unit/open_2discsi_2eservice	org.freedesktop.systemd1.Service	BindMount	ssbb
org.freedesktop.systemd1	/org/freedesktop/systemd1/unit/open_2discsi_2eservice	org.freedesktop.systemd1.Service	MountImage	ssbba(ss)
org.freedesktop.systemd1	/org/freedesktop/systemd1/unit/open_2discsi_2eservice	org.freedesktop.systemd1.Unit	Kill	si
org.freedesktop.systemd1	/org/freedesktop/systemd1/unit/open_2discsi_2eservice	org.freedesktop.systemd1.Unit	Reload	s
org.freedesktop.systemd1	/org/freedesktop/systemd1/unit/open_2discsi_2eservice	org.freedesktop.systemd1.Unit	ReloadOrRestart	s
org.freedesktop.systemd1	/org/freedesktop/systemd1/unit/open_2discsi_2eservice	org.freedesktop.systemd1.Unit	ReloadOrTryRestart	s
org.freedesktop.systemd1	/org/freedesktop/systemd1/unit/open_2discsi_2eservice	org.freedesktop.systemd1.Unit	ResetFailed	
org.freedesktop.systemd1	/org/freedesktop/systemd1/unit/open_2discsi_2eservice	org.freedesktop.systemd1.Unit	Restart	s
org.freedesktop.systemd1	/org/freedesktop/systemd1/unit/open_2discsi_2eservice	org.freedesktop.systemd1.Unit	SetProperties	ba(sv)
org.freedesktop.systemd1	/org/freedesktop/systemd1/unit/open_2discsi_2eservice	org.freedesktop.systemd1.Unit	Start	s
org.freedesktop.systemd1	/org/freedesktop/systemd1/unit/open_2discsi_2eservice	org.freedesktop.systemd1.Unit	Stop	s
org.freedesktop.systemd1	/org/freedesktop/systemd1/unit/open_2discsi_2eservice	org.freedesktop.systemd1.Unit	TryRestart	s
org.freedesktop.systemd1	/org/freedesktop/systemd1/unit/open_2dvm_2dtools_2eservice	org.freedesktop.systemd1.Service	AttachProcesses	sau
org.freedesktop.systemd1	/org/freedesktop/systemd1/unit/open_2dvm_2dtools_2eservice	org.freedesktop.systemd1.Service	BindMount	ssbb
org.freedesktop.systemd1	/org/freedesktop/systemd1/unit/open_2dvm_2dtools_2eservice	org.freedesktop.systemd1.Service	MountImage	ssbba(ss)
org.freedesktop.systemd1	/org/freedesktop/systemd1/unit/open_2dvm_2dtools_2eservice	org.freedesktop.systemd1.Unit	Kill	si
org.freedesktop.systemd1	/org/freedesktop/systemd1/unit/open_2dvm_2dtools_2eservice	org.freedesktop.systemd1.Unit	Reload	s
org.freedesktop.systemd1	/org/freedesktop/systemd1/unit/open_2dvm_2dtools_2eservice	org.freedesktop.systemd1.Unit	ReloadOrRestart	s
org.freedesktop.systemd1	/org/freedesktop/systemd1/unit/open_2dvm_2dtools_2eservice	org.freedesktop.systemd1.Unit	ReloadOrTryRestart	s
org.freedesktop.systemd1	/org/freedesktop/systemd1/unit/open_2dvm_2dtools_2eservice	org.freedesktop.systemd1.Unit	ResetFailed	
org.freedesktop.systemd1	/org/freedesktop/systemd1/unit/open_2dvm_2dtools_2eservice	org.freedesktop.systemd1.Unit	Restart	s
org.freedesktop.systemd1	/org/freedesktop/systemd1/unit/open_2dvm_2dtools_2eservice	org.freedesktop.systemd1.Unit	SetProperties	ba(sv)
org.freedesktop.systemd1	/org/freedesktop/systemd1/unit/open_2dvm_2dtools_2eservice	org.freedesktop.systemd1.Unit	Start	s
org.freedesktop.systemd1	/org/freedesktop/systemd1/unit/open_2dvm_2dtools_2eservice	org.freedesktop.systemd1.Unit	Stop	s
org.freedesktop.systemd1	/org/freedesktop/systemd1/unit/open_2dvm_2dtools_2eservice	org.freedesktop.systemd1.Unit	TryRestart	s
org.freedesktop.systemd1	/org/freedesktop/systemd1/unit/ovsdb_2dserver_2eservice	org.freedesktop.systemd1.Service	AttachProcesses	sau
org.freedesktop.systemd1	/org/freedesktop/systemd1/unit/ovsdb_2dserver_2eservice	org.freedesktop.systemd1.Service	BindMount	ssbb
org.freedesktop.systemd1	/org/freedesktop/systemd1/unit/ovsdb_2dserver_2eservice	org.freedesktop.systemd1.Service	MountImage	ssbba(ss)
org.freedesktop.systemd1	/org/freedesktop/systemd1/unit/ovsdb_2dserver_2eservice	org.freedesktop.systemd1.Unit	Kill	si
org.freedesktop.systemd1	/org/freedesktop/systemd1/unit/ovsdb_2dserver_2eservice	org.freedesktop.systemd1.Unit	Reload	s
org.freedesktop.systemd1	/org/freedesktop/systemd1/unit/ovsdb_2dserver_2eservice	org.freedesktop.systemd1.Unit	ReloadOrRestart	s
org.freedesktop.systemd1	/org/freedesktop/systemd1/unit/ovsdb_2dserver_2eservice	org.freedesktop.systemd1.Unit	ReloadOrTryRestart	s
org.freedesktop.systemd1	/org/freedesktop/systemd1/unit/ovsdb_2dserver_2eservice	org.freedesktop.systemd1.Unit	ResetFailed	
org.freedesktop.systemd1	/org/freedesktop/systemd1/unit/ovsdb_2dserver_2eservice	org.freedesktop.systemd1.Unit	Restart	s
org.freedesktop.systemd1	/org/freedesktop/systemd1/unit/ovsdb_2dserver_2eservice	org.freedesktop.systemd1.Unit	SetProperties	ba(sv)
org.freedesktop.systemd1	/org/freedesktop/systemd1/unit/ovsdb_2dserver_2eservice	org.freedesktop.systemd1.Unit	Start	s
org.freedesktop.systemd1	/org/freedesktop/systemd1/unit/ovsdb_2dserver_2eservice	org.freedesktop.systemd1.Unit	Stop	s
org.freedesktop.systemd1	/org/freedesktop/systemd1/unit/ovsdb_2dserver_2eservice	org.freedesktop.systemd1.Unit	TryRestart	s
org.freedesktop.systemd1	/org/freedesktop/systemd1/unit/packagekit_2eservice	org.freedesktop.systemd1.Service	AttachProcesses	sau
org.freedesktop.systemd1	/org/freedesktop/systemd1/unit/packagekit_2eservice	org.freedesktop.systemd1.Service	BindMount	ssbb
org.freedesktop.systemd1	/org/freedesktop/systemd1/unit/packagekit_2eservice	org.freedesktop.systemd1.Service	MountImage	ssbba(ss)
org.freedesktop.systemd1	/org/freedesktop/systemd1/unit/packagekit_2eservice	org.freedesktop.systemd1.Unit	Kill	si
org.freedesktop.systemd1	/org/freedesktop/systemd1/unit/packagekit_2eservice	org.freedesktop.systemd1.Unit	Reload	s
org.freedesktop.systemd1	/org/freedesktop/systemd1/unit/packagekit_2eservice	org.freedesktop.systemd1.Unit	ReloadOrRestart	s
org.freedesktop.systemd1	/org/freedesktop/systemd1/unit/packagekit_2eservice	org.freedesktop.systemd1.Unit	ReloadOrTryRestart	s
org.freedesktop.systemd1	/org/freedesktop/systemd1/unit/packagekit_2eservice	org.freedesktop.systemd1.Unit	ResetFailed	
org.freedesktop.systemd1	/org/freedesktop/systemd1/unit/packagekit_2eservice	org.freedesktop.systemd1.Unit	Restart	s
org.freedesktop.systemd1	/org/freedesktop/systemd1/unit/packagekit_2eservice	org.freedesktop.systemd1.Unit	SetProperties	ba(sv)
org.freedesktop.systemd1	/org/freedesktop/systemd1/unit/packagekit_2eservice	org.freedesktop.systemd1.Unit	Start	s
org.freedesktop.systemd1	/org/freedesktop/systemd1/unit/packagekit_2eservice	org.freedesktop.systemd1.Unit	Stop	s
org.freedesktop.systemd1	/org/freedesktop/systemd1/unit/packagekit_2eservice	org.freedesktop.systemd1.Unit	TryRestart	s
org.freedesktop.systemd1	/org/freedesktop/systemd1/unit/paths_2etarget	org.freedesktop.systemd1.Unit	Kill	si
org.freedesktop.systemd1	/org/freedesktop/systemd1/unit/paths_2etarget	org.freedesktop.systemd1.Unit	Reload	s
org.freedesktop.systemd1	/org/freedesktop/systemd1/unit/paths_2etarget	org.freedesktop.systemd1.Unit	ReloadOrRestart	s
org.freedesktop.systemd1	/org/freedesktop/systemd1/unit/paths_2etarget	org.freedesktop.systemd1.Unit	ReloadOrTryRestart	s
org.freedesktop.systemd1	/org/freedesktop/systemd1/unit/paths_2etarget	org.freedesktop.systemd1.Unit	ResetFailed	
org.freedesktop.systemd1	/org/freedesktop/systemd1/unit/paths_2etarget	org.freedesktop.systemd1.Unit	Restart	s
org.freedesktop.systemd1	/org/freedesktop/systemd1/unit/paths_2etarget	org.freedesktop.systemd1.Unit	SetProperties	ba(sv)
org.freedesktop.systemd1	/org/freedesktop/systemd1/unit/paths_2etarget	org.freedesktop.systemd1.Unit	Start	s
org.freedesktop.systemd1	/org/freedesktop/systemd1/unit/paths_2etarget	org.freedesktop.systemd1.Unit	Stop	s
org.freedesktop.systemd1	/org/freedesktop/systemd1/unit/paths_2etarget	org.freedesktop.systemd1.Unit	TryRestart	s
org.freedesktop.systemd1	/org/freedesktop/systemd1/unit/plymouth_2dquit_2dwait_2eservice	org.freedesktop.systemd1.Service	AttachProcesses	sau
org.freedesktop.systemd1	/org/freedesktop/systemd1/unit/plymouth_2dquit_2dwait_2eservice	org.freedesktop.systemd1.Service	BindMount	ssbb
org.freedesktop.systemd1	/org/freedesktop/systemd1/unit/plymouth_2dquit_2dwait_2eservice	org.freedesktop.systemd1.Service	MountImage	ssbba(ss)
org.freedesktop.systemd1	/org/freedesktop/systemd1/unit/plymouth_2dquit_2dwait_2eservice	org.freedesktop.systemd1.Unit	Kill	si
org.freedesktop.systemd1	/org/freedesktop/systemd1/unit/plymouth_2dquit_2dwait_2eservice	org.freedesktop.systemd1.Unit	Reload	s
org.freedesktop.systemd1	/org/freedesktop/systemd1/unit/plymouth_2dquit_2dwait_2eservice	org.freedesktop.systemd1.Unit	ReloadOrRestart	s
org.freedesktop.systemd1	/org/freedesktop/systemd1/unit/plymouth_2dquit_2dwait_2eservice	org.freedesktop.systemd1.Unit	ReloadOrTryRestart	s
org.freedesktop.systemd1	/org/freedesktop/systemd1/unit/plymouth_2dquit_2dwait_2eservice	org.freedesktop.systemd1.Unit	ResetFailed	
org.freedesktop.systemd1	/org/freedesktop/systemd1/unit/plymouth_2dquit_2dwait_2eservice	org.freedesktop.systemd1.Unit	Restart	s
org.freedesktop.systemd1	/org/freedesktop/systemd1/unit/plymouth_2dquit_2dwait_2eservice	org.freedesktop.systemd1.Unit	SetProperties	ba(sv)
org.freedesktop.systemd1	/org/freedesktop/systemd1/unit/plymouth_2dquit_2dwait_2eservice	org.freedesktop.systemd1.Unit	Start	s
org.freedesktop.systemd1	/org/freedesktop/systemd1/unit/plymouth_2dquit_2dwait_2eservice	org.freedesktop.systemd1.Unit	Stop	s
org.freedesktop.systemd1	/org/freedesktop/systemd1/unit/plymouth_2dquit_2dwait_2eservice	org.freedesktop.systemd1.Unit	TryRestart	s
org.freedesktop.systemd1	/org/freedesktop/systemd1/unit/plymouth_2dquit_2eservice	org.freedesktop.systemd1.Service	AttachProcesses	sau
org.freedesktop.systemd1	/org/freedesktop/systemd1/unit/plymouth_2dquit_2eservice	org.freedesktop.systemd1.Service	BindMount	ssbb
org.freedesktop.systemd1	/org/freedesktop/systemd1/unit/plymouth_2dquit_2eservice	org.freedesktop.systemd1.Service	MountImage	ssbba(ss)
org.freedesktop.systemd1	/org/freedesktop/systemd1/unit/plymouth_2dquit_2eservice	org.freedesktop.systemd1.Unit	Kill	si
org.freedesktop.systemd1	/org/freedesktop/systemd1/unit/plymouth_2dquit_2eservice	org.freedesktop.systemd1.Unit	Reload	s
org.freedesktop.systemd1	/org/freedesktop/systemd1/unit/plymouth_2dquit_2eservice	org.freedesktop.systemd1.Unit	ReloadOrRestart	s
org.freedesktop.systemd1	/org/freedesktop/systemd1/unit/plymouth_2dquit_2eservice	org.freedesktop.systemd1.Unit	ReloadOrTryRestart	s
org.freedesktop.systemd1	/org/freedesktop/systemd1/unit/plymouth_2dquit_2eservice	org.freedesktop.systemd1.Unit	ResetFailed	
org.freedesktop.systemd1	/org/freedesktop/systemd1/unit/plymouth_2dquit_2eservice	org.freedesktop.systemd1.Unit	Restart	s
org.freedesktop.systemd1	/org/freedesktop/systemd1/unit/plymouth_2dquit_2eservice	org.freedesktop.systemd1.Unit	SetProperties	ba(sv)
org.freedesktop.systemd1	/org/freedesktop/systemd1/unit/plymouth_2dquit_2eservice	org.freedesktop.systemd1.Unit	Start	s
org.freedesktop.systemd1	/org/freedesktop/systemd1/unit/plymouth_2dquit_2eservice	org.freedesktop.systemd1.Unit	Stop	s
org.freedesktop.systemd1	/org/freedesktop/systemd1/unit/plymouth_2dquit_2eservice	org.freedesktop.systemd1.Unit	TryRestart	s
org.freedesktop.systemd1	/org/freedesktop/systemd1/unit/plymouth_2dread_2dwrite_2eservice	org.freedesktop.systemd1.Service	AttachProcesses	sau
org.freedesktop.systemd1	/org/freedesktop/systemd1/unit/plymouth_2dread_2dwrite_2eservice	org.freedesktop.systemd1.Service	BindMount	ssbb
org.freedesktop.systemd1	/org/freedesktop/systemd1/unit/plymouth_2dread_2dwrite_2eservice	org.freedesktop.systemd1.Service	MountImage	ssbba(ss)
org.freedesktop.systemd1	/org/freedesktop/systemd1/unit/plymouth_2dread_2dwrite_2eservice	org.freedesktop.systemd1.Unit	Kill	si
org.freedesktop.systemd1	/org/freedesktop/systemd1/unit/plymouth_2dread_2dwrite_2eservice	org.freedesktop.systemd1.Unit	Reload	s
org.freedesktop.systemd1	/org/freedesktop/systemd1/unit/plymouth_2dread_2dwrite_2eservice	org.freedesktop.systemd1.Unit	ReloadOrRestart	s
org.freedesktop.systemd1	/org/freedesktop/systemd1/unit/plymouth_2dread_2dwrite_2eservice	org.freedesktop.systemd1.Unit	ReloadOrTryRestart	s
org.freedesktop.systemd1	/org/freedesktop/systemd1/unit/plymouth_2dread_2dwrite_2eservice	org.freedesktop.systemd1.Unit	ResetFailed	
org.freedesktop.systemd1	/org/freedesktop/systemd1/unit/plymouth_2dread_2dwrite_2eservice	org.freedesktop.systemd1.Unit	Restart	s
org.freedesktop.systemd1	/org/freedesktop/systemd1/unit/plymouth_2dread_2dwrite_2eservice	org.freedesktop.systemd1.Unit	SetProperties	ba(sv)
org.freedesktop.systemd1	/org/freedesktop/systemd1/unit/plymouth_2dread_2dwrite_2eservice	org.freedesktop.systemd1.Unit	Start	s
org.freedesktop.systemd1	/org/freedesktop/systemd1/unit/plymouth_2dread_2dwrite_2eservice	org.freedesktop.systemd1.Unit	Stop	s
org.freedesktop.systemd1	/org/freedesktop/systemd1/unit/plymouth_2dread_2dwrite_2eservice	org.freedesktop.systemd1.Unit	TryRestart	s
org.freedesktop.systemd1	/org/freedesktop/systemd1/unit/plymouth_2dstart_2eservice	org.freedesktop.systemd1.Service	AttachProcesses	sau
org.freedesktop.systemd1	/org/freedesktop/systemd1/unit/plymouth_2dstart_2eservice	org.freedesktop.systemd1.Service	BindMount	ssbb
org.freedesktop.systemd1	/org/freedesktop/systemd1/unit/plymouth_2dstart_2eservice	org.freedesktop.systemd1.Service	MountImage	ssbba(ss)
org.freedesktop.systemd1	/org/freedesktop/systemd1/unit/plymouth_2dstart_2eservice	org.freedesktop.systemd1.Unit	Kill	si
org.freedesktop.systemd1	/org/freedesktop/systemd1/unit/plymouth_2dstart_2eservice	org.freedesktop.systemd1.Unit	Reload	s
org.freedesktop.systemd1	/org/freedesktop/systemd1/unit/plymouth_2dstart_2eservice	org.freedesktop.systemd1.Unit	ReloadOrRestart	s
org.freedesktop.systemd1	/org/freedesktop/systemd1/unit/plymouth_2dstart_2eservice	org.freedesktop.systemd1.Unit	ReloadOrTryRestart	s
org.freedesktop.systemd1	/org/freedesktop/systemd1/unit/plymouth_2dstart_2eservice	org.freedesktop.systemd1.Unit	ResetFailed	
org.freedesktop.systemd1	/org/freedesktop/systemd1/unit/plymouth_2dstart_2eservice	org.freedesktop.systemd1.Unit	Restart	s
org.freedesktop.systemd1	/org/freedesktop/systemd1/unit/plymouth_2dstart_2eservice	org.freedesktop.systemd1.Unit	SetProperties	ba(sv)
org.freedesktop.systemd1	/org/freedesktop/systemd1/unit/plymouth_2dstart_2eservice	org.freedesktop.systemd1.Unit	Start	s
org.freedesktop.systemd1	/org/freedesktop/systemd1/unit/plymouth_2dstart_2eservice	org.freedesktop.systemd1.Unit	Stop	s
org.freedesktop.systemd1	/org/freedesktop/systemd1/unit/plymouth_2dstart_2eservice	org.freedesktop.systemd1.Unit	TryRestart	s
org.freedesktop.systemd1	/org/freedesktop/systemd1/unit/plymouth_2dswitch_2droot_2eservice	org.freedesktop.systemd1.Service	AttachProcesses	sau
org.freedesktop.systemd1	/org/freedesktop/systemd1/unit/plymouth_2dswitch_2droot_2eservice	org.freedesktop.systemd1.Service	BindMount	ssbb
org.freedesktop.systemd1	/org/freedesktop/systemd1/unit/plymouth_2dswitch_2droot_2eservice	org.freedesktop.systemd1.Service	MountImage	ssbba(ss)
org.freedesktop.systemd1	/org/freedesktop/systemd1/unit/plymouth_2dswitch_2droot_2eservice	org.freedesktop.systemd1.Unit	Kill	si
org.freedesktop.systemd1	/org/freedesktop/systemd1/unit/plymouth_2dswitch_2droot_2eservice	org.freedesktop.systemd1.Unit	Reload	s
org.freedesktop.systemd1	/org/freedesktop/systemd1/unit/plymouth_2dswitch_2droot_2eservice	org.freedesktop.systemd1.Unit	ReloadOrRestart	s
org.freedesktop.systemd1	/org/freedesktop/systemd1/unit/plymouth_2dswitch_2droot_2eservice	org.freedesktop.systemd1.Unit	ReloadOrTryRestart	s
org.freedesktop.systemd1	/org/freedesktop/systemd1/unit/plymouth_2dswitch_2droot_2eservice	org.freedesktop.systemd1.Unit	ResetFailed	
org.freedesktop.systemd1	/org/freedesktop/systemd1/unit/plymouth_2dswitch_2droot_2eservice	org.freedesktop.systemd1.Unit	Restart	s
org.freedesktop.systemd1	/org/freedesktop/systemd1/unit/plymouth_2dswitch_2droot_2eservice	org.freedesktop.systemd1.Unit	SetProperties	ba(sv)
org.freedesktop.systemd1	/org/freedesktop/systemd1/unit/plymouth_2dswitch_2droot_2eservice	org.freedesktop.systemd1.Unit	Start	s
org.freedesktop.systemd1	/org/freedesktop/systemd1/unit/plymouth_2dswitch_2droot_2eservice	org.freedesktop.systemd1.Unit	Stop	s
org.freedesktop.systemd1	/org/freedesktop/systemd1/unit/plymouth_2dswitch_2droot_2eservice	org.freedesktop.systemd1.Unit	TryRestart	s
org.freedesktop.systemd1	/org/freedesktop/systemd1/unit/polkit_2eservice	org.freedesktop.systemd1.Service	AttachProcesses	sau
org.freedesktop.systemd1	/org/freedesktop/systemd1/unit/polkit_2eservice	org.freedesktop.systemd1.Service	BindMount	ssbb
org.freedesktop.systemd1	/org/freedesktop/systemd1/unit/polkit_2eservice	org.freedesktop.systemd1.Service	MountImage	ssbba(ss)
org.freedesktop.systemd1	/org/freedesktop/systemd1/unit/polkit_2eservice	org.freedesktop.systemd1.Unit	Kill	si
org.freedesktop.systemd1	/org/freedesktop/systemd1/unit/polkit_2eservice	org.freedesktop.systemd1.Unit	Reload	s
org.freedesktop.systemd1	/org/freedesktop/systemd1/unit/polkit_2eservice	org.freedesktop.systemd1.Unit	ReloadOrRestart	s
org.freedesktop.systemd1	/org/freedesktop/systemd1/unit/polkit_2eservice	org.freedesktop.systemd1.Unit	ReloadOrTryRestart	s
org.freedesktop.systemd1	/org/freedesktop/systemd1/unit/polkit_2eservice	org.freedesktop.systemd1.Unit	ResetFailed	
org.freedesktop.systemd1	/org/freedesktop/systemd1/unit/polkit_2eservice	org.freedesktop.systemd1.Unit	Restart	s
org.freedesktop.systemd1	/org/freedesktop/systemd1/unit/polkit_2eservice	org.freedesktop.systemd1.Unit	SetProperties	ba(sv)
org.freedesktop.systemd1	/org/freedesktop/systemd1/unit/polkit_2eservice	org.freedesktop.systemd1.Unit	Start	s
org.freedesktop.systemd1	/org/freedesktop/systemd1/unit/polkit_2eservice	org.freedesktop.systemd1.Unit	Stop	s
org.freedesktop.systemd1	/org/freedesktop/systemd1/unit/polkit_2eservice	org.freedesktop.systemd1.Unit	TryRestart	s
org.freedesktop.systemd1	/org/freedesktop/systemd1/unit/pollinate_2eservice	org.freedesktop.systemd1.Service	AttachProcesses	sau
org.freedesktop.systemd1	/org/freedesktop/systemd1/unit/pollinate_2eservice	org.freedesktop.systemd1.Service	BindMount	ssbb
org.freedesktop.systemd1	/org/freedesktop/systemd1/unit/pollinate_2eservice	org.freedesktop.systemd1.Service	MountImage	ssbba(ss)
org.freedesktop.systemd1	/org/freedesktop/systemd1/unit/pollinate_2eservice	org.freedesktop.systemd1.Unit	Kill	si
org.freedesktop.systemd1	/org/freedesktop/systemd1/unit/pollinate_2eservice	org.freedesktop.systemd1.Unit	Reload	s
org.freedesktop.systemd1	/org/freedesktop/systemd1/unit/pollinate_2eservice	org.freedesktop.systemd1.Unit	ReloadOrRestart	s
org.freedesktop.systemd1	/org/freedesktop/systemd1/unit/pollinate_2eservice	org.freedesktop.systemd1.Unit	ReloadOrTryRestart	s
org.freedesktop.systemd1	/org/freedesktop/systemd1/unit/pollinate_2eservice	org.freedesktop.systemd1.Unit	ResetFailed	
org.freedesktop.systemd1	/org/freedesktop/systemd1/unit/pollinate_2eservice	org.freedesktop.systemd1.Unit	Restart	s
org.freedesktop.systemd1	/org/freedesktop/systemd1/unit/pollinate_2eservice	org.freedesktop.systemd1.Unit	SetProperties	ba(sv)
org.freedesktop.systemd1	/org/freedesktop/systemd1/unit/pollinate_2eservice	org.freedesktop.systemd1.Unit	Start	s
org.freedesktop.systemd1	/org/freedesktop/systemd1/unit/pollinate_2eservice	org.freedesktop.systemd1.Unit	Stop	s
org.freedesktop.systemd1	/org/freedesktop/systemd1/unit/pollinate_2eservice	org.freedesktop.systemd1.Unit	TryRestart	s
org.freedesktop.systemd1	/org/freedesktop/systemd1/unit/proc_2dsys_2dfs_2dbinfmt_5fmisc_2eautomount	org.freedesktop.systemd1.Unit	Kill	si
org.freedesktop.systemd1	/org/freedesktop/systemd1/unit/proc_2dsys_2dfs_2dbinfmt_5fmisc_2eautomount	org.freedesktop.systemd1.Unit	Reload	s
org.freedesktop.systemd1	/org/freedesktop/systemd1/unit/proc_2dsys_2dfs_2dbinfmt_5fmisc_2eautomount	org.freedesktop.systemd1.Unit	ReloadOrRestart	s
org.freedesktop.systemd1	/org/freedesktop/systemd1/unit/proc_2dsys_2dfs_2dbinfmt_5fmisc_2eautomount	org.freedesktop.systemd1.Unit	ReloadOrTryRestart	s
org.freedesktop.systemd1	/org/freedesktop/systemd1/unit/proc_2dsys_2dfs_2dbinfmt_5fmisc_2eautomount	org.freedesktop.systemd1.Unit	ResetFailed	
org.freedesktop.systemd1	/org/freedesktop/systemd1/unit/proc_2dsys_2dfs_2dbinfmt_5fmisc_2eautomount	org.freedesktop.systemd1.Unit	Restart	s
org.freedesktop.systemd1	/org/freedesktop/systemd1/unit/proc_2dsys_2dfs_2dbinfmt_5fmisc_2eautomount	org.freedesktop.systemd1.Unit	SetProperties	ba(sv)
org.freedesktop.systemd1	/org/freedesktop/systemd1/unit/proc_2dsys_2dfs_2dbinfmt_5fmisc_2eautomount	org.freedesktop.systemd1.Unit	Start	s
org.freedesktop.systemd1	/org/freedesktop/systemd1/unit/proc_2dsys_2dfs_2dbinfmt_5fmisc_2eautomount	org.freedesktop.systemd1.Unit	Stop	s
org.freedesktop.systemd1	/org/freedesktop/systemd1/unit/proc_2dsys_2dfs_2dbinfmt_5fmisc_2eautomount	org.freedesktop.systemd1.Unit	TryRestart	s
org.freedesktop.systemd1	/org/freedesktop/systemd1/unit/proc_2dsys_2dfs_2dbinfmt_5fmisc_2emount	org.freedesktop.systemd1.Mount	AttachProcesses	sau
org.freedesktop.systemd1	/org/freedesktop/systemd1/unit/proc_2dsys_2dfs_2dbinfmt_5fmisc_2emount	org.freedesktop.systemd1.Unit	Kill	si
org.freedesktop.systemd1	/org/freedesktop/systemd1/unit/proc_2dsys_2dfs_2dbinfmt_5fmisc_2emount	org.freedesktop.systemd1.Unit	Reload	s
org.freedesktop.systemd1	/org/freedesktop/systemd1/unit/proc_2dsys_2dfs_2dbinfmt_5fmisc_2emount	org.freedesktop.systemd1.Unit	ReloadOrRestart	s
org.freedesktop.systemd1	/org/freedesktop/systemd1/unit/proc_2dsys_2dfs_2dbinfmt_5fmisc_2emount	org.freedesktop.systemd1.Unit	ReloadOrTryRestart	s
org.freedesktop.systemd1	/org/freedesktop/systemd1/unit/proc_2dsys_2dfs_2dbinfmt_5fmisc_2emount	org.freedesktop.systemd1.Unit	ResetFailed	
org.freedesktop.systemd1	/org/freedesktop/systemd1/unit/proc_2dsys_2dfs_2dbinfmt_5fmisc_2emount	org.freedesktop.systemd1.Unit	Restart	s
org.freedesktop.systemd1	/org/freedesktop/systemd1/unit/proc_2dsys_2dfs_2dbinfmt_5fmisc_2emount	org.freedesktop.systemd1.Unit	SetProperties	ba(sv)
org.freedesktop.systemd1	/org/freedesktop/systemd1/unit/proc_2dsys_2dfs_2dbinfmt_5fmisc_2emount	org.freedesktop.systemd1.Unit	Start	s
org.freedesktop.systemd1	/org/freedesktop/systemd1/unit/proc_2dsys_2dfs_2dbinfmt_5fmisc_2emount	org.freedesktop.systemd1.Unit	Stop	s
org.freedesktop.systemd1	/org/freedesktop/systemd1/unit/proc_2dsys_2dfs_2dbinfmt_5fmisc_2emount	org.freedesktop.systemd1.Unit	TryRestart	s
org.freedesktop.systemd1	/org/freedesktop/systemd1/unit/rbdmap_2eservice	org.freedesktop.systemd1.Service	AttachProcesses	sau
org.freedesktop.systemd1	/org/freedesktop/systemd1/unit/rbdmap_2eservice	org.freedesktop.systemd1.Service	BindMount	ssbb
org.freedesktop.systemd1	/org/freedesktop/systemd1/unit/rbdmap_2eservice	org.freedesktop.systemd1.Service	MountImage	ssbba(ss)
org.freedesktop.systemd1	/org/freedesktop/systemd1/unit/rbdmap_2eservice	org.freedesktop.systemd1.Unit	Kill	si
org.freedesktop.systemd1	/org/freedesktop/systemd1/unit/rbdmap_2eservice	org.freedesktop.systemd1.Unit	Reload	s
org.freedesktop.systemd1	/org/freedesktop/systemd1/unit/rbdmap_2eservice	org.freedesktop.systemd1.Unit	ReloadOrRestart	s
org.freedesktop.systemd1	/org/freedesktop/systemd1/unit/rbdmap_2eservice	org.freedesktop.systemd1.Unit	ReloadOrTryRestart	s
org.freedesktop.systemd1	/org/freedesktop/systemd1/unit/rbdmap_2eservice	org.freedesktop.systemd1.Unit	ResetFailed	
org.freedesktop.systemd1	/org/freedesktop/systemd1/unit/rbdmap_2eservice	org.freedesktop.systemd1.Unit	Restart	s
org.freedesktop.systemd1	/org/freedesktop/systemd1/unit/rbdmap_2eservice	org.freedesktop.systemd1.Unit	SetProperties	ba(sv)
org.freedesktop.systemd1	/org/freedesktop/systemd1/unit/rbdmap_2eservice	org.freedesktop.systemd1.Unit	Start	s
org.freedesktop.systemd1	/org/freedesktop/systemd1/unit/rbdmap_2eservice	org.freedesktop.systemd1.Unit	Stop	s
org.freedesktop.systemd1	/org/freedesktop/systemd1/unit/rbdmap_2eservice	org.freedesktop.systemd1.Unit	TryRestart	s
org.freedesktop.systemd1	/org/freedesktop/systemd1/unit/rc_2dlocal_2eservice	org.freedesktop.systemd1.Service	AttachProcesses	sau
org.freedesktop.systemd1	/org/freedesktop/systemd1/unit/rc_2dlocal_2eservice	org.freedesktop.systemd1.Service	BindMount	ssbb
org.freedesktop.systemd1	/org/freedesktop/systemd1/unit/rc_2dlocal_2eservice	org.freedesktop.systemd1.Service	MountImage	ssbba(ss)
org.freedesktop.systemd1	/org/freedesktop/systemd1/unit/rc_2dlocal_2eservice	org.freedesktop.systemd1.Unit	Kill	si
org.freedesktop.systemd1	/org/freedesktop/systemd1/unit/rc_2dlocal_2eservice	org.freedesktop.systemd1.Unit	Reload	s
org.freedesktop.systemd1	/org/freedesktop/systemd1/unit/rc_2dlocal_2eservice	org.freedesktop.systemd1.Unit	ReloadOrRestart	s
org.freedesktop.systemd1	/org/freedesktop/systemd1/unit/rc_2dlocal_2eservice	org.freedesktop.systemd1.Unit	ReloadOrTryRestart	s
org.freedesktop.systemd1	/org/freedesktop/systemd1/unit/rc_2dlocal_2eservice	org.freedesktop.systemd1.Unit	ResetFailed	
org.freedesktop.systemd1	/org/freedesktop/systemd1/unit/rc_2dlocal_2eservice	org.freedesktop.systemd1.Unit	Restart	s
org.freedesktop.systemd1	/org/freedesktop/systemd1/unit/rc_2dlocal_2eservice	org.freedesktop.systemd1.Unit	SetProperties	ba(sv)
org.freedesktop.systemd1	/org/freedesktop/systemd1/unit/rc_2dlocal_2eservice	org.freedesktop.systemd1.Unit	Start	s
org.freedesktop.systemd1	/org/freedesktop/systemd1/unit/rc_2dlocal_2eservice	org.freedesktop.systemd1.Unit	Stop	s
org.freedesktop.systemd1	/org/freedesktop/systemd1/unit/rc_2dlocal_2eservice	org.freedesktop.systemd1.Unit	TryRestart	s
org.freedesktop.systemd1	/org/freedesktop/systemd1/unit/remote_2dcryptsetup_2etarget	org.freedesktop.systemd1.Unit	Kill	si
org.freedesktop.systemd1	/org/freedesktop/systemd1/unit/remote_2dcryptsetup_2etarget	org.freedesktop.systemd1.Unit	Reload	s
org.freedesktop.systemd1	/org/freedesktop/systemd1/unit/remote_2dcryptsetup_2etarget	org.freedesktop.systemd1.Unit	ReloadOrRestart	s
org.freedesktop.systemd1	/org/freedesktop/systemd1/unit/remote_2dcryptsetup_2etarget	org.freedesktop.systemd1.Unit	ReloadOrTryRestart	s
org.freedesktop.systemd1	/org/freedesktop/systemd1/unit/remote_2dcryptsetup_2etarget	org.freedesktop.systemd1.Unit	ResetFailed	
org.freedesktop.systemd1	/org/freedesktop/systemd1/unit/remote_2dcryptsetup_2etarget	org.freedesktop.systemd1.Unit	Restart	s
org.freedesktop.systemd1	/org/freedesktop/systemd1/unit/remote_2dcryptsetup_2etarget	org.freedesktop.systemd1.Unit	SetProperties	ba(sv)
org.freedesktop.systemd1	/org/freedesktop/systemd1/unit/remote_2dcryptsetup_2etarget	org.freedesktop.systemd1.Unit	Start	s
org.freedesktop.systemd1	/org/freedesktop/systemd1/unit/remote_2dcryptsetup_2etarget	org.freedesktop.systemd1.Unit	Stop	s
org.freedesktop.systemd1	/org/freedesktop/systemd1/unit/remote_2dcryptsetup_2etarget	org.freedesktop.systemd1.Unit	TryRestart	s
org.freedesktop.systemd1	/org/freedesktop/systemd1/unit/remote_2dfs_2dpre_2etarget	org.freedesktop.systemd1.Unit	Kill	si
org.freedesktop.systemd1	/org/freedesktop/systemd1/unit/remote_2dfs_2dpre_2etarget	org.freedesktop.systemd1.Unit	Reload	s
org.freedesktop.systemd1	/org/freedesktop/systemd1/unit/remote_2dfs_2dpre_2etarget	org.freedesktop.systemd1.Unit	ReloadOrRestart	s
org.freedesktop.systemd1	/org/freedesktop/systemd1/unit/remote_2dfs_2dpre_2etarget	org.freedesktop.systemd1.Unit	ReloadOrTryRestart	s
org.freedesktop.systemd1	/org/freedesktop/systemd1/unit/remote_2dfs_2dpre_2etarget	org.freedesktop.systemd1.Unit	ResetFailed	
org.freedesktop.systemd1	/org/freedesktop/systemd1/unit/remote_2dfs_2dpre_2etarget	org.freedesktop.systemd1.Unit	Restart	s
org.freedesktop.systemd1	/org/freedesktop/systemd1/unit/remote_2dfs_2dpre_2etarget	org.freedesktop.systemd1.Unit	SetProperties	ba(sv)
org.freedesktop.systemd1	/org/freedesktop/systemd1/unit/remote_2dfs_2dpre_2etarget	org.freedesktop.systemd1.Unit	Start	s
org.freedesktop.systemd1	/org/freedesktop/systemd1/unit/remote_2dfs_2dpre_2etarget	org.freedesktop.systemd1.Unit	Stop	s
org.freedesktop.systemd1	/org/freedesktop/systemd1/unit/remote_2dfs_2dpre_2etarget	org.freedesktop.systemd1.Unit	TryRestart	s
org.freedesktop.systemd1	/org/freedesktop/systemd1/unit/remote_2dfs_2etarget	org.freedesktop.systemd1.Unit	Kill	si
org.freedesktop.systemd1	/org/freedesktop/systemd1/unit/remote_2dfs_2etarget	org.freedesktop.systemd1.Unit	Reload	s
org.freedesktop.systemd1	/org/freedesktop/systemd1/unit/remote_2dfs_2etarget	org.freedesktop.systemd1.Unit	ReloadOrRestart	s
org.freedesktop.systemd1	/org/freedesktop/systemd1/unit/remote_2dfs_2etarget	org.freedesktop.systemd1.Unit	ReloadOrTryRestart	s
org.freedesktop.systemd1	/org/freedesktop/systemd1/unit/remote_2dfs_2etarget	org.freedesktop.systemd1.Unit	ResetFailed	
org.freedesktop.systemd1	/org/freedesktop/systemd1/unit/remote_2dfs_2etarget	org.freedesktop.systemd1.Unit	Restart	s
org.freedesktop.systemd1	/org/freedesktop/systemd1/unit/remote_2dfs_2etarget	org.freedesktop.systemd1.Unit	SetProperties	ba(sv)
org.freedesktop.systemd1	/org/freedesktop/systemd1/unit/remote_2dfs_2etarget	org.freedesktop.systemd1.Unit	Start	s
org.freedesktop.systemd1	/org/freedesktop/systemd1/unit/remote_2dfs_2etarget	org.freedesktop.systemd1.Unit	Stop	s
org.freedesktop.systemd1	/org/freedesktop/systemd1/unit/remote_2dfs_2etarget	org.freedesktop.systemd1.Unit	TryRestart	s
org.freedesktop.systemd1	/org/freedesktop/systemd1/unit/remote_2dveritysetup_2etarget	org.freedesktop.systemd1.Unit	Kill	si
org.freedesktop.systemd1	/org/freedesktop/systemd1/unit/remote_2dveritysetup_2etarget	org.freedesktop.systemd1.Unit	Reload	s
org.freedesktop.systemd1	/org/freedesktop/systemd1/unit/remote_2dveritysetup_2etarget	org.freedesktop.systemd1.Unit	ReloadOrRestart	s
org.freedesktop.systemd1	/org/freedesktop/systemd1/unit/remote_2dveritysetup_2etarget	org.freedesktop.systemd1.Unit	ReloadOrTryRestart	s
org.freedesktop.systemd1	/org/freedesktop/systemd1/unit/remote_2dveritysetup_2etarget	org.freedesktop.systemd1.Unit	ResetFailed	
org.freedesktop.systemd1	/org/freedesktop/systemd1/unit/remote_2dveritysetup_2etarget	org.freedesktop.systemd1.Unit	Restart	s
org.freedesktop.systemd1	/org/freedesktop/systemd1/unit/remote_2dveritysetup_2etarget	org.freedesktop.systemd1.Unit	SetProperties	ba(sv)
org.freedesktop.systemd1	/org/freedesktop/systemd1/unit/remote_2dveritysetup_2etarget	org.freedesktop.systemd1.Unit	Start	s
org.freedesktop.systemd1	/org/freedesktop/systemd1/unit/remote_2dveritysetup_2etarget	org.freedesktop.systemd1.Unit	Stop	s
org.freedesktop.systemd1	/org/freedesktop/systemd1/unit/remote_2dveritysetup_2etarget	org.freedesktop.systemd1.Unit	TryRestart	s
org.freedesktop.systemd1	/org/freedesktop/systemd1/unit/rescue_2eservice	org.freedesktop.systemd1.Service	AttachProcesses	sau
org.freedesktop.systemd1	/org/freedesktop/systemd1/unit/rescue_2eservice	org.freedesktop.systemd1.Service	BindMount	ssbb
org.freedesktop.systemd1	/org/freedesktop/systemd1/unit/rescue_2eservice	org.freedesktop.systemd1.Service	MountImage	ssbba(ss)
org.freedesktop.systemd1	/org/freedesktop/systemd1/unit/rescue_2eservice	org.freedesktop.systemd1.Unit	Kill	si
org.freedesktop.systemd1	/org/freedesktop/systemd1/unit/rescue_2eservice	org.freedesktop.systemd1.Unit	Reload	s
org.freedesktop.systemd1	/org/freedesktop/systemd1/unit/rescue_2eservice	org.freedesktop.systemd1.Unit	ReloadOrRestart	s
org.freedesktop.systemd1	/org/freedesktop/systemd1/unit/rescue_2eservice	org.freedesktop.systemd1.Unit	ReloadOrTryRestart	s
org.freedesktop.systemd1	/org/freedesktop/systemd1/unit/rescue_2eservice	org.freedesktop.systemd1.Unit	ResetFailed	
org.freedesktop.systemd1	/org/freedesktop/systemd1/unit/rescue_2eservice	org.freedesktop.systemd1.Unit	Restart	s
org.freedesktop.systemd1	/org/freedesktop/systemd1/unit/rescue_2eservice	org.freedesktop.systemd1.Unit	SetProperties	ba(sv)
org.freedesktop.systemd1	/org/freedesktop/systemd1/unit/rescue_2eservice	org.freedesktop.systemd1.Unit	Start	s
org.freedesktop.systemd1	/org/freedesktop/systemd1/unit/rescue_2eservice	org.freedesktop.systemd1.Unit	Stop	s
org.freedesktop.systemd1	/org/freedesktop/systemd1/unit/rescue_2eservice	org.freedesktop.systemd1.Unit	TryRestart	s
org.freedesktop.systemd1	/org/freedesktop/systemd1/unit/rescue_2etarget	org.freedesktop.systemd1.Unit	Kill	si
org.freedesktop.systemd1	/org/freedesktop/systemd1/unit/rescue_2etarget	org.freedesktop.systemd1.Unit	Reload	s
org.freedesktop.systemd1	/org/freedesktop/systemd1/unit/rescue_2etarget	org.freedesktop.systemd1.Unit	ReloadOrRestart	s
org.freedesktop.systemd1	/org/freedesktop/systemd1/unit/rescue_2etarget	org.freedesktop.systemd1.Unit	ReloadOrTryRestart	s
org.freedesktop.systemd1	/org/freedesktop/systemd1/unit/rescue_2etarget	org.freedesktop.systemd1.Unit	ResetFailed	
org.freedesktop.systemd1	/org/freedesktop/systemd1/unit/rescue_2etarget	org.freedesktop.systemd1.Unit	Restart	s
org.freedesktop.systemd1	/org/freedesktop/systemd1/unit/rescue_2etarget	org.freedesktop.systemd1.Unit	SetProperties	ba(sv)
org.freedesktop.systemd1	/org/freedesktop/systemd1/unit/rescue_2etarget	org.freedesktop.systemd1.Unit	Start	s
org.freedesktop.systemd1	/org/freedesktop/systemd1/unit/rescue_2etarget	org.freedesktop.systemd1.Unit	Stop	s
org.freedesktop.systemd1	/org/freedesktop/systemd1/unit/rescue_2etarget	org.freedesktop.systemd1.Unit	TryRestart	s
org.freedesktop.systemd1	/org/freedesktop/systemd1/unit/rsyslog_2eservice	org.freedesktop.systemd1.Service	AttachProcesses	sau
org.freedesktop.systemd1	/org/freedesktop/systemd1/unit/rsyslog_2eservice	org.freedesktop.systemd1.Service	BindMount	ssbb
org.freedesktop.systemd1	/org/freedesktop/systemd1/unit/rsyslog_2eservice	org.freedesktop.systemd1.Service	MountImage	ssbba(ss)
org.freedesktop.systemd1	/org/freedesktop/systemd1/unit/rsyslog_2eservice	org.freedesktop.systemd1.Unit	Kill	si
org.freedesktop.systemd1	/org/freedesktop/systemd1/unit/rsyslog_2eservice	org.freedesktop.systemd1.Unit	Reload	s
org.freedesktop.systemd1	/org/freedesktop/systemd1/unit/rsyslog_2eservice	org.freedesktop.systemd1.Unit	ReloadOrRestart	s
org.freedesktop.systemd1	/org/freedesktop/systemd1/unit/rsyslog_2eservice	org.freedesktop.systemd1.Unit	ReloadOrTryRestart	s
org.freedesktop.systemd1	/org/freedesktop/systemd1/unit/rsyslog_2eservice	org.freedesktop.systemd1.Unit	ResetFailed	
org.freedesktop.systemd1	/org/freedesktop/systemd1/unit/rsyslog_2eservice	org.freedesktop.systemd1.Unit	Restart	s
org.freedesktop.systemd1	/org/freedesktop/systemd1/unit/rsyslog_2eservice	org.freedesktop.systemd1.Unit	SetProperties	ba(sv)
org.freedesktop.systemd1	/org/freedesktop/systemd1/unit/rsyslog_2eservice	org.freedesktop.systemd1.Unit	Start	s
org.freedesktop.systemd1	/org/freedesktop/systemd1/unit/rsyslog_2eservice	org.freedesktop.systemd1.Unit	Stop	s
org.freedesktop.systemd1	/org/freedesktop/systemd1/unit/rsyslog_2eservice	org.freedesktop.systemd1.Unit	TryRestart	s
org.freedesktop.systemd1	/org/freedesktop/systemd1/unit/run_2dcredentials_2dsystemd_5cx2dresolved_2eservice_2emount	org.freedesktop.systemd1.Mount	AttachProcesses	sau
org.freedesktop.systemd1	/org/freedesktop/systemd1/unit/run_2dcredentials_2dsystemd_5cx2dresolved_2eservice_2emount	org.freedesktop.systemd1.Unit	Kill	si
org.freedesktop.systemd1	/org/freedesktop/systemd1/unit/run_2dcredentials_2dsystemd_5cx2dresolved_2eservice_2emount	org.freedesktop.systemd1.Unit	Reload	s
org.freedesktop.systemd1	/org/freedesktop/systemd1/unit/run_2dcredentials_2dsystemd_5cx2dresolved_2eservice_2emount	org.freedesktop.systemd1.Unit	ReloadOrRestart	s
org.freedesktop.systemd1	/org/freedesktop/systemd1/unit/run_2dcredentials_2dsystemd_5cx2dresolved_2eservice_2emount	org.freedesktop.systemd1.Unit	ReloadOrTryRestart	s
org.freedesktop.systemd1	/org/freedesktop/systemd1/unit/run_2dcredentials_2dsystemd_5cx2dresolved_2eservice_2emount	org.freedesktop.systemd1.Unit	ResetFailed	
org.freedesktop.systemd1	/org/freedesktop/systemd1/unit/run_2dcredentials_2dsystemd_5cx2dresolved_2eservice_2emount	org.freedesktop.systemd1.Unit	Restart	s
org.freedesktop.systemd1	/org/freedesktop/systemd1/unit/run_2dcredentials_2dsystemd_5cx2dresolved_2eservice_2emount	org.freedesktop.systemd1.Unit	SetProperties	ba(sv)
org.freedesktop.systemd1	/org/freedesktop/systemd1/unit/run_2dcredentials_2dsystemd_5cx2dresolved_2eservice_2emount	org.freedesktop.systemd1.Unit	Start	s
org.freedesktop.systemd1	/org/freedesktop/systemd1/unit/run_2dcredentials_2dsystemd_5cx2dresolved_2eservice_2emount	org.freedesktop.systemd1.Unit	Stop	s
org.freedesktop.systemd1	/org/freedesktop/systemd1/unit/run_2dcredentials_2dsystemd_5cx2dresolved_2eservice_2emount	org.freedesktop.systemd1.Unit	TryRestart	s
org.freedesktop.systemd1	/org/freedesktop/systemd1/unit/run_2dcredentials_2dsystemd_5cx2dsysctl_2eservice_2emount	org.freedesktop.systemd1.Mount	AttachProcesses	sau
org.freedesktop.systemd1	/org/freedesktop/systemd1/unit/run_2dcredentials_2dsystemd_5cx2dsysctl_2eservice_2emount	org.freedesktop.systemd1.Unit	Kill	si
org.freedesktop.systemd1	/org/freedesktop/systemd1/unit/run_2dcredentials_2dsystemd_5cx2dsysctl_2eservice_2emount	org.freedesktop.systemd1.Unit	Reload	s
org.freedesktop.systemd1	/org/freedesktop/systemd1/unit/run_2dcredentials_2dsystemd_5cx2dsysctl_2eservice_2emount	org.freedesktop.systemd1.Unit	ReloadOrRestart	s
org.freedesktop.systemd1	/org/freedesktop/systemd1/unit/run_2dcredentials_2dsystemd_5cx2dsysctl_2eservice_2emount	org.freedesktop.systemd1.Unit	ReloadOrTryRestart	s
org.freedesktop.systemd1	/org/freedesktop/systemd1/unit/run_2dcredentials_2dsystemd_5cx2dsysctl_2eservice_2emount	org.freedesktop.systemd1.Unit	ResetFailed	
org.freedesktop.systemd1	/org/freedesktop/systemd1/unit/run_2dcredentials_2dsystemd_5cx2dsysctl_2eservice_2emount	org.freedesktop.systemd1.Unit	Restart	s
org.freedesktop.systemd1	/org/freedesktop/systemd1/unit/run_2dcredentials_2dsystemd_5cx2dsysctl_2eservice_2emount	org.freedesktop.systemd1.Unit	SetProperties	ba(sv)
org.freedesktop.systemd1	/org/freedesktop/systemd1/unit/run_2dcredentials_2dsystemd_5cx2dsysctl_2eservice_2emount	org.freedesktop.systemd1.Unit	Start	s
org.freedesktop.systemd1	/org/freedesktop/systemd1/unit/run_2dcredentials_2dsystemd_5cx2dsysctl_2eservice_2emount	org.freedesktop.systemd1.Unit	Stop	s
org.freedesktop.systemd1	/org/freedesktop/systemd1/unit/run_2dcredentials_2dsystemd_5cx2dsysctl_2eservice_2emount	org.freedesktop.systemd1.Unit	TryRestart	s
org.freedesktop.systemd1	/org/freedesktop/systemd1/unit/run_2dcredentials_2dsystemd_5cx2dsysusers_2eservice_2emount	org.freedesktop.systemd1.Mount	AttachProcesses	sau
org.freedesktop.systemd1	/org/freedesktop/systemd1/unit/run_2dcredentials_2dsystemd_5cx2dsysusers_2eservice_2emount	org.freedesktop.systemd1.Unit	Kill	si
org.freedesktop.systemd1	/org/freedesktop/systemd1/unit/run_2dcredentials_2dsystemd_5cx2dsysusers_2eservice_2emount	org.freedesktop.systemd1.Unit	Reload	s
org.freedesktop.systemd1	/org/freedesktop/systemd1/unit/run_2dcredentials_2dsystemd_5cx2dsysusers_2eservice_2emount	org.freedesktop.systemd1.Unit	ReloadOrRestart	s
org.freedesktop.systemd1	/org/freedesktop/systemd1/unit/run_2dcredentials_2dsystemd_5cx2dsysusers_2eservice_2emount	org.freedesktop.systemd1.Unit	ReloadOrTryRestart	s
org.freedesktop.systemd1	/org/freedesktop/systemd1/unit/run_2dcredentials_2dsystemd_5cx2dsysusers_2eservice_2emount	org.freedesktop.systemd1.Unit	ResetFailed	
org.freedesktop.systemd1	/org/freedesktop/systemd1/unit/run_2dcredentials_2dsystemd_5cx2dsysusers_2eservice_2emount	org.freedesktop.systemd1.Unit	Restart	s
org.freedesktop.systemd1	/org/freedesktop/systemd1/unit/run_2dcredentials_2dsystemd_5cx2dsysusers_2eservice_2emount	org.freedesktop.systemd1.Unit	SetProperties	ba(sv)
org.freedesktop.systemd1	/org/freedesktop/systemd1/unit/run_2dcredentials_2dsystemd_5cx2dsysusers_2eservice_2emount	org.freedesktop.systemd1.Unit	Start	s
org.freedesktop.systemd1	/org/freedesktop/systemd1/unit/run_2dcredentials_2dsystemd_5cx2dsysusers_2eservice_2emount	org.freedesktop.systemd1.Unit	Stop	s
org.freedesktop.systemd1	/org/freedesktop/systemd1/unit/run_2dcredentials_2dsystemd_5cx2dsysusers_2eservice_2emount	org.freedesktop.systemd1.Unit	TryRestart	s
org.freedesktop.systemd1	/org/freedesktop/systemd1/unit/run_2dcredentials_2dsystemd_5cx2dtmpfiles_5cx2dclean_2eservice_2emount	org.freedesktop.systemd1.Mount	AttachProcesses	sau
org.freedesktop.systemd1	/org/freedesktop/systemd1/unit/run_2dcredentials_2dsystemd_5cx2dtmpfiles_5cx2dclean_2eservice_2emount	org.freedesktop.systemd1.Unit	Kill	si
org.freedesktop.systemd1	/org/freedesktop/systemd1/unit/run_2dcredentials_2dsystemd_5cx2dtmpfiles_5cx2dclean_2eservice_2emount	org.freedesktop.systemd1.Unit	Reload	s
org.freedesktop.systemd1	/org/freedesktop/systemd1/unit/run_2dcredentials_2dsystemd_5cx2dtmpfiles_5cx2dclean_2eservice_2emount	org.freedesktop.systemd1.Unit	ReloadOrRestart	s
org.freedesktop.systemd1	/org/freedesktop/systemd1/unit/run_2dcredentials_2dsystemd_5cx2dtmpfiles_5cx2dclean_2eservice_2emount	org.freedesktop.systemd1.Unit	ReloadOrTryRestart	s
org.freedesktop.systemd1	/org/freedesktop/systemd1/unit/run_2dcredentials_2dsystemd_5cx2dtmpfiles_5cx2dclean_2eservice_2emount	org.freedesktop.systemd1.Unit	ResetFailed	
org.freedesktop.systemd1	/org/freedesktop/systemd1/unit/run_2dcredentials_2dsystemd_5cx2dtmpfiles_5cx2dclean_2eservice_2emount	org.freedesktop.systemd1.Unit	Restart	s
org.freedesktop.systemd1	/org/freedesktop/systemd1/unit/run_2dcredentials_2dsystemd_5cx2dtmpfiles_5cx2dclean_2eservice_2emount	org.freedesktop.systemd1.Unit	SetProperties	ba(sv)
org.freedesktop.systemd1	/org/freedesktop/systemd1/unit/run_2dcredentials_2dsystemd_5cx2dtmpfiles_5cx2dclean_2eservice_2emount	org.freedesktop.systemd1.Unit	Start	s
org.freedesktop.systemd1	/org/freedesktop/systemd1/unit/run_2dcredentials_2dsystemd_5cx2dtmpfiles_5cx2dclean_2eservice_2emount	org.freedesktop.systemd1.Unit	Stop	s
org.freedesktop.systemd1	/org/freedesktop/systemd1/unit/run_2dcredentials_2dsystemd_5cx2dtmpfiles_5cx2dclean_2eservice_2emount	org.freedesktop.systemd1.Unit	TryRestart	s
org.freedesktop.systemd1	/org/freedesktop/systemd1/unit/run_2dcredentials_2dsystemd_5cx2dtmpfiles_5cx2dsetup_2eservice_2emount	org.freedesktop.systemd1.Mount	AttachProcesses	sau
org.freedesktop.systemd1	/org/freedesktop/systemd1/unit/run_2dcredentials_2dsystemd_5cx2dtmpfiles_5cx2dsetup_2eservice_2emount	org.freedesktop.systemd1.Unit	Kill	si
org.freedesktop.systemd1	/org/freedesktop/systemd1/unit/run_2dcredentials_2dsystemd_5cx2dtmpfiles_5cx2dsetup_2eservice_2emount	org.freedesktop.systemd1.Unit	Reload	s
org.freedesktop.systemd1	/org/freedesktop/systemd1/unit/run_2dcredentials_2dsystemd_5cx2dtmpfiles_5cx2dsetup_2eservice_2emount	org.freedesktop.systemd1.Unit	ReloadOrRestart	s
org.freedesktop.systemd1	/org/freedesktop/systemd1/unit/run_2dcredentials_2dsystemd_5cx2dtmpfiles_5cx2dsetup_2eservice_2emount	org.freedesktop.systemd1.Unit	ReloadOrTryRestart	s
org.freedesktop.systemd1	/org/freedesktop/systemd1/unit/run_2dcredentials_2dsystemd_5cx2dtmpfiles_5cx2dsetup_2eservice_2emount	org.freedesktop.systemd1.Unit	ResetFailed	
org.freedesktop.systemd1	/org/freedesktop/systemd1/unit/run_2dcredentials_2dsystemd_5cx2dtmpfiles_5cx2dsetup_2eservice_2emount	org.freedesktop.systemd1.Unit	Restart	s
org.freedesktop.systemd1	/org/freedesktop/systemd1/unit/run_2dcredentials_2dsystemd_5cx2dtmpfiles_5cx2dsetup_2eservice_2emount	org.freedesktop.systemd1.Unit	SetProperties	ba(sv)
org.freedesktop.systemd1	/org/freedesktop/systemd1/unit/run_2dcredentials_2dsystemd_5cx2dtmpfiles_5cx2dsetup_2eservice_2emount	org.freedesktop.systemd1.Unit	Start	s
org.freedesktop.systemd1	/org/freedesktop/systemd1/unit/run_2dcredentials_2dsystemd_5cx2dtmpfiles_5cx2dsetup_2eservice_2emount	org.freedesktop.systemd1.Unit	Stop	s
org.freedesktop.systemd1	/org/freedesktop/systemd1/unit/run_2dcredentials_2dsystemd_5cx2dtmpfiles_5cx2dsetup_2eservice_2emount	org.freedesktop.systemd1.Unit	TryRestart	s
org.freedesktop.systemd1	/org/freedesktop/systemd1/unit/run_2dcredentials_2dsystemd_5cx2dtmpfiles_5cx2dsetup_5cx2ddev_2eservice_2emount	org.freedesktop.systemd1.Mount	AttachProcesses	sau
org.freedesktop.systemd1	/org/freedesktop/systemd1/unit/run_2dcredentials_2dsystemd_5cx2dtmpfiles_5cx2dsetup_5cx2ddev_2eservice_2emount	org.freedesktop.systemd1.Unit	Kill	si
org.freedesktop.systemd1	/org/freedesktop/systemd1/unit/run_2dcredentials_2dsystemd_5cx2dtmpfiles_5cx2dsetup_5cx2ddev_2eservice_2emount	org.freedesktop.systemd1.Unit	Reload	s
org.freedesktop.systemd1	/org/freedesktop/systemd1/unit/run_2dcredentials_2dsystemd_5cx2dtmpfiles_5cx2dsetup_5cx2ddev_2eservice_2emount	org.freedesktop.systemd1.Unit	ReloadOrRestart	s
org.freedesktop.systemd1	/org/freedesktop/systemd1/unit/run_2dcredentials_2dsystemd_5cx2dtmpfiles_5cx2dsetup_5cx2ddev_2eservice_2emount	org.freedesktop.systemd1.Unit	ReloadOrTryRestart	s
org.freedesktop.systemd1	/org/freedesktop/systemd1/unit/run_2dcredentials_2dsystemd_5cx2dtmpfiles_5cx2dsetup_5cx2ddev_2eservice_2emount	org.freedesktop.systemd1.Unit	ResetFailed	
org.freedesktop.systemd1	/org/freedesktop/systemd1/unit/run_2dcredentials_2dsystemd_5cx2dtmpfiles_5cx2dsetup_5cx2ddev_2eservice_2emount	org.freedesktop.systemd1.Unit	Restart	s
org.freedesktop.systemd1	/org/freedesktop/systemd1/unit/run_2dcredentials_2dsystemd_5cx2dtmpfiles_5cx2dsetup_5cx2ddev_2eservice_2emount	org.freedesktop.systemd1.Unit	SetProperties	ba(sv)
org.freedesktop.systemd1	/org/freedesktop/systemd1/unit/run_2dcredentials_2dsystemd_5cx2dtmpfiles_5cx2dsetup_5cx2ddev_2eservice_2emount	org.freedesktop.systemd1.Unit	Start	s
org.freedesktop.systemd1	/org/freedesktop/systemd1/unit/run_2dcredentials_2dsystemd_5cx2dtmpfiles_5cx2dsetup_5cx2ddev_2eservice_2emount	org.freedesktop.systemd1.Unit	Stop	s
org.freedesktop.systemd1	/org/freedesktop/systemd1/unit/run_2dcredentials_2dsystemd_5cx2dtmpfiles_5cx2dsetup_5cx2ddev_2eservice_2emount	org.freedesktop.systemd1.Unit	TryRestart	s
org.freedesktop.systemd1	/org/freedesktop/systemd1/unit/run_2dcredentials_2dsystemd_5cx2dtmpfiles_5cx2dsetup_5cx2ddev_5cx2dearly_2eservice_2emount	org.freedesktop.systemd1.Mount	AttachProcesses	sau
org.freedesktop.systemd1	/org/freedesktop/systemd1/unit/run_2dcredentials_2dsystemd_5cx2dtmpfiles_5cx2dsetup_5cx2ddev_5cx2dearly_2eservice_2emount	org.freedesktop.systemd1.Unit	Kill	si
org.freedesktop.systemd1	/org/freedesktop/systemd1/unit/run_2dcredentials_2dsystemd_5cx2dtmpfiles_5cx2dsetup_5cx2ddev_5cx2dearly_2eservice_2emount	org.freedesktop.systemd1.Unit	Reload	s
org.freedesktop.systemd1	/org/freedesktop/systemd1/unit/run_2dcredentials_2dsystemd_5cx2dtmpfiles_5cx2dsetup_5cx2ddev_5cx2dearly_2eservice_2emount	org.freedesktop.systemd1.Unit	ReloadOrRestart	s
org.freedesktop.systemd1	/org/freedesktop/systemd1/unit/run_2dcredentials_2dsystemd_5cx2dtmpfiles_5cx2dsetup_5cx2ddev_5cx2dearly_2eservice_2emount	org.freedesktop.systemd1.Unit	ReloadOrTryRestart	s
org.freedesktop.systemd1	/org/freedesktop/systemd1/unit/run_2dcredentials_2dsystemd_5cx2dtmpfiles_5cx2dsetup_5cx2ddev_5cx2dearly_2eservice_2emount	org.freedesktop.systemd1.Unit	ResetFailed	
org.freedesktop.systemd1	/org/freedesktop/systemd1/unit/run_2dcredentials_2dsystemd_5cx2dtmpfiles_5cx2dsetup_5cx2ddev_5cx2dearly_2eservice_2emount	org.freedesktop.systemd1.Unit	Restart	s
org.freedesktop.systemd1	/org/freedesktop/systemd1/unit/run_2dcredentials_2dsystemd_5cx2dtmpfiles_5cx2dsetup_5cx2ddev_5cx2dearly_2eservice_2emount	org.freedesktop.systemd1.Unit	SetProperties	ba(sv)
org.freedesktop.systemd1	/org/freedesktop/systemd1/unit/run_2dcredentials_2dsystemd_5cx2dtmpfiles_5cx2dsetup_5cx2ddev_5cx2dearly_2eservice_2emount	org.freedesktop.systemd1.Unit	Start	s
org.freedesktop.systemd1	/org/freedesktop/systemd1/unit/run_2dcredentials_2dsystemd_5cx2dtmpfiles_5cx2dsetup_5cx2ddev_5cx2dearly_2eservice_2emount	org.freedesktop.systemd1.Unit	Stop	s
org.freedesktop.systemd1	/org/freedesktop/systemd1/unit/run_2dcredentials_2dsystemd_5cx2dtmpfiles_5cx2dsetup_5cx2ddev_5cx2dearly_2eservice_2emount	org.freedesktop.systemd1.Unit	TryRestart	s
org.freedesktop.systemd1	/org/freedesktop/systemd1/unit/secureboot_2ddb_2eservice	org.freedesktop.systemd1.Service	AttachProcesses	sau
org.freedesktop.systemd1	/org/freedesktop/systemd1/unit/secureboot_2ddb_2eservice	org.freedesktop.systemd1.Service	BindMount	ssbb
org.freedesktop.systemd1	/org/freedesktop/systemd1/unit/secureboot_2ddb_2eservice	org.freedesktop.systemd1.Service	MountImage	ssbba(ss)
org.freedesktop.systemd1	/org/freedesktop/systemd1/unit/secureboot_2ddb_2eservice	org.freedesktop.systemd1.Unit	Kill	si
org.freedesktop.systemd1	/org/freedesktop/systemd1/unit/secureboot_2ddb_2eservice	org.freedesktop.systemd1.Unit	Reload	s
org.freedesktop.systemd1	/org/freedesktop/systemd1/unit/secureboot_2ddb_2eservice	org.freedesktop.systemd1.Unit	ReloadOrRestart	s
org.freedesktop.systemd1	/org/freedesktop/systemd1/unit/secureboot_2ddb_2eservice	org.freedesktop.systemd1.Unit	ReloadOrTryRestart	s
org.freedesktop.systemd1	/org/freedesktop/systemd1/unit/secureboot_2ddb_2eservice	org.freedesktop.systemd1.Unit	ResetFailed	
org.freedesktop.systemd1	/org/freedesktop/systemd1/unit/secureboot_2ddb_2eservice	org.freedesktop.systemd1.Unit	Restart	s
org.freedesktop.systemd1	/org/freedesktop/systemd1/unit/secureboot_2ddb_2eservice	org.freedesktop.systemd1.Unit	SetProperties	ba(sv)
org.freedesktop.systemd1	/org/freedesktop/systemd1/unit/secureboot_2ddb_2eservice	org.freedesktop.systemd1.Unit	Start	s
org.freedesktop.systemd1	/org/freedesktop/systemd1/unit/secureboot_2ddb_2eservice	org.freedesktop.systemd1.Unit	Stop	s
org.freedesktop.systemd1	/org/freedesktop/systemd1/unit/secureboot_2ddb_2eservice	org.freedesktop.systemd1.Unit	TryRestart	s
org.freedesktop.systemd1	/org/freedesktop/systemd1/unit/setvtrgb_2eservice	org.freedesktop.systemd1.Service	AttachProcesses	sau
org.freedesktop.systemd1	/org/freedesktop/systemd1/unit/setvtrgb_2eservice	org.freedesktop.systemd1.Service	BindMount	ssbb
org.freedesktop.systemd1	/org/freedesktop/systemd1/unit/setvtrgb_2eservice	org.freedesktop.systemd1.Service	MountImage	ssbba(ss)
org.freedesktop.systemd1	/org/freedesktop/systemd1/unit/setvtrgb_2eservice	org.freedesktop.systemd1.Unit	Kill	si
org.freedesktop.systemd1	/org/freedesktop/systemd1/unit/setvtrgb_2eservice	org.freedesktop.systemd1.Unit	Reload	s
org.freedesktop.systemd1	/org/freedesktop/systemd1/unit/setvtrgb_2eservice	org.freedesktop.systemd1.Unit	ReloadOrRestart	s
org.freedesktop.systemd1	/org/freedesktop/systemd1/unit/setvtrgb_2eservice	org.freedesktop.systemd1.Unit	ReloadOrTryRestart	s
org.freedesktop.systemd1	/org/freedesktop/systemd1/unit/setvtrgb_2eservice	org.freedesktop.systemd1.Unit	ResetFailed	
org.freedesktop.systemd1	/org/freedesktop/systemd1/unit/setvtrgb_2eservice	org.freedesktop.systemd1.Unit	Restart	s
org.freedesktop.systemd1	/org/freedesktop/systemd1/unit/setvtrgb_2eservice	org.freedesktop.systemd1.Unit	SetProperties	ba(sv)
org.freedesktop.systemd1	/org/freedesktop/systemd1/unit/setvtrgb_2eservice	org.freedesktop.systemd1.Unit	Start	s
org.freedesktop.systemd1	/org/freedesktop/systemd1/unit/setvtrgb_2eservice	org.freedesktop.systemd1.Unit	Stop	s
org.freedesktop.systemd1	/org/freedesktop/systemd1/unit/setvtrgb_2eservice	org.freedesktop.systemd1.Unit	TryRestart	s
org.freedesktop.systemd1	/org/freedesktop/systemd1/unit/shutdown_2etarget	org.freedesktop.systemd1.Unit	Kill	si
org.freedesktop.systemd1	/org/freedesktop/systemd1/unit/shutdown_2etarget	org.freedesktop.systemd1.Unit	Reload	s
org.freedesktop.systemd1	/org/freedesktop/systemd1/unit/shutdown_2etarget	org.freedesktop.systemd1.Unit	ReloadOrRestart	s
org.freedesktop.systemd1	/org/freedesktop/systemd1/unit/shutdown_2etarget	org.freedesktop.systemd1.Unit	ReloadOrTryRestart	s
org.freedesktop.systemd1	/org/freedesktop/systemd1/unit/shutdown_2etarget	org.freedesktop.systemd1.Unit	ResetFailed	
org.freedesktop.systemd1	/org/freedesktop/systemd1/unit/shutdown_2etarget	org.freedesktop.systemd1.Unit	Restart	s
org.freedesktop.systemd1	/org/freedesktop/systemd1/unit/shutdown_2etarget	org.freedesktop.systemd1.Unit	SetProperties	ba(sv)
org.freedesktop.systemd1	/org/freedesktop/systemd1/unit/shutdown_2etarget	org.freedesktop.systemd1.Unit	Start	s
org.freedesktop.systemd1	/org/freedesktop/systemd1/unit/shutdown_2etarget	org.freedesktop.systemd1.Unit	Stop	s
org.freedesktop.systemd1	/org/freedesktop/systemd1/unit/shutdown_2etarget	org.freedesktop.systemd1.Unit	TryRestart	s
org.freedesktop.systemd1	/org/freedesktop/systemd1/unit/slices_2etarget	org.freedesktop.systemd1.Unit	Kill	si
org.freedesktop.systemd1	/org/freedesktop/systemd1/unit/slices_2etarget	org.freedesktop.systemd1.Unit	Reload	s
org.freedesktop.systemd1	/org/freedesktop/systemd1/unit/slices_2etarget	org.freedesktop.systemd1.Unit	ReloadOrRestart	s
org.freedesktop.systemd1	/org/freedesktop/systemd1/unit/slices_2etarget	org.freedesktop.systemd1.Unit	ReloadOrTryRestart	s
org.freedesktop.systemd1	/org/freedesktop/systemd1/unit/slices_2etarget	org.freedesktop.systemd1.Unit	ResetFailed	
org.freedesktop.systemd1	/org/freedesktop/systemd1/unit/slices_2etarget	org.freedesktop.systemd1.Unit	Restart	s
org.freedesktop.systemd1	/org/freedesktop/systemd1/unit/slices_2etarget	org.freedesktop.systemd1.Unit	SetProperties	ba(sv)
org.freedesktop.systemd1	/org/freedesktop/systemd1/unit/slices_2etarget	org.freedesktop.systemd1.Unit	Start	s
org.freedesktop.systemd1	/org/freedesktop/systemd1/unit/slices_2etarget	org.freedesktop.systemd1.Unit	Stop	s
org.freedesktop.systemd1	/org/freedesktop/systemd1/unit/slices_2etarget	org.freedesktop.systemd1.Unit	TryRestart	s
org.freedesktop.systemd1	/org/freedesktop/systemd1/unit/snapd_2eapparmor_2eservice	org.freedesktop.systemd1.Service	AttachProcesses	sau
org.freedesktop.systemd1	/org/freedesktop/systemd1/unit/snapd_2eapparmor_2eservice	org.freedesktop.systemd1.Service	BindMount	ssbb
org.freedesktop.systemd1	/org/freedesktop/systemd1/unit/snapd_2eapparmor_2eservice	org.freedesktop.systemd1.Service	MountImage	ssbba(ss)
org.freedesktop.systemd1	/org/freedesktop/systemd1/unit/snapd_2eapparmor_2eservice	org.freedesktop.systemd1.Unit	Kill	si
org.freedesktop.systemd1	/org/freedesktop/systemd1/unit/snapd_2eapparmor_2eservice	org.freedesktop.systemd1.Unit	Reload	s
org.freedesktop.systemd1	/org/freedesktop/systemd1/unit/snapd_2eapparmor_2eservice	org.freedesktop.systemd1.Unit	ReloadOrRestart	s
org.freedesktop.systemd1	/org/freedesktop/systemd1/unit/snapd_2eapparmor_2eservice	org.freedesktop.systemd1.Unit	ReloadOrTryRestart	s
org.freedesktop.systemd1	/org/freedesktop/systemd1/unit/snapd_2eapparmor_2eservice	org.freedesktop.systemd1.Unit	ResetFailed	
org.freedesktop.systemd1	/org/freedesktop/systemd1/unit/snapd_2eapparmor_2eservice	org.freedesktop.systemd1.Unit	Restart	s
org.freedesktop.systemd1	/org/freedesktop/systemd1/unit/snapd_2eapparmor_2eservice	org.freedesktop.systemd1.Unit	SetProperties	ba(sv)
org.freedesktop.systemd1	/org/freedesktop/systemd1/unit/snapd_2eapparmor_2eservice	org.freedesktop.systemd1.Unit	Start	s
org.freedesktop.systemd1	/org/freedesktop/systemd1/unit/snapd_2eapparmor_2eservice	org.freedesktop.systemd1.Unit	Stop	s
org.freedesktop.systemd1	/org/freedesktop/systemd1/unit/snapd_2eapparmor_2eservice	org.freedesktop.systemd1.Unit	TryRestart	s
org.freedesktop.systemd1	/org/freedesktop/systemd1/unit/snapd_2eautoimport_2eservice	org.freedesktop.systemd1.Service	AttachProcesses	sau
org.freedesktop.systemd1	/org/freedesktop/systemd1/unit/snapd_2eautoimport_2eservice	org.freedesktop.systemd1.Service	BindMount	ssbb
org.freedesktop.systemd1	/org/freedesktop/systemd1/unit/snapd_2eautoimport_2eservice	org.freedesktop.systemd1.Service	MountImage	ssbba(ss)
org.freedesktop.systemd1	/org/freedesktop/systemd1/unit/snapd_2eautoimport_2eservice	org.freedesktop.systemd1.Unit	Kill	si
org.freedesktop.systemd1	/org/freedesktop/systemd1/unit/snapd_2eautoimport_2eservice	org.freedesktop.systemd1.Unit	Reload	s
org.freedesktop.systemd1	/org/freedesktop/systemd1/unit/snapd_2eautoimport_2eservice	org.freedesktop.systemd1.Unit	ReloadOrRestart	s
org.freedesktop.systemd1	/org/freedesktop/systemd1/unit/snapd_2eautoimport_2eservice	org.freedesktop.systemd1.Unit	ReloadOrTryRestart	s
org.freedesktop.systemd1	/org/freedesktop/systemd1/unit/snapd_2eautoimport_2eservice	org.freedesktop.systemd1.Unit	ResetFailed	
org.freedesktop.systemd1	/org/freedesktop/systemd1/unit/snapd_2eautoimport_2eservice	org.freedesktop.systemd1.Unit	Restart	s
org.freedesktop.systemd1	/org/freedesktop/systemd1/unit/snapd_2eautoimport_2eservice	org.freedesktop.systemd1.Unit	SetProperties	ba(sv)
org.freedesktop.systemd1	/org/freedesktop/systemd1/unit/snapd_2eautoimport_2eservice	org.freedesktop.systemd1.Unit	Start	s
org.freedesktop.systemd1	/org/freedesktop/systemd1/unit/snapd_2eautoimport_2eservice	org.freedesktop.systemd1.Unit	Stop	s
org.freedesktop.systemd1	/org/freedesktop/systemd1/unit/snapd_2eautoimport_2eservice	org.freedesktop.systemd1.Unit	TryRestart	s
org.freedesktop.systemd1	/org/freedesktop/systemd1/unit/snapd_2ecore_2dfixup_2eservice	org.freedesktop.systemd1.Service	AttachProcesses	sau
org.freedesktop.systemd1	/org/freedesktop/systemd1/unit/snapd_2ecore_2dfixup_2eservice	org.freedesktop.systemd1.Service	BindMount	ssbb
org.freedesktop.systemd1	/org/freedesktop/systemd1/unit/snapd_2ecore_2dfixup_2eservice	org.freedesktop.systemd1.Service	MountImage	ssbba(ss)
org.freedesktop.systemd1	/org/freedesktop/systemd1/unit/snapd_2ecore_2dfixup_2eservice	org.freedesktop.systemd1.Unit	Kill	si
org.freedesktop.systemd1	/org/freedesktop/systemd1/unit/snapd_2ecore_2dfixup_2eservice	org.freedesktop.systemd1.Unit	Reload	s
org.freedesktop.systemd1	/org/freedesktop/systemd1/unit/snapd_2ecore_2dfixup_2eservice	org.freedesktop.systemd1.Unit	ReloadOrRestart	s
org.freedesktop.systemd1	/org/freedesktop/systemd1/unit/snapd_2ecore_2dfixup_2eservice	org.freedesktop.systemd1.Unit	ReloadOrTryRestart	s
org.freedesktop.systemd1	/org/freedesktop/systemd1/unit/snapd_2ecore_2dfixup_2eservice	org.freedesktop.systemd1.Unit	ResetFailed	
org.freedesktop.systemd1	/org/freedesktop/systemd1/unit/snapd_2ecore_2dfixup_2eservice	org.freedesktop.systemd1.Unit	Restart	s
org.freedesktop.systemd1	/org/freedesktop/systemd1/unit/snapd_2ecore_2dfixup_2eservice	org.freedesktop.systemd1.Unit	SetProperties	ba(sv)
org.freedesktop.systemd1	/org/freedesktop/systemd1/unit/snapd_2ecore_2dfixup_2eservice	org.freedesktop.systemd1.Unit	Start	s
org.freedesktop.systemd1	/org/freedesktop/systemd1/unit/snapd_2ecore_2dfixup_2eservice	org.freedesktop.systemd1.Unit	Stop	s
org.freedesktop.systemd1	/org/freedesktop/systemd1/unit/snapd_2ecore_2dfixup_2eservice	org.freedesktop.systemd1.Unit	TryRestart	s
org.freedesktop.systemd1	/org/freedesktop/systemd1/unit/snapd_2efailure_2eservice	org.freedesktop.systemd1.Service	AttachProcesses	sau
org.freedesktop.systemd1	/org/freedesktop/systemd1/unit/snapd_2efailure_2eservice	org.freedesktop.systemd1.Service	BindMount	ssbb
org.freedesktop.systemd1	/org/freedesktop/systemd1/unit/snapd_2efailure_2eservice	org.freedesktop.systemd1.Service	MountImage	ssbba(ss)
org.freedesktop.systemd1	/org/freedesktop/systemd1/unit/snapd_2efailure_2eservice	org.freedesktop.systemd1.Unit	Kill	si
org.freedesktop.systemd1	/org/freedesktop/systemd1/unit/snapd_2efailure_2eservice	org.freedesktop.systemd1.Unit	Reload	s
org.freedesktop.systemd1	/org/freedesktop/systemd1/unit/snapd_2efailure_2eservice	org.freedesktop.systemd1.Unit	ReloadOrRestart	s
org.freedesktop.systemd1	/org/freedesktop/systemd1/unit/snapd_2efailure_2eservice	org.freedesktop.systemd1.Unit	ReloadOrTryRestart	s
org.freedesktop.systemd1	/org/freedesktop/systemd1/unit/snapd_2efailure_2eservice	org.freedesktop.systemd1.Unit	ResetFailed	
org.freedesktop.systemd1	/org/freedesktop/systemd1/unit/snapd_2efailure_2eservice	org.freedesktop.systemd1.Unit	Restart	s
org.freedesktop.systemd1	/org/freedesktop/systemd1/unit/snapd_2efailure_2eservice	org.freedesktop.systemd1.Unit	SetProperties	ba(sv)
org.freedesktop.systemd1	/org/freedesktop/systemd1/unit/snapd_2efailure_2eservice	org.freedesktop.systemd1.Unit	Start	s
org.freedesktop.systemd1	/org/freedesktop/systemd1/unit/snapd_2efailure_2eservice	org.freedesktop.systemd1.Unit	Stop	s
org.freedesktop.systemd1	/org/freedesktop/systemd1/unit/snapd_2efailure_2eservice	org.freedesktop.systemd1.Unit	TryRestart	s
org.freedesktop.systemd1	/org/freedesktop/systemd1/unit/snapd_2emounts_2dpre_2etarget	org.freedesktop.systemd1.Unit	Kill	si
org.freedesktop.systemd1	/org/freedesktop/systemd1/unit/snapd_2emounts_2dpre_2etarget	org.freedesktop.systemd1.Unit	Reload	s
org.freedesktop.systemd1	/org/freedesktop/systemd1/unit/snapd_2emounts_2dpre_2etarget	org.freedesktop.systemd1.Unit	ReloadOrRestart	s
org.freedesktop.systemd1	/org/freedesktop/systemd1/unit/snapd_2emounts_2dpre_2etarget	org.freedesktop.systemd1.Unit	ReloadOrTryRestart	s
org.freedesktop.systemd1	/org/freedesktop/systemd1/unit/snapd_2emounts_2dpre_2etarget	org.freedesktop.systemd1.Unit	ResetFailed	
org.freedesktop.systemd1	/org/freedesktop/systemd1/unit/snapd_2emounts_2dpre_2etarget	org.freedesktop.systemd1.Unit	Restart	s
org.freedesktop.systemd1	/org/freedesktop/systemd1/unit/snapd_2emounts_2dpre_2etarget	org.freedesktop.systemd1.Unit	SetProperties	ba(sv)
org.freedesktop.systemd1	/org/freedesktop/systemd1/unit/snapd_2emounts_2dpre_2etarget	org.freedesktop.systemd1.Unit	Start	s
org.freedesktop.systemd1	/org/freedesktop/systemd1/unit/snapd_2emounts_2dpre_2etarget	org.freedesktop.systemd1.Unit	Stop	s
org.freedesktop.systemd1	/org/freedesktop/systemd1/unit/snapd_2emounts_2dpre_2etarget	org.freedesktop.systemd1.Unit	TryRestart	s
org.freedesktop.systemd1	/org/freedesktop/systemd1/unit/snapd_2emounts_2etarget	org.freedesktop.systemd1.Unit	Kill	si
org.freedesktop.systemd1	/org/freedesktop/systemd1/unit/snapd_2emounts_2etarget	org.freedesktop.systemd1.Unit	Reload	s
org.freedesktop.systemd1	/org/freedesktop/systemd1/unit/snapd_2emounts_2etarget	org.freedesktop.systemd1.Unit	ReloadOrRestart	s
org.freedesktop.systemd1	/org/freedesktop/systemd1/unit/snapd_2emounts_2etarget	org.freedesktop.systemd1.Unit	ReloadOrTryRestart	s
org.freedesktop.systemd1	/org/freedesktop/systemd1/unit/snapd_2emounts_2etarget	org.freedesktop.systemd1.Unit	ResetFailed	
org.freedesktop.systemd1	/org/freedesktop/systemd1/unit/snapd_2emounts_2etarget	org.freedesktop.systemd1.Unit	Restart	s
org.freedesktop.systemd1	/org/freedesktop/systemd1/unit/snapd_2emounts_2etarget	org.freedesktop.systemd1.Unit	SetProperties	ba(sv)
org.freedesktop.systemd1	/org/freedesktop/systemd1/unit/snapd_2emounts_2etarget	org.freedesktop.systemd1.Unit	Start	s
org.freedesktop.systemd1	/org/freedesktop/systemd1/unit/snapd_2emounts_2etarget	org.freedesktop.systemd1.Unit	Stop	s
org.freedesktop.systemd1	/org/freedesktop/systemd1/unit/snapd_2emounts_2etarget	org.freedesktop.systemd1.Unit	TryRestart	s
org.freedesktop.systemd1	/org/freedesktop/systemd1/unit/snapd_2erecovery_2dchooser_2dtrigger_2eservice	org.freedesktop.systemd1.Service	AttachProcesses	sau
org.freedesktop.systemd1	/org/freedesktop/systemd1/unit/snapd_2erecovery_2dchooser_2dtrigger_2eservice	org.freedesktop.systemd1.Service	BindMount	ssbb
org.freedesktop.systemd1	/org/freedesktop/systemd1/unit/snapd_2erecovery_2dchooser_2dtrigger_2eservice	org.freedesktop.systemd1.Service	MountImage	ssbba(ss)
org.freedesktop.systemd1	/org/freedesktop/systemd1/unit/snapd_2erecovery_2dchooser_2dtrigger_2eservice	org.freedesktop.systemd1.Unit	Kill	si
org.freedesktop.systemd1	/org/freedesktop/systemd1/unit/snapd_2erecovery_2dchooser_2dtrigger_2eservice	org.freedesktop.systemd1.Unit	Reload	s
org.freedesktop.systemd1	/org/freedesktop/systemd1/unit/snapd_2erecovery_2dchooser_2dtrigger_2eservice	org.freedesktop.systemd1.Unit	ReloadOrRestart	s
org.freedesktop.systemd1	/org/freedesktop/systemd1/unit/snapd_2erecovery_2dchooser_2dtrigger_2eservice	org.freedesktop.systemd1.Unit	ReloadOrTryRestart	s
org.freedesktop.systemd1	/org/freedesktop/systemd1/unit/snapd_2erecovery_2dchooser_2dtrigger_2eservice	org.freedesktop.systemd1.Unit	ResetFailed	
org.freedesktop.systemd1	/org/freedesktop/systemd1/unit/snapd_2erecovery_2dchooser_2dtrigger_2eservice	org.freedesktop.systemd1.Unit	Restart	s
org.freedesktop.systemd1	/org/freedesktop/systemd1/unit/snapd_2erecovery_2dchooser_2dtrigger_2eservice	org.freedesktop.systemd1.Unit	SetProperties	ba(sv)
org.freedesktop.systemd1	/org/freedesktop/systemd1/unit/snapd_2erecovery_2dchooser_2dtrigger_2eservice	org.freedesktop.systemd1.Unit	Start	s
org.freedesktop.systemd1	/org/freedesktop/systemd1/unit/snapd_2erecovery_2dchooser_2dtrigger_2eservice	org.freedesktop.systemd1.Unit	Stop	s
org.freedesktop.systemd1	/org/freedesktop/systemd1/unit/snapd_2erecovery_2dchooser_2dtrigger_2eservice	org.freedesktop.systemd1.Unit	TryRestart	s
org.freedesktop.systemd1	/org/freedesktop/systemd1/unit/snapd_2eseeded_2eservice	org.freedesktop.systemd1.Service	AttachProcesses	sau
org.freedesktop.systemd1	/org/freedesktop/systemd1/unit/snapd_2eseeded_2eservice	org.freedesktop.systemd1.Service	BindMount	ssbb
org.freedesktop.systemd1	/org/freedesktop/systemd1/unit/snapd_2eseeded_2eservice	org.freedesktop.systemd1.Service	MountImage	ssbba(ss)
org.freedesktop.systemd1	/org/freedesktop/systemd1/unit/snapd_2eseeded_2eservice	org.freedesktop.systemd1.Unit	Kill	si
org.freedesktop.systemd1	/org/freedesktop/systemd1/unit/snapd_2eseeded_2eservice	org.freedesktop.systemd1.Unit	Reload	s
org.freedesktop.systemd1	/org/freedesktop/systemd1/unit/snapd_2eseeded_2eservice	org.freedesktop.systemd1.Unit	ReloadOrRestart	s
org.freedesktop.systemd1	/org/freedesktop/systemd1/unit/snapd_2eseeded_2eservice	org.freedesktop.systemd1.Unit	ReloadOrTryRestart	s
org.freedesktop.systemd1	/org/freedesktop/systemd1/unit/snapd_2eseeded_2eservice	org.freedesktop.systemd1.Unit	ResetFailed	
org.freedesktop.systemd1	/org/freedesktop/systemd1/unit/snapd_2eseeded_2eservice	org.freedesktop.systemd1.Unit	Restart	s
org.freedesktop.systemd1	/org/freedesktop/systemd1/unit/snapd_2eseeded_2eservice	org.freedesktop.systemd1.Unit	SetProperties	ba(sv)
org.freedesktop.systemd1	/org/freedesktop/systemd1/unit/snapd_2eseeded_2eservice	org.freedesktop.systemd1.Unit	Start	s
org.freedesktop.systemd1	/org/freedesktop/systemd1/unit/snapd_2eseeded_2eservice	org.freedesktop.systemd1.Unit	Stop	s
org.freedesktop.systemd1	/org/freedesktop/systemd1/unit/snapd_2eseeded_2eservice	org.freedesktop.systemd1.Unit	TryRestart	s
org.freedesktop.systemd1	/org/freedesktop/systemd1/unit/snapd_2eservice	org.freedesktop.systemd1.Service	AttachProcesses	sau
org.freedesktop.systemd1	/org/freedesktop/systemd1/unit/snapd_2eservice	org.freedesktop.systemd1.Service	BindMount	ssbb
org.freedesktop.systemd1	/org/freedesktop/systemd1/unit/snapd_2eservice	org.freedesktop.systemd1.Service	MountImage	ssbba(ss)
org.freedesktop.systemd1	/org/freedesktop/systemd1/unit/snapd_2eservice	org.freedesktop.systemd1.Unit	Kill	si
org.freedesktop.systemd1	/org/freedesktop/systemd1/unit/snapd_2eservice	org.freedesktop.systemd1.Unit	Reload	s
org.freedesktop.systemd1	/org/freedesktop/systemd1/unit/snapd_2eservice	org.freedesktop.systemd1.Unit	ReloadOrRestart	s
org.freedesktop.systemd1	/org/freedesktop/systemd1/unit/snapd_2eservice	org.freedesktop.systemd1.Unit	ReloadOrTryRestart	s
org.freedesktop.systemd1	/org/freedesktop/systemd1/unit/snapd_2eservice	org.freedesktop.systemd1.Unit	ResetFailed	
org.freedesktop.systemd1	/org/freedesktop/systemd1/unit/snapd_2eservice	org.freedesktop.systemd1.Unit	Restart	s
org.freedesktop.systemd1	/org/freedesktop/systemd1/unit/snapd_2eservice	org.freedesktop.systemd1.Unit	SetProperties	ba(sv)
org.freedesktop.systemd1	/org/freedesktop/systemd1/unit/snapd_2eservice	org.freedesktop.systemd1.Unit	Start	s
org.freedesktop.systemd1	/org/freedesktop/systemd1/unit/snapd_2eservice	org.freedesktop.systemd1.Unit	Stop	s
org.freedesktop.systemd1	/org/freedesktop/systemd1/unit/snapd_2eservice	org.freedesktop.systemd1.Unit	TryRestart	s
org.freedesktop.systemd1	/org/freedesktop/systemd1/unit/snapd_2esnap_2drepair_2eservice	org.freedesktop.systemd1.Service	AttachProcesses	sau
org.freedesktop.systemd1	/org/freedesktop/systemd1/unit/snapd_2esnap_2drepair_2eservice	org.freedesktop.systemd1.Service	BindMount	ssbb
org.freedesktop.systemd1	/org/freedesktop/systemd1/unit/snapd_2esnap_2drepair_2eservice	org.freedesktop.systemd1.Service	MountImage	ssbba(ss)
org.freedesktop.systemd1	/org/freedesktop/systemd1/unit/snapd_2esnap_2drepair_2eservice	org.freedesktop.systemd1.Unit	Kill	si
org.freedesktop.systemd1	/org/freedesktop/systemd1/unit/snapd_2esnap_2drepair_2eservice	org.freedesktop.systemd1.Unit	Reload	s
org.freedesktop.systemd1	/org/freedesktop/systemd1/unit/snapd_2esnap_2drepair_2eservice	org.freedesktop.systemd1.Unit	ReloadOrRestart	s
org.freedesktop.systemd1	/org/freedesktop/systemd1/unit/snapd_2esnap_2drepair_2eservice	org.freedesktop.systemd1.Unit	ReloadOrTryRestart	s
org.freedesktop.systemd1	/org/freedesktop/systemd1/unit/snapd_2esnap_2drepair_2eservice	org.freedesktop.systemd1.Unit	ResetFailed	
org.freedesktop.systemd1	/org/freedesktop/systemd1/unit/snapd_2esnap_2drepair_2eservice	org.freedesktop.systemd1.Unit	Restart	s
org.freedesktop.systemd1	/org/freedesktop/systemd1/unit/snapd_2esnap_2drepair_2eservice	org.freedesktop.systemd1.Unit	SetProperties	ba(sv)
org.freedesktop.systemd1	/org/freedesktop/systemd1/unit/snapd_2esnap_2drepair_2eservice	org.freedesktop.systemd1.Unit	Start	s
org.freedesktop.systemd1	/org/freedesktop/systemd1/unit/snapd_2esnap_2drepair_2eservice	org.freedesktop.systemd1.Unit	Stop	s
org.freedesktop.systemd1	/org/freedesktop/systemd1/unit/snapd_2esnap_2drepair_2eservice	org.freedesktop.systemd1.Unit	TryRestart	s
org.freedesktop.systemd1	/org/freedesktop/systemd1/unit/snapd_2esnap_2drepair_2etimer	org.freedesktop.systemd1.Unit	Kill	si
org.freedesktop.systemd1	/org/freedesktop/systemd1/unit/snapd_2esnap_2drepair_2etimer	org.freedesktop.systemd1.Unit	Reload	s
org.freedesktop.systemd1	/org/freedesktop/systemd1/unit/snapd_2esnap_2drepair_2etimer	org.freedesktop.systemd1.Unit	ReloadOrRestart	s
org.freedesktop.systemd1	/org/freedesktop/systemd1/unit/snapd_2esnap_2drepair_2etimer	org.freedesktop.systemd1.Unit	ReloadOrTryRestart	s
org.freedesktop.systemd1	/org/freedesktop/systemd1/unit/snapd_2esnap_2drepair_2etimer	org.freedesktop.systemd1.Unit	ResetFailed	
org.freedesktop.systemd1	/org/freedesktop/systemd1/unit/snapd_2esnap_2drepair_2etimer	org.freedesktop.systemd1.Unit	Restart	s
org.freedesktop.systemd1	/org/freedesktop/systemd1/unit/snapd_2esnap_2drepair_2etimer	org.freedesktop.systemd1.Unit	SetProperties	ba(sv)
org.freedesktop.systemd1	/org/freedesktop/systemd1/unit/snapd_2esnap_2drepair_2etimer	org.freedesktop.systemd1.Unit	Start	s
org.freedesktop.systemd1	/org/freedesktop/systemd1/unit/snapd_2esnap_2drepair_2etimer	org.freedesktop.systemd1.Unit	Stop	s
org.freedesktop.systemd1	/org/freedesktop/systemd1/unit/snapd_2esnap_2drepair_2etimer	org.freedesktop.systemd1.Unit	TryRestart	s
org.freedesktop.systemd1	/org/freedesktop/systemd1/unit/snapd_2esocket	org.freedesktop.systemd1.Socket	AttachProcesses	sau
org.freedesktop.systemd1	/org/freedesktop/systemd1/unit/snapd_2esocket	org.freedesktop.systemd1.Unit	Kill	si
org.freedesktop.systemd1	/org/freedesktop/systemd1/unit/snapd_2esocket	org.freedesktop.systemd1.Unit	Reload	s
org.freedesktop.systemd1	/org/freedesktop/systemd1/unit/snapd_2esocket	org.freedesktop.systemd1.Unit	ReloadOrRestart	s
org.freedesktop.systemd1	/org/freedesktop/systemd1/unit/snapd_2esocket	org.freedesktop.systemd1.Unit	ReloadOrTryRestart	s
org.freedesktop.systemd1	/org/freedesktop/systemd1/unit/snapd_2esocket	org.freedesktop.systemd1.Unit	ResetFailed	
org.freedesktop.systemd1	/org/freedesktop/systemd1/unit/snapd_2esocket	org.freedesktop.systemd1.Unit	Restart	s
org.freedesktop.systemd1	/org/freedesktop/systemd1/unit/snapd_2esocket	org.freedesktop.systemd1.Unit	SetProperties	ba(sv)
org.freedesktop.systemd1	/org/freedesktop/systemd1/unit/snapd_2esocket	org.freedesktop.systemd1.Unit	Start	s
org.freedesktop.systemd1	/org/freedesktop/systemd1/unit/snapd_2esocket	org.freedesktop.systemd1.Unit	Stop	s
org.freedesktop.systemd1	/org/freedesktop/systemd1/unit/snapd_2esocket	org.freedesktop.systemd1.Unit	TryRestart	s
org.freedesktop.systemd1	/org/freedesktop/systemd1/unit/snapd_2esystem_2dshutdown_2eservice	org.freedesktop.systemd1.Service	AttachProcesses	sau
org.freedesktop.systemd1	/org/freedesktop/systemd1/unit/snapd_2esystem_2dshutdown_2eservice	org.freedesktop.systemd1.Service	BindMount	ssbb
org.freedesktop.systemd1	/org/freedesktop/systemd1/unit/snapd_2esystem_2dshutdown_2eservice	org.freedesktop.systemd1.Service	MountImage	ssbba(ss)
org.freedesktop.systemd1	/org/freedesktop/systemd1/unit/snapd_2esystem_2dshutdown_2eservice	org.freedesktop.systemd1.Unit	Kill	si
org.freedesktop.systemd1	/org/freedesktop/systemd1/unit/snapd_2esystem_2dshutdown_2eservice	org.freedesktop.systemd1.Unit	Reload	s
org.freedesktop.systemd1	/org/freedesktop/systemd1/unit/snapd_2esystem_2dshutdown_2eservice	org.freedesktop.systemd1.Unit	ReloadOrRestart	s
org.freedesktop.systemd1	/org/freedesktop/systemd1/unit/snapd_2esystem_2dshutdown_2eservice	org.freedesktop.systemd1.Unit	ReloadOrTryRestart	s
org.freedesktop.systemd1	/org/freedesktop/systemd1/unit/snapd_2esystem_2dshutdown_2eservice	org.freedesktop.systemd1.Unit	ResetFailed	
org.freedesktop.systemd1	/org/freedesktop/systemd1/unit/snapd_2esystem_2dshutdown_2eservice	org.freedesktop.systemd1.Unit	Restart	s
org.freedesktop.systemd1	/org/freedesktop/systemd1/unit/snapd_2esystem_2dshutdown_2eservice	org.freedesktop.systemd1.Unit	SetProperties	ba(sv)
org.freedesktop.systemd1	/org/freedesktop/systemd1/unit/snapd_2esystem_2dshutdown_2eservice	org.freedesktop.systemd1.Unit	Start	s
org.freedesktop.systemd1	/org/freedesktop/systemd1/unit/snapd_2esystem_2dshutdown_2eservice	org.freedesktop.systemd1.Unit	Stop	s
org.freedesktop.systemd1	/org/freedesktop/systemd1/unit/snapd_2esystem_2dshutdown_2eservice	org.freedesktop.systemd1.Unit	TryRestart	s
org.freedesktop.systemd1	/org/freedesktop/systemd1/unit/sockets_2etarget	org.freedesktop.systemd1.Unit	Kill	si
org.freedesktop.systemd1	/org/freedesktop/systemd1/unit/sockets_2etarget	org.freedesktop.systemd1.Unit	Reload	s
org.freedesktop.systemd1	/org/freedesktop/systemd1/unit/sockets_2etarget	org.freedesktop.systemd1.Unit	ReloadOrRestart	s
org.freedesktop.systemd1	/org/freedesktop/systemd1/unit/sockets_2etarget	org.freedesktop.systemd1.Unit	ReloadOrTryRestart	s
org.freedesktop.systemd1	/org/freedesktop/systemd1/unit/sockets_2etarget	org.freedesktop.systemd1.Unit	ResetFailed	
org.freedesktop.systemd1	/org/freedesktop/systemd1/unit/sockets_2etarget	org.freedesktop.systemd1.Unit	Restart	s
org.freedesktop.systemd1	/org/freedesktop/systemd1/unit/sockets_2etarget	org.freedesktop.systemd1.Unit	SetProperties	ba(sv)
org.freedesktop.systemd1	/org/freedesktop/systemd1/unit/sockets_2etarget	org.freedesktop.systemd1.Unit	Start	s
org.freedesktop.systemd1	/org/freedesktop/systemd1/unit/sockets_2etarget	org.freedesktop.systemd1.Unit	Stop	s
org.freedesktop.systemd1	/org/freedesktop/systemd1/unit/sockets_2etarget	org.freedesktop.systemd1.Unit	TryRestart	s
org.freedesktop.systemd1	/org/freedesktop/systemd1/unit/soft_2dreboot_2etarget	org.freedesktop.systemd1.Unit	Kill	si
org.freedesktop.systemd1	/org/freedesktop/systemd1/unit/soft_2dreboot_2etarget	org.freedesktop.systemd1.Unit	Reload	s
org.freedesktop.systemd1	/org/freedesktop/systemd1/unit/soft_2dreboot_2etarget	org.freedesktop.systemd1.Unit	ReloadOrRestart	s
org.freedesktop.systemd1	/org/freedesktop/systemd1/unit/soft_2dreboot_2etarget	org.freedesktop.systemd1.Unit	ReloadOrTryRestart	s
org.freedesktop.systemd1	/org/freedesktop/systemd1/unit/soft_2dreboot_2etarget	org.freedesktop.systemd1.Unit	ResetFailed	
org.freedesktop.systemd1	/org/freedesktop/systemd1/unit/soft_2dreboot_2etarget	org.freedesktop.systemd1.Unit	Restart	s
org.freedesktop.systemd1	/org/freedesktop/systemd1/unit/soft_2dreboot_2etarget	org.freedesktop.systemd1.Unit	SetProperties	ba(sv)
org.freedesktop.systemd1	/org/freedesktop/systemd1/unit/soft_2dreboot_2etarget	org.freedesktop.systemd1.Unit	Start	s
org.freedesktop.systemd1	/org/freedesktop/systemd1/unit/soft_2dreboot_2etarget	org.freedesktop.systemd1.Unit	Stop	s
org.freedesktop.systemd1	/org/freedesktop/systemd1/unit/soft_2dreboot_2etarget	org.freedesktop.systemd1.Unit	TryRestart	s
org.freedesktop.systemd1	/org/freedesktop/systemd1/unit/ssh_2eservice	org.freedesktop.systemd1.Service	AttachProcesses	sau
org.freedesktop.systemd1	/org/freedesktop/systemd1/unit/ssh_2eservice	org.freedesktop.systemd1.Service	BindMount	ssbb
org.freedesktop.systemd1	/org/freedesktop/systemd1/unit/ssh_2eservice	org.freedesktop.systemd1.Service	MountImage	ssbba(ss)
org.freedesktop.systemd1	/org/freedesktop/systemd1/unit/ssh_2eservice	org.freedesktop.systemd1.Unit	Kill	si
org.freedesktop.systemd1	/org/freedesktop/systemd1/unit/ssh_2eservice	org.freedesktop.systemd1.Unit	Reload	s
org.freedesktop.systemd1	/org/freedesktop/systemd1/unit/ssh_2eservice	org.freedesktop.systemd1.Unit	ReloadOrRestart	s
org.freedesktop.systemd1	/org/freedesktop/systemd1/unit/ssh_2eservice	org.freedesktop.systemd1.Unit	ReloadOrTryRestart	s
org.freedesktop.systemd1	/org/freedesktop/systemd1/unit/ssh_2eservice	org.freedesktop.systemd1.Unit	ResetFailed	
org.freedesktop.systemd1	/org/freedesktop/systemd1/unit/ssh_2eservice	org.freedesktop.systemd1.Unit	Restart	s
org.freedesktop.systemd1	/org/freedesktop/systemd1/unit/ssh_2eservice	org.freedesktop.systemd1.Unit	SetProperties	ba(sv)
org.freedesktop.systemd1	/org/freedesktop/systemd1/unit/ssh_2eservice	org.freedesktop.systemd1.Unit	Start	s
org.freedesktop.systemd1	/org/freedesktop/systemd1/unit/ssh_2eservice	org.freedesktop.systemd1.Unit	Stop	s
org.freedesktop.systemd1	/org/freedesktop/systemd1/unit/ssh_2eservice	org.freedesktop.systemd1.Unit	TryRestart	s
org.freedesktop.systemd1	/org/freedesktop/systemd1/unit/swap_2etarget	org.freedesktop.systemd1.Unit	Kill	si
org.freedesktop.systemd1	/org/freedesktop/systemd1/unit/swap_2etarget	org.freedesktop.systemd1.Unit	Reload	s
org.freedesktop.systemd1	/org/freedesktop/systemd1/unit/swap_2etarget	org.freedesktop.systemd1.Unit	ReloadOrRestart	s
org.freedesktop.systemd1	/org/freedesktop/systemd1/unit/swap_2etarget	org.freedesktop.systemd1.Unit	ReloadOrTryRestart	s
org.freedesktop.systemd1	/org/freedesktop/systemd1/unit/swap_2etarget	org.freedesktop.systemd1.Unit	ResetFailed	
org.freedesktop.systemd1	/org/freedesktop/systemd1/unit/swap_2etarget	org.freedesktop.systemd1.Unit	Restart	s
org.freedesktop.systemd1	/org/freedesktop/systemd1/unit/swap_2etarget	org.freedesktop.systemd1.Unit	SetProperties	ba(sv)
org.freedesktop.systemd1	/org/freedesktop/systemd1/unit/swap_2etarget	org.freedesktop.systemd1.Unit	Start	s
org.freedesktop.systemd1	/org/freedesktop/systemd1/unit/swap_2etarget	org.freedesktop.systemd1.Unit	Stop	s
org.freedesktop.systemd1	/org/freedesktop/systemd1/unit/swap_2etarget	org.freedesktop.systemd1.Unit	TryRestart	s
org.freedesktop.systemd1	/org/freedesktop/systemd1/unit/sys_2dfs_2dfuse_2dconnections_2emount	org.freedesktop.systemd1.Mount	AttachProcesses	sau
org.freedesktop.systemd1	/org/freedesktop/systemd1/unit/sys_2dfs_2dfuse_2dconnections_2emount	org.freedesktop.systemd1.Unit	Kill	si
org.freedesktop.systemd1	/org/freedesktop/systemd1/unit/sys_2dfs_2dfuse_2dconnections_2emount	org.freedesktop.systemd1.Unit	Reload	s
org.freedesktop.systemd1	/org/freedesktop/systemd1/unit/sys_2dfs_2dfuse_2dconnections_2emount	org.freedesktop.systemd1.Unit	ReloadOrRestart	s
org.freedesktop.systemd1	/org/freedesktop/systemd1/unit/sys_2dfs_2dfuse_2dconnections_2emount	org.freedesktop.systemd1.Unit	ReloadOrTryRestart	s
org.freedesktop.systemd1	/org/freedesktop/systemd1/unit/sys_2dfs_2dfuse_2dconnections_2emount	org.freedesktop.systemd1.Unit	ResetFailed	
org.freedesktop.systemd1	/org/freedesktop/systemd1/unit/sys_2dfs_2dfuse_2dconnections_2emount	org.freedesktop.systemd1.Unit	Restart	s
org.freedesktop.systemd1	/org/freedesktop/systemd1/unit/sys_2dfs_2dfuse_2dconnections_2emount	org.freedesktop.systemd1.Unit	SetProperties	ba(sv)
org.freedesktop.systemd1	/org/freedesktop/systemd1/unit/sys_2dfs_2dfuse_2dconnections_2emount	org.freedesktop.systemd1.Unit	Start	s
org.freedesktop.systemd1	/org/freedesktop/systemd1/unit/sys_2dfs_2dfuse_2dconnections_2emount	org.freedesktop.systemd1.Unit	Stop	s
org.freedesktop.systemd1	/org/freedesktop/systemd1/unit/sys_2dfs_2dfuse_2dconnections_2emount	org.freedesktop.systemd1.Unit	TryRestart	s
org.freedesktop.systemd1	/org/freedesktop/systemd1/unit/sys_2dkernel_2dconfig_2emount	org.freedesktop.systemd1.Mount	AttachProcesses	sau
org.freedesktop.systemd1	/org/freedesktop/systemd1/unit/sys_2dkernel_2dconfig_2emount	org.freedesktop.systemd1.Unit	Kill	si
org.freedesktop.systemd1	/org/freedesktop/systemd1/unit/sys_2dkernel_2dconfig_2emount	org.freedesktop.systemd1.Unit	Reload	s
org.freedesktop.systemd1	/org/freedesktop/systemd1/unit/sys_2dkernel_2dconfig_2emount	org.freedesktop.systemd1.Unit	ReloadOrRestart	s
org.freedesktop.systemd1	/org/freedesktop/systemd1/unit/sys_2dkernel_2dconfig_2emount	org.freedesktop.systemd1.Unit	ReloadOrTryRestart	s
org.freedesktop.systemd1	/org/freedesktop/systemd1/unit/sys_2dkernel_2dconfig_2emount	org.freedesktop.systemd1.Unit	ResetFailed	
org.freedesktop.systemd1	/org/freedesktop/systemd1/unit/sys_2dkernel_2dconfig_2emount	org.freedesktop.systemd1.Unit	Restart	s
org.freedesktop.systemd1	/org/freedesktop/systemd1/unit/sys_2dkernel_2dconfig_2emount	org.freedesktop.systemd1.Unit	SetProperties	ba(sv)
org.freedesktop.systemd1	/org/freedesktop/systemd1/unit/sys_2dkernel_2dconfig_2emount	org.freedesktop.systemd1.Unit	Start	s
org.freedesktop.systemd1	/org/freedesktop/systemd1/unit/sys_2dkernel_2dconfig_2emount	org.freedesktop.systemd1.Unit	Stop	s
org.freedesktop.systemd1	/org/freedesktop/systemd1/unit/sys_2dkernel_2dconfig_2emount	org.freedesktop.systemd1.Unit	TryRestart	s
org.freedesktop.systemd1	/org/freedesktop/systemd1/unit/sys_2dkernel_2ddebug_2dtracing_2emount	org.freedesktop.systemd1.Mount	AttachProcesses	sau
org.freedesktop.systemd1	/org/freedesktop/systemd1/unit/sys_2dkernel_2ddebug_2dtracing_2emount	org.freedesktop.systemd1.Unit	Kill	si
org.freedesktop.systemd1	/org/freedesktop/systemd1/unit/sys_2dkernel_2ddebug_2dtracing_2emount	org.freedesktop.systemd1.Unit	Reload	s
org.freedesktop.systemd1	/org/freedesktop/systemd1/unit/sys_2dkernel_2ddebug_2dtracing_2emount	org.freedesktop.systemd1.Unit	ReloadOrRestart	s
org.freedesktop.systemd1	/org/freedesktop/systemd1/unit/sys_2dkernel_2ddebug_2dtracing_2emount	org.freedesktop.systemd1.Unit	ReloadOrTryRestart	s
org.freedesktop.systemd1	/org/freedesktop/systemd1/unit/sys_2dkernel_2ddebug_2dtracing_2emount	org.freedesktop.systemd1.Unit	ResetFailed	
org.freedesktop.systemd1	/org/freedesktop/systemd1/unit/sys_2dkernel_2ddebug_2dtracing_2emount	org.freedesktop.systemd1.Unit	Restart	s
org.freedesktop.systemd1	/org/freedesktop/systemd1/unit/sys_2dkernel_2ddebug_2dtracing_2emount	org.freedesktop.systemd1.Unit	SetProperties	ba(sv)
org.freedesktop.systemd1	/org/freedesktop/systemd1/unit/sys_2dkernel_2ddebug_2dtracing_2emount	org.freedesktop.systemd1.Unit	Start	s
org.freedesktop.systemd1	/org/freedesktop/systemd1/unit/sys_2dkernel_2ddebug_2dtracing_2emount	org.freedesktop.systemd1.Unit	Stop	s
org.freedesktop.systemd1	/org/freedesktop/systemd1/unit/sys_2dkernel_2ddebug_2dtracing_2emount	org.freedesktop.systemd1.Unit	TryRestart	s
org.freedesktop.systemd1	/org/freedesktop/systemd1/unit/sys_2dkernel_2ddebug_2emount	org.freedesktop.systemd1.Mount	AttachProcesses	sau
org.freedesktop.systemd1	/org/freedesktop/systemd1/unit/sys_2dkernel_2ddebug_2emount	org.freedesktop.systemd1.Unit	Kill	si
org.freedesktop.systemd1	/org/freedesktop/systemd1/unit/sys_2dkernel_2ddebug_2emount	org.freedesktop.systemd1.Unit	Reload	s
org.freedesktop.systemd1	/org/freedesktop/systemd1/unit/sys_2dkernel_2ddebug_2emount	org.freedesktop.systemd1.Unit	ReloadOrRestart	s
org.freedesktop.systemd1	/org/freedesktop/systemd1/unit/sys_2dkernel_2ddebug_2emount	org.freedesktop.systemd1.Unit	ReloadOrTryRestart	s
org.freedesktop.systemd1	/org/freedesktop/systemd1/unit/sys_2dkernel_2ddebug_2emount	org.freedesktop.systemd1.Unit	ResetFailed	
org.freedesktop.systemd1	/org/freedesktop/systemd1/unit/sys_2dkernel_2ddebug_2emount	org.freedesktop.systemd1.Unit	Restart	s
org.freedesktop.systemd1	/org/freedesktop/systemd1/unit/sys_2dkernel_2ddebug_2emount	org.freedesktop.systemd1.Unit	SetProperties	ba(sv)
org.freedesktop.systemd1	/org/freedesktop/systemd1/unit/sys_2dkernel_2ddebug_2emount	org.freedesktop.systemd1.Unit	Start	s
org.freedesktop.systemd1	/org/freedesktop/systemd1/unit/sys_2dkernel_2ddebug_2emount	org.freedesktop.systemd1.Unit	Stop	s
org.freedesktop.systemd1	/org/freedesktop/systemd1/unit/sys_2dkernel_2ddebug_2emount	org.freedesktop.systemd1.Unit	TryRestart	s
org.freedesktop.systemd1	/org/freedesktop/systemd1/unit/sys_2dkernel_2dtracing_2emount	org.freedesktop.systemd1.Mount	AttachProcesses	sau
org.freedesktop.systemd1	/org/freedesktop/systemd1/unit/sys_2dkernel_2dtracing_2emount	org.freedesktop.systemd1.Unit	Kill	si
org.freedesktop.systemd1	/org/freedesktop/systemd1/unit/sys_2dkernel_2dtracing_2emount	org.freedesktop.systemd1.Unit	Reload	s
org.freedesktop.systemd1	/org/freedesktop/systemd1/unit/sys_2dkernel_2dtracing_2emount	org.freedesktop.systemd1.Unit	ReloadOrRestart	s
org.freedesktop.systemd1	/org/freedesktop/systemd1/unit/sys_2dkernel_2dtracing_2emount	org.freedesktop.systemd1.Unit	ReloadOrTryRestart	s
org.freedesktop.systemd1	/org/freedesktop/systemd1/unit/sys_2dkernel_2dtracing_2emount	org.freedesktop.systemd1.Unit	ResetFailed	
org.freedesktop.systemd1	/org/freedesktop/systemd1/unit/sys_2dkernel_2dtracing_2emount	org.freedesktop.systemd1.Unit	Restart	s
org.freedesktop.systemd1	/org/freedesktop/systemd1/unit/sys_2dkernel_2dtracing_2emount	org.freedesktop.systemd1.Unit	SetProperties	ba(sv)
org.freedesktop.systemd1	/org/freedesktop/systemd1/unit/sys_2dkernel_2dtracing_2emount	org.freedesktop.systemd1.Unit	Start	s
org.freedesktop.systemd1	/org/freedesktop/systemd1/unit/sys_2dkernel_2dtracing_2emount	org.freedesktop.systemd1.Unit	Stop	s
org.freedesktop.systemd1	/org/freedesktop/systemd1/unit/sys_2dkernel_2dtracing_2emount	org.freedesktop.systemd1.Unit	TryRestart	s
org.freedesktop.systemd1	/org/freedesktop/systemd1/unit/sysinit_2etarget	org.freedesktop.systemd1.Unit	Kill	si
org.freedesktop.systemd1	/org/freedesktop/systemd1/unit/sysinit_2etarget	org.freedesktop.systemd1.Unit	Reload	s
org.freedesktop.systemd1	/org/freedesktop/systemd1/unit/sysinit_2etarget	org.freedesktop.systemd1.Unit	ReloadOrRestart	s
org.freedesktop.systemd1	/org/freedesktop/systemd1/unit/sysinit_2etarget	org.freedesktop.systemd1.Unit	ReloadOrTryRestart	s
org.freedesktop.systemd1	/org/freedesktop/systemd1/unit/sysinit_2etarget	org.freedesktop.systemd1.Unit	ResetFailed	
org.freedesktop.systemd1	/org/freedesktop/systemd1/unit/sysinit_2etarget	org.freedesktop.systemd1.Unit	Restart	s
org.freedesktop.systemd1	/org/freedesktop/systemd1/unit/sysinit_2etarget	org.freedesktop.systemd1.Unit	SetProperties	ba(sv)
org.freedesktop.systemd1	/org/freedesktop/systemd1/unit/sysinit_2etarget	org.freedesktop.systemd1.Unit	Start	s
org.freedesktop.systemd1	/org/freedesktop/systemd1/unit/sysinit_2etarget	org.freedesktop.systemd1.Unit	Stop	s
org.freedesktop.systemd1	/org/freedesktop/systemd1/unit/sysinit_2etarget	org.freedesktop.systemd1.Unit	TryRestart	s
org.freedesktop.systemd1	/org/freedesktop/systemd1/unit/syslog_2esocket	org.freedesktop.systemd1.Socket	AttachProcesses	sau
org.freedesktop.systemd1	/org/freedesktop/systemd1/unit/syslog_2esocket	org.freedesktop.systemd1.Unit	Kill	si
org.freedesktop.systemd1	/org/freedesktop/systemd1/unit/syslog_2esocket	org.freedesktop.systemd1.Unit	Reload	s
org.freedesktop.systemd1	/org/freedesktop/systemd1/unit/syslog_2esocket	org.freedesktop.systemd1.Unit	ReloadOrRestart	s
org.freedesktop.systemd1	/org/freedesktop/systemd1/unit/syslog_2esocket	org.freedesktop.systemd1.Unit	ReloadOrTryRestart	s
org.freedesktop.systemd1	/org/freedesktop/systemd1/unit/syslog_2esocket	org.freedesktop.systemd1.Unit	ResetFailed	
org.freedesktop.systemd1	/org/freedesktop/systemd1/unit/syslog_2esocket	org.freedesktop.systemd1.Unit	Restart	s
org.freedesktop.systemd1	/org/freedesktop/systemd1/unit/syslog_2esocket	org.freedesktop.systemd1.Unit	SetProperties	ba(sv)
org.freedesktop.systemd1	/org/freedesktop/systemd1/unit/syslog_2esocket	org.freedesktop.systemd1.Unit	Start	s
org.freedesktop.systemd1	/org/freedesktop/systemd1/unit/syslog_2esocket	org.freedesktop.systemd1.Unit	Stop	s
org.freedesktop.systemd1	/org/freedesktop/systemd1/unit/syslog_2esocket	org.freedesktop.systemd1.Unit	TryRestart	s
org.freedesktop.systemd1	/org/freedesktop/systemd1/unit/sysstat_2dcollect_2eservice	org.freedesktop.systemd1.Service	AttachProcesses	sau
org.freedesktop.systemd1	/org/freedesktop/systemd1/unit/sysstat_2dcollect_2eservice	org.freedesktop.systemd1.Service	BindMount	ssbb
org.freedesktop.systemd1	/org/freedesktop/systemd1/unit/sysstat_2dcollect_2eservice	org.freedesktop.systemd1.Service	MountImage	ssbba(ss)
org.freedesktop.systemd1	/org/freedesktop/systemd1/unit/sysstat_2dcollect_2eservice	org.freedesktop.systemd1.Unit	Kill	si
org.freedesktop.systemd1	/org/freedesktop/systemd1/unit/sysstat_2dcollect_2eservice	org.freedesktop.systemd1.Unit	Reload	s
org.freedesktop.systemd1	/org/freedesktop/systemd1/unit/sysstat_2dcollect_2eservice	org.freedesktop.systemd1.Unit	ReloadOrRestart	s
org.freedesktop.systemd1	/org/freedesktop/systemd1/unit/sysstat_2dcollect_2eservice	org.freedesktop.systemd1.Unit	ReloadOrTryRestart	s
org.freedesktop.systemd1	/org/freedesktop/systemd1/unit/sysstat_2dcollect_2eservice	org.freedesktop.systemd1.Unit	ResetFailed	
org.freedesktop.systemd1	/org/freedesktop/systemd1/unit/sysstat_2dcollect_2eservice	org.freedesktop.systemd1.Unit	Restart	s
org.freedesktop.systemd1	/org/freedesktop/systemd1/unit/sysstat_2dcollect_2eservice	org.freedesktop.systemd1.Unit	SetProperties	ba(sv)
org.freedesktop.systemd1	/org/freedesktop/systemd1/unit/sysstat_2dcollect_2eservice	org.freedesktop.systemd1.Unit	Start	s
org.freedesktop.systemd1	/org/freedesktop/systemd1/unit/sysstat_2dcollect_2eservice	org.freedesktop.systemd1.Unit	Stop	s
org.freedesktop.systemd1	/org/freedesktop/systemd1/unit/sysstat_2dcollect_2eservice	org.freedesktop.systemd1.Unit	TryRestart	s
org.freedesktop.systemd1	/org/freedesktop/systemd1/unit/sysstat_2dcollect_2etimer	org.freedesktop.systemd1.Unit	Kill	si
org.freedesktop.systemd1	/org/freedesktop/systemd1/unit/sysstat_2dcollect_2etimer	org.freedesktop.systemd1.Unit	Reload	s
org.freedesktop.systemd1	/org/freedesktop/systemd1/unit/sysstat_2dcollect_2etimer	org.freedesktop.systemd1.Unit	ReloadOrRestart	s
org.freedesktop.systemd1	/org/freedesktop/systemd1/unit/sysstat_2dcollect_2etimer	org.freedesktop.systemd1.Unit	ReloadOrTryRestart	s
org.freedesktop.systemd1	/org/freedesktop/systemd1/unit/sysstat_2dcollect_2etimer	org.freedesktop.systemd1.Unit	ResetFailed	
org.freedesktop.systemd1	/org/freedesktop/systemd1/unit/sysstat_2dcollect_2etimer	org.freedesktop.systemd1.Unit	Restart	s
org.freedesktop.systemd1	/org/freedesktop/systemd1/unit/sysstat_2dcollect_2etimer	org.freedesktop.systemd1.Unit	SetProperties	ba(sv)
org.freedesktop.systemd1	/org/freedesktop/systemd1/unit/sysstat_2dcollect_2etimer	org.freedesktop.systemd1.Unit	Start	s
org.freedesktop.systemd1	/org/freedesktop/systemd1/unit/sysstat_2dcollect_2etimer	org.freedesktop.systemd1.Unit	Stop	s
org.freedesktop.systemd1	/org/freedesktop/systemd1/unit/sysstat_2dcollect_2etimer	org.freedesktop.systemd1.Unit	TryRestart	s
org.freedesktop.systemd1	/org/freedesktop/systemd1/unit/sysstat_2dsummary_2eservice	org.freedesktop.systemd1.Service	AttachProcesses	sau
org.freedesktop.systemd1	/org/freedesktop/systemd1/unit/sysstat_2dsummary_2eservice	org.freedesktop.systemd1.Service	BindMount	ssbb
org.freedesktop.systemd1	/org/freedesktop/systemd1/unit/sysstat_2dsummary_2eservice	org.freedesktop.systemd1.Service	MountImage	ssbba(ss)
org.freedesktop.systemd1	/org/freedesktop/systemd1/unit/sysstat_2dsummary_2eservice	org.freedesktop.systemd1.Unit	Kill	si
org.freedesktop.systemd1	/org/freedesktop/systemd1/unit/sysstat_2dsummary_2eservice	org.freedesktop.systemd1.Unit	Reload	s
org.freedesktop.systemd1	/org/freedesktop/systemd1/unit/sysstat_2dsummary_2eservice	org.freedesktop.systemd1.Unit	ReloadOrRestart	s
org.freedesktop.systemd1	/org/freedesktop/systemd1/unit/sysstat_2dsummary_2eservice	org.freedesktop.systemd1.Unit	ReloadOrTryRestart	s
org.freedesktop.systemd1	/org/freedesktop/systemd1/unit/sysstat_2dsummary_2eservice	org.freedesktop.systemd1.Unit	ResetFailed	
org.freedesktop.systemd1	/org/freedesktop/systemd1/unit/sysstat_2dsummary_2eservice	org.freedesktop.systemd1.Unit	Restart	s
org.freedesktop.systemd1	/org/freedesktop/systemd1/unit/sysstat_2dsummary_2eservice	org.freedesktop.systemd1.Unit	SetProperties	ba(sv)
org.freedesktop.systemd1	/org/freedesktop/systemd1/unit/sysstat_2dsummary_2eservice	org.freedesktop.systemd1.Unit	Start	s
org.freedesktop.systemd1	/org/freedesktop/systemd1/unit/sysstat_2dsummary_2eservice	org.freedesktop.systemd1.Unit	Stop	s
org.freedesktop.systemd1	/org/freedesktop/systemd1/unit/sysstat_2dsummary_2eservice	org.freedesktop.systemd1.Unit	TryRestart	s
org.freedesktop.systemd1	/org/freedesktop/systemd1/unit/sysstat_2dsummary_2etimer	org.freedesktop.systemd1.Unit	Kill	si
org.freedesktop.systemd1	/org/freedesktop/systemd1/unit/sysstat_2dsummary_2etimer	org.freedesktop.systemd1.Unit	Reload	s
org.freedesktop.systemd1	/org/freedesktop/systemd1/unit/sysstat_2dsummary_2etimer	org.freedesktop.systemd1.Unit	ReloadOrRestart	s
org.freedesktop.systemd1	/org/freedesktop/systemd1/unit/sysstat_2dsummary_2etimer	org.freedesktop.systemd1.Unit	ReloadOrTryRestart	s
org.freedesktop.systemd1	/org/freedesktop/systemd1/unit/sysstat_2dsummary_2etimer	org.freedesktop.systemd1.Unit	ResetFailed	
org.freedesktop.systemd1	/org/freedesktop/systemd1/unit/sysstat_2dsummary_2etimer	org.freedesktop.systemd1.Unit	Restart	s
org.freedesktop.systemd1	/org/freedesktop/systemd1/unit/sysstat_2dsummary_2etimer	org.freedesktop.systemd1.Unit	SetProperties	ba(sv)
org.freedesktop.systemd1	/org/freedesktop/systemd1/unit/sysstat_2dsummary_2etimer	org.freedesktop.systemd1.Unit	Start	s
org.freedesktop.systemd1	/org/freedesktop/systemd1/unit/sysstat_2dsummary_2etimer	org.freedesktop.systemd1.Unit	Stop	s
org.freedesktop.systemd1	/org/freedesktop/systemd1/unit/sysstat_2dsummary_2etimer	org.freedesktop.systemd1.Unit	TryRestart	s
org.freedesktop.systemd1	/org/freedesktop/systemd1/unit/sysstat_2eservice	org.freedesktop.systemd1.Service	AttachProcesses	sau
org.freedesktop.systemd1	/org/freedesktop/systemd1/unit/sysstat_2eservice	org.freedesktop.systemd1.Service	BindMount	ssbb
org.freedesktop.systemd1	/org/freedesktop/systemd1/unit/sysstat_2eservice	org.freedesktop.systemd1.Service	MountImage	ssbba(ss)
org.freedesktop.systemd1	/org/freedesktop/systemd1/unit/sysstat_2eservice	org.freedesktop.systemd1.Unit	Kill	si
org.freedesktop.systemd1	/org/freedesktop/systemd1/unit/sysstat_2eservice	org.freedesktop.systemd1.Unit	Reload	s
org.freedesktop.systemd1	/org/freedesktop/systemd1/unit/sysstat_2eservice	org.freedesktop.systemd1.Unit	ReloadOrRestart	s
org.freedesktop.systemd1	/org/freedesktop/systemd1/unit/sysstat_2eservice	org.freedesktop.systemd1.Unit	ReloadOrTryRestart	s
org.freedesktop.systemd1	/org/freedesktop/systemd1/unit/sysstat_2eservice	org.freedesktop.systemd1.Unit	ResetFailed	
org.freedesktop.systemd1	/org/freedesktop/systemd1/unit/sysstat_2eservice	org.freedesktop.systemd1.Unit	Restart	s
org.freedesktop.systemd1	/org/freedesktop/systemd1/unit/sysstat_2eservice	org.freedesktop.systemd1.Unit	SetProperties	ba(sv)
org.freedesktop.systemd1	/org/freedesktop/systemd1/unit/sysstat_2eservice	org.freedesktop.systemd1.Unit	Start	s
org.freedesktop.systemd1	/org/freedesktop/systemd1/unit/sysstat_2eservice	org.freedesktop.systemd1.Unit	Stop	s
org.freedesktop.systemd1	/org/freedesktop/systemd1/unit/sysstat_2eservice	org.freedesktop.systemd1.Unit	TryRestart	s
org.freedesktop.systemd1	/org/freedesktop/systemd1/unit/system_2dgetty_2eslice	org.freedesktop.systemd1.Slice	AttachProcesses	sau
org.freedesktop.systemd1	/org/freedesktop/systemd1/unit/system_2dgetty_2eslice	org.freedesktop.systemd1.Unit	Kill	si
org.freedesktop.systemd1	/org/freedesktop/systemd1/unit/system_2dgetty_2eslice	org.freedesktop.systemd1.Unit	Reload	s
org.freedesktop.systemd1	/org/freedesktop/systemd1/unit/system_2dgetty_2eslice	org.freedesktop.systemd1.Unit	ReloadOrRestart	s
org.freedesktop.systemd1	/org/freedesktop/systemd1/unit/system_2dgetty_2eslice	org.freedesktop.systemd1.Unit	ReloadOrTryRestart	s
org.freedesktop.systemd1	/org/freedesktop/systemd1/unit/system_2dgetty_2eslice	org.freedesktop.systemd1.Unit	ResetFailed	
org.freedesktop.systemd1	/org/freedesktop/systemd1/unit/system_2dgetty_2eslice	org.freedesktop.systemd1.Unit	Restart	s
org.freedesktop.systemd1	/org/freedesktop/systemd1/unit/system_2dgetty_2eslice	org.freedesktop.systemd1.Unit	SetProperties	ba(sv)
org.freedesktop.systemd1	/org/freedesktop/systemd1/unit/system_2dgetty_2eslice	org.freedesktop.systemd1.Unit	Start	s
org.freedesktop.systemd1	/org/freedesktop/systemd1/unit/system_2dgetty_2eslice	org.freedesktop.systemd1.Unit	Stop	s
org.freedesktop.systemd1	/org/freedesktop/systemd1/unit/system_2dgetty_2eslice	org.freedesktop.systemd1.Unit	TryRestart	s
org.freedesktop.systemd1	/org/freedesktop/systemd1/unit/system_2dmodprobe_2eslice	org.freedesktop.systemd1.Slice	AttachProcesses	sau
org.freedesktop.systemd1	/org/freedesktop/systemd1/unit/system_2dmodprobe_2eslice	org.freedesktop.systemd1.Unit	Kill	si
org.freedesktop.systemd1	/org/freedesktop/systemd1/unit/system_2dmodprobe_2eslice	org.freedesktop.systemd1.Unit	Reload	s
org.freedesktop.systemd1	/org/freedesktop/systemd1/unit/system_2dmodprobe_2eslice	org.freedesktop.systemd1.Unit	ReloadOrRestart	s
org.freedesktop.systemd1	/org/freedesktop/systemd1/unit/system_2dmodprobe_2eslice	org.freedesktop.systemd1.Unit	ReloadOrTryRestart	s
org.freedesktop.systemd1	/org/freedesktop/systemd1/unit/system_2dmodprobe_2eslice	org.freedesktop.systemd1.Unit	ResetFailed	
org.freedesktop.systemd1	/org/freedesktop/systemd1/unit/system_2dmodprobe_2eslice	org.freedesktop.systemd1.Unit	Restart	s
org.freedesktop.systemd1	/org/freedesktop/systemd1/unit/system_2dmodprobe_2eslice	org.freedesktop.systemd1.Unit	SetProperties	ba(sv)
org.freedesktop.systemd1	/org/freedesktop/systemd1/unit/system_2dmodprobe_2eslice	org.freedesktop.systemd1.Unit	Start	s
org.freedesktop.systemd1	/org/freedesktop/systemd1/unit/system_2dmodprobe_2eslice	org.freedesktop.systemd1.Unit	Stop	s
org.freedesktop.systemd1	/org/freedesktop/systemd1/unit/system_2dmodprobe_2eslice	org.freedesktop.systemd1.Unit	TryRestart	s
org.freedesktop.systemd1	/org/freedesktop/systemd1/unit/system_2eslice	org.freedesktop.systemd1.Slice	AttachProcesses	sau
org.freedesktop.systemd1	/org/freedesktop/systemd1/unit/system_2eslice	org.freedesktop.systemd1.Unit	Kill	si
org.freedesktop.systemd1	/org/freedesktop/systemd1/unit/system_2eslice	org.freedesktop.systemd1.Unit	Reload	s
org.freedesktop.systemd1	/org/freedesktop/systemd1/unit/system_2eslice	org.freedesktop.systemd1.Unit	ReloadOrRestart	s
org.freedesktop.systemd1	/org/freedesktop/systemd1/unit/system_2eslice	org.freedesktop.systemd1.Unit	ReloadOrTryRestart	s
org.freedesktop.systemd1	/org/freedesktop/systemd1/unit/system_2eslice	org.freedesktop.systemd1.Unit	ResetFailed	
org.freedesktop.systemd1	/org/freedesktop/systemd1/unit/system_2eslice	org.freedesktop.systemd1.Unit	Restart	s
org.freedesktop.systemd1	/org/freedesktop/systemd1/unit/system_2eslice	org.freedesktop.systemd1.Unit	SetProperties	ba(sv)
org.freedesktop.systemd1	/org/freedesktop/systemd1/unit/system_2eslice	org.freedesktop.systemd1.Unit	Start	s
org.freedesktop.systemd1	/org/freedesktop/systemd1/unit/system_2eslice	org.freedesktop.systemd1.Unit	Stop	s
org.freedesktop.systemd1	/org/freedesktop/systemd1/unit/system_2eslice	org.freedesktop.systemd1.Unit	TryRestart	s
org.freedesktop.systemd1	/org/freedesktop/systemd1/unit/systemd_2dask_2dpassword_2dconsole_2epath	org.freedesktop.systemd1.Unit	Kill	si
org.freedesktop.systemd1	/org/freedesktop/systemd1/unit/systemd_2dask_2dpassword_2dconsole_2epath	org.freedesktop.systemd1.Unit	Reload	s
org.freedesktop.systemd1	/org/freedesktop/systemd1/unit/systemd_2dask_2dpassword_2dconsole_2epath	org.freedesktop.systemd1.Unit	ReloadOrRestart	s
org.freedesktop.systemd1	/org/freedesktop/systemd1/unit/systemd_2dask_2dpassword_2dconsole_2epath	org.freedesktop.systemd1.Unit	ReloadOrTryRestart	s
org.freedesktop.systemd1	/org/freedesktop/systemd1/unit/systemd_2dask_2dpassword_2dconsole_2epath	org.freedesktop.systemd1.Unit	ResetFailed	
org.freedesktop.systemd1	/org/freedesktop/systemd1/unit/systemd_2dask_2dpassword_2dconsole_2epath	org.freedesktop.systemd1.Unit	Restart	s
org.freedesktop.systemd1	/org/freedesktop/systemd1/unit/systemd_2dask_2dpassword_2dconsole_2epath	org.freedesktop.systemd1.Unit	SetProperties	ba(sv)
org.freedesktop.systemd1	/org/freedesktop/systemd1/unit/systemd_2dask_2dpassword_2dconsole_2epath	org.freedesktop.systemd1.Unit	Start	s
org.freedesktop.systemd1	/org/freedesktop/systemd1/unit/systemd_2dask_2dpassword_2dconsole_2epath	org.freedesktop.systemd1.Unit	Stop	s
org.freedesktop.systemd1	/org/freedesktop/systemd1/unit/systemd_2dask_2dpassword_2dconsole_2epath	org.freedesktop.systemd1.Unit	TryRestart	s
org.freedesktop.systemd1	/org/freedesktop/systemd1/unit/systemd_2dask_2dpassword_2dconsole_2eservice	org.freedesktop.systemd1.Service	AttachProcesses	sau
org.freedesktop.systemd1	/org/freedesktop/systemd1/unit/systemd_2dask_2dpassword_2dconsole_2eservice	org.freedesktop.systemd1.Service	BindMount	ssbb
org.freedesktop.systemd1	/org/freedesktop/systemd1/unit/systemd_2dask_2dpassword_2dconsole_2eservice	org.freedesktop.systemd1.Service	MountImage	ssbba(ss)
org.freedesktop.systemd1	/org/freedesktop/systemd1/unit/systemd_2dask_2dpassword_2dconsole_2eservice	org.freedesktop.systemd1.Unit	Kill	si
org.freedesktop.systemd1	/org/freedesktop/systemd1/unit/systemd_2dask_2dpassword_2dconsole_2eservice	org.freedesktop.systemd1.Unit	Reload	s
org.freedesktop.systemd1	/org/freedesktop/systemd1/unit/systemd_2dask_2dpassword_2dconsole_2eservice	org.freedesktop.systemd1.Unit	ReloadOrRestart	s
org.freedesktop.systemd1	/org/freedesktop/systemd1/unit/systemd_2dask_2dpassword_2dconsole_2eservice	org.freedesktop.systemd1.Unit	ReloadOrTryRestart	s
org.freedesktop.systemd1	/org/freedesktop/systemd1/unit/systemd_2dask_2dpassword_2dconsole_2eservice	org.freedesktop.systemd1.Unit	ResetFailed	
org.freedesktop.systemd1	/org/freedesktop/systemd1/unit/systemd_2dask_2dpassword_2dconsole_2eservice	org.freedesktop.systemd1.Unit	Restart	s
org.freedesktop.systemd1	/org/freedesktop/systemd1/unit/systemd_2dask_2dpassword_2dconsole_2eservice	org.freedesktop.systemd1.Unit	SetProperties	ba(sv)
org.freedesktop.systemd1	/org/freedesktop/systemd1/unit/systemd_2dask_2dpassword_2dconsole_2eservice	org.freedesktop.systemd1.Unit	Start	s
org.freedesktop.systemd1	/org/freedesktop/systemd1/unit/systemd_2dask_2dpassword_2dconsole_2eservice	org.freedesktop.systemd1.Unit	Stop	s
org.freedesktop.systemd1	/org/freedesktop/systemd1/unit/systemd_2dask_2dpassword_2dconsole_2eservice	org.freedesktop.systemd1.Unit	TryRestart	s
org.freedesktop.systemd1	/org/freedesktop/systemd1/unit/systemd_2dask_2dpassword_2dplymouth_2epath	org.freedesktop.systemd1.Unit	Kill	si
org.freedesktop.systemd1	/org/freedesktop/systemd1/unit/systemd_2dask_2dpassword_2dplymouth_2epath	org.freedesktop.systemd1.Unit	Reload	s
org.freedesktop.systemd1	/org/freedesktop/systemd1/unit/systemd_2dask_2dpassword_2dplymouth_2epath	org.freedesktop.systemd1.Unit	ReloadOrRestart	s
org.freedesktop.systemd1	/org/freedesktop/systemd1/unit/systemd_2dask_2dpassword_2dplymouth_2epath	org.freedesktop.systemd1.Unit	ReloadOrTryRestart	s
org.freedesktop.systemd1	/org/freedesktop/systemd1/unit/systemd_2dask_2dpassword_2dplymouth_2epath	org.freedesktop.systemd1.Unit	ResetFailed	
org.freedesktop.systemd1	/org/freedesktop/systemd1/unit/systemd_2dask_2dpassword_2dplymouth_2epath	org.freedesktop.systemd1.Unit	Restart	s
org.freedesktop.systemd1	/org/freedesktop/systemd1/unit/systemd_2dask_2dpassword_2dplymouth_2epath	org.freedesktop.systemd1.Unit	SetProperties	ba(sv)
org.freedesktop.systemd1	/org/freedesktop/systemd1/unit/systemd_2dask_2dpassword_2dplymouth_2epath	org.freedesktop.systemd1.Unit	Start	s
org.freedesktop.systemd1	/org/freedesktop/systemd1/unit/systemd_2dask_2dpassword_2dplymouth_2epath	org.freedesktop.systemd1.Unit	Stop	s
org.freedesktop.systemd1	/org/freedesktop/systemd1/unit/systemd_2dask_2dpassword_2dplymouth_2epath	org.freedesktop.systemd1.Unit	TryRestart	s
org.freedesktop.systemd1	/org/freedesktop/systemd1/unit/systemd_2dask_2dpassword_2dplymouth_2eservice	org.freedesktop.systemd1.Service	AttachProcesses	sau
org.freedesktop.systemd1	/org/freedesktop/systemd1/unit/systemd_2dask_2dpassword_2dplymouth_2eservice	org.freedesktop.systemd1.Service	BindMount	ssbb
org.freedesktop.systemd1	/org/freedesktop/systemd1/unit/systemd_2dask_2dpassword_2dplymouth_2eservice	org.freedesktop.systemd1.Service	MountImage	ssbba(ss)
org.freedesktop.systemd1	/org/freedesktop/systemd1/unit/systemd_2dask_2dpassword_2dplymouth_2eservice	org.freedesktop.systemd1.Unit	Kill	si
org.freedesktop.systemd1	/org/freedesktop/systemd1/unit/systemd_2dask_2dpassword_2dplymouth_2eservice	org.freedesktop.systemd1.Unit	Reload	s
org.freedesktop.systemd1	/org/freedesktop/systemd1/unit/systemd_2dask_2dpassword_2dplymouth_2eservice	org.freedesktop.systemd1.Unit	ReloadOrRestart	s
org.freedesktop.systemd1	/org/freedesktop/systemd1/unit/systemd_2dask_2dpassword_2dplymouth_2eservice	org.freedesktop.systemd1.Unit	ReloadOrTryRestart	s
org.freedesktop.systemd1	/org/freedesktop/systemd1/unit/systemd_2dask_2dpassword_2dplymouth_2eservice	org.freedesktop.systemd1.Unit	ResetFailed	
org.freedesktop.systemd1	/org/freedesktop/systemd1/unit/systemd_2dask_2dpassword_2dplymouth_2eservice	org.freedesktop.systemd1.Unit	Restart	s
org.freedesktop.systemd1	/org/freedesktop/systemd1/unit/systemd_2dask_2dpassword_2dplymouth_2eservice	org.freedesktop.systemd1.Unit	SetProperties	ba(sv)
org.freedesktop.systemd1	/org/freedesktop/systemd1/unit/systemd_2dask_2dpassword_2dplymouth_2eservice	org.freedesktop.systemd1.Unit	Start	s
org.freedesktop.systemd1	/org/freedesktop/systemd1/unit/systemd_2dask_2dpassword_2dplymouth_2eservice	org.freedesktop.systemd1.Unit	Stop	s
org.freedesktop.systemd1	/org/freedesktop/systemd1/unit/systemd_2dask_2dpassword_2dplymouth_2eservice	org.freedesktop.systemd1.Unit	TryRestart	s
org.freedesktop.systemd1	/org/freedesktop/systemd1/unit/systemd_2dask_2dpassword_2dwall_2epath	org.freedesktop.systemd1.Unit	Kill	si
org.freedesktop.systemd1	/org/freedesktop/systemd1/unit/systemd_2dask_2dpassword_2dwall_2epath	org.freedesktop.systemd1.Unit	Reload	s
org.freedesktop.systemd1	/org/freedesktop/systemd1/unit/systemd_2dask_2dpassword_2dwall_2epath	org.freedesktop.systemd1.Unit	ReloadOrRestart	s
org.freedesktop.systemd1	/org/freedesktop/systemd1/unit/systemd_2dask_2dpassword_2dwall_2epath	org.freedesktop.systemd1.Unit	ReloadOrTryRestart	s
org.freedesktop.systemd1	/org/freedesktop/systemd1/unit/systemd_2dask_2dpassword_2dwall_2epath	org.freedesktop.systemd1.Unit	ResetFailed	
org.freedesktop.systemd1	/org/freedesktop/systemd1/unit/systemd_2dask_2dpassword_2dwall_2epath	org.freedesktop.systemd1.Unit	Restart	s
org.freedesktop.systemd1	/org/freedesktop/systemd1/unit/systemd_2dask_2dpassword_2dwall_2epath	org.freedesktop.systemd1.Unit	SetProperties	ba(sv)
org.freedesktop.systemd1	/org/freedesktop/systemd1/unit/systemd_2dask_2dpassword_2dwall_2epath	org.freedesktop.systemd1.Unit	Start	s
org.freedesktop.systemd1	/org/freedesktop/systemd1/unit/systemd_2dask_2dpassword_2dwall_2epath	org.freedesktop.systemd1.Unit	Stop	s
org.freedesktop.systemd1	/org/freedesktop/systemd1/unit/systemd_2dask_2dpassword_2dwall_2epath	org.freedesktop.systemd1.Unit	TryRestart	s
org.freedesktop.systemd1	/org/freedesktop/systemd1/unit/systemd_2dask_2dpassword_2dwall_2eservice	org.freedesktop.systemd1.Service	AttachProcesses	sau
org.freedesktop.systemd1	/org/freedesktop/systemd1/unit/systemd_2dask_2dpassword_2dwall_2eservice	org.freedesktop.systemd1.Service	BindMount	ssbb
org.freedesktop.systemd1	/org/freedesktop/systemd1/unit/systemd_2dask_2dpassword_2dwall_2eservice	org.freedesktop.systemd1.Service	MountImage	ssbba(ss)
org.freedesktop.systemd1	/org/freedesktop/systemd1/unit/systemd_2dask_2dpassword_2dwall_2eservice	org.freedesktop.systemd1.Unit	Kill	si
org.freedesktop.systemd1	/org/freedesktop/systemd1/unit/systemd_2dask_2dpassword_2dwall_2eservice	org.freedesktop.systemd1.Unit	Reload	s
org.freedesktop.systemd1	/org/freedesktop/systemd1/unit/systemd_2dask_2dpassword_2dwall_2eservice	org.freedesktop.systemd1.Unit	ReloadOrRestart	s
org.freedesktop.systemd1	/org/freedesktop/systemd1/unit/systemd_2dask_2dpassword_2dwall_2eservice	org.freedesktop.systemd1.Unit	ReloadOrTryRestart	s
org.freedesktop.systemd1	/org/freedesktop/systemd1/unit/systemd_2dask_2dpassword_2dwall_2eservice	org.freedesktop.systemd1.Unit	ResetFailed	
org.freedesktop.systemd1	/org/freedesktop/systemd1/unit/systemd_2dask_2dpassword_2dwall_2eservice	org.freedesktop.systemd1.Unit	Restart	s
org.freedesktop.systemd1	/org/freedesktop/systemd1/unit/systemd_2dask_2dpassword_2dwall_2eservice	org.freedesktop.systemd1.Unit	SetProperties	ba(sv)
org.freedesktop.systemd1	/org/freedesktop/systemd1/unit/systemd_2dask_2dpassword_2dwall_2eservice	org.freedesktop.systemd1.Unit	Start	s
org.freedesktop.systemd1	/org/freedesktop/systemd1/unit/systemd_2dask_2dpassword_2dwall_2eservice	org.freedesktop.systemd1.Unit	Stop	s
org.freedesktop.systemd1	/org/freedesktop/systemd1/unit/systemd_2dask_2dpassword_2dwall_2eservice	org.freedesktop.systemd1.Unit	TryRestart	s
org.freedesktop.systemd1	/org/freedesktop/systemd1/unit/systemd_2dbattery_2dcheck_2eservice	org.freedesktop.systemd1.Service	AttachProcesses	sau
org.freedesktop.systemd1	/org/freedesktop/systemd1/unit/systemd_2dbattery_2dcheck_2eservice	org.freedesktop.systemd1.Service	BindMount	ssbb
org.freedesktop.systemd1	/org/freedesktop/systemd1/unit/systemd_2dbattery_2dcheck_2eservice	org.freedesktop.systemd1.Service	MountImage	ssbba(ss)
org.freedesktop.systemd1	/org/freedesktop/systemd1/unit/systemd_2dbattery_2dcheck_2eservice	org.freedesktop.systemd1.Unit	Kill	si
org.freedesktop.systemd1	/org/freedesktop/systemd1/unit/systemd_2dbattery_2dcheck_2eservice	org.freedesktop.systemd1.Unit	Reload	s
org.freedesktop.systemd1	/org/freedesktop/systemd1/unit/systemd_2dbattery_2dcheck_2eservice	org.freedesktop.systemd1.Unit	ReloadOrRestart	s
org.freedesktop.systemd1	/org/freedesktop/systemd1/unit/systemd_2dbattery_2dcheck_2eservice	org.freedesktop.systemd1.Unit	ReloadOrTryRestart	s
org.freedesktop.systemd1	/org/freedesktop/systemd1/unit/systemd_2dbattery_2dcheck_2eservice	org.freedesktop.systemd1.Unit	ResetFailed	
org.freedesktop.systemd1	/org/freedesktop/systemd1/unit/systemd_2dbattery_2dcheck_2eservice	org.freedesktop.systemd1.Unit	Restart	s
org.freedesktop.systemd1	/org/freedesktop/systemd1/unit/systemd_2dbattery_2dcheck_2eservice	org.freedesktop.systemd1.Unit	SetProperties	ba(sv)
org.freedesktop.systemd1	/org/freedesktop/systemd1/unit/systemd_2dbattery_2dcheck_2eservice	org.freedesktop.systemd1.Unit	Start	s
org.freedesktop.systemd1	/org/freedesktop/systemd1/unit/systemd_2dbattery_2dcheck_2eservice	org.freedesktop.systemd1.Unit	Stop	s
org.freedesktop.systemd1	/org/freedesktop/systemd1/unit/systemd_2dbattery_2dcheck_2eservice	org.freedesktop.systemd1.Unit	TryRestart	s
org.freedesktop.systemd1	/org/freedesktop/systemd1/unit/systemd_2dbinfmt_2eservice	org.freedesktop.systemd1.Service	AttachProcesses	sau
org.freedesktop.systemd1	/org/freedesktop/systemd1/unit/systemd_2dbinfmt_2eservice	org.freedesktop.systemd1.Service	BindMount	ssbb
org.freedesktop.systemd1	/org/freedesktop/systemd1/unit/systemd_2dbinfmt_2eservice	org.freedesktop.systemd1.Service	MountImage	ssbba(ss)
org.freedesktop.systemd1	/org/freedesktop/systemd1/unit/systemd_2dbinfmt_2eservice	org.freedesktop.systemd1.Unit	Kill	si
org.freedesktop.systemd1	/org/freedesktop/systemd1/unit/systemd_2dbinfmt_2eservice	org.freedesktop.systemd1.Unit	Reload	s
org.freedesktop.systemd1	/org/freedesktop/systemd1/unit/systemd_2dbinfmt_2eservice	org.freedesktop.systemd1.Unit	ReloadOrRestart	s
org.freedesktop.systemd1	/org/freedesktop/systemd1/unit/systemd_2dbinfmt_2eservice	org.freedesktop.systemd1.Unit	ReloadOrTryRestart	s
org.freedesktop.systemd1	/org/freedesktop/systemd1/unit/systemd_2dbinfmt_2eservice	org.freedesktop.systemd1.Unit	ResetFailed	
org.freedesktop.systemd1	/org/freedesktop/systemd1/unit/systemd_2dbinfmt_2eservice	org.freedesktop.systemd1.Unit	Restart	s
org.freedesktop.systemd1	/org/freedesktop/systemd1/unit/systemd_2dbinfmt_2eservice	org.freedesktop.systemd1.Unit	SetProperties	ba(sv)
org.freedesktop.systemd1	/org/freedesktop/systemd1/unit/systemd_2dbinfmt_2eservice	org.freedesktop.systemd1.Unit	Start	s
org.freedesktop.systemd1	/org/freedesktop/systemd1/unit/systemd_2dbinfmt_2eservice	org.freedesktop.systemd1.Unit	Stop	s
org.freedesktop.systemd1	/org/freedesktop/systemd1/unit/systemd_2dbinfmt_2eservice	org.freedesktop.systemd1.Unit	TryRestart	s
org.freedesktop.systemd1	/org/freedesktop/systemd1/unit/systemd_2dbsod_2eservice	org.freedesktop.systemd1.Service	AttachProcesses	sau
org.freedesktop.systemd1	/org/freedesktop/systemd1/unit/systemd_2dbsod_2eservice	org.freedesktop.systemd1.Service	BindMount	ssbb
org.freedesktop.systemd1	/org/freedesktop/systemd1/unit/systemd_2dbsod_2eservice	org.freedesktop.systemd1.Service	MountImage	ssbba(ss)
org.freedesktop.systemd1	/org/freedesktop/systemd1/unit/systemd_2dbsod_2eservice	org.freedesktop.systemd1.Unit	Kill	si
org.freedesktop.systemd1	/org/freedesktop/systemd1/unit/systemd_2dbsod_2eservice	org.freedesktop.systemd1.Unit	Reload	s
org.freedesktop.systemd1	/org/freedesktop/systemd1/unit/systemd_2dbsod_2eservice	org.freedesktop.systemd1.Unit	ReloadOrRestart	s
org.freedesktop.systemd1	/org/freedesktop/systemd1/unit/systemd_2dbsod_2eservice	org.freedesktop.systemd1.Unit	ReloadOrTryRestart	s
org.freedesktop.systemd1	/org/freedesktop/systemd1/unit/systemd_2dbsod_2eservice	org.freedesktop.systemd1.Unit	ResetFailed	
org.freedesktop.systemd1	/org/freedesktop/systemd1/unit/systemd_2dbsod_2eservice	org.freedesktop.systemd1.Unit	Restart	s
org.freedesktop.systemd1	/org/freedesktop/systemd1/unit/systemd_2dbsod_2eservice	org.freedesktop.systemd1.Unit	SetProperties	ba(sv)
org.freedesktop.systemd1	/org/freedesktop/systemd1/unit/systemd_2dbsod_2eservice	org.freedesktop.systemd1.Unit	Start	s
org.freedesktop.systemd1	/org/freedesktop/systemd1/unit/systemd_2dbsod_2eservice	org.freedesktop.systemd1.Unit	Stop	s
org.freedesktop.systemd1	/org/freedesktop/systemd1/unit/systemd_2dbsod_2eservice	org.freedesktop.systemd1.Unit	TryRestart	s
org.freedesktop.systemd1	/org/freedesktop/systemd1/unit/systemd_2dfirstboot_2eservice	org.freedesktop.systemd1.Service	AttachProcesses	sau
org.freedesktop.systemd1	/org/freedesktop/systemd1/unit/systemd_2dfirstboot_2eservice	org.freedesktop.systemd1.Service	BindMount	ssbb
org.freedesktop.systemd1	/org/freedesktop/systemd1/unit/systemd_2dfirstboot_2eservice	org.freedesktop.systemd1.Service	MountImage	ssbba(ss)
org.freedesktop.systemd1	/org/freedesktop/systemd1/unit/systemd_2dfirstboot_2eservice	org.freedesktop.systemd1.Unit	Kill	si
org.freedesktop.systemd1	/org/freedesktop/systemd1/unit/systemd_2dfirstboot_2eservice	org.freedesktop.systemd1.Unit	Reload	s
org.freedesktop.systemd1	/org/freedesktop/systemd1/unit/systemd_2dfirstboot_2eservice	org.freedesktop.systemd1.Unit	ReloadOrRestart	s
org.freedesktop.systemd1	/org/freedesktop/systemd1/unit/systemd_2dfirstboot_2eservice	org.freedesktop.systemd1.Unit	ReloadOrTryRestart	s
org.freedesktop.systemd1	/org/freedesktop/systemd1/unit/systemd_2dfirstboot_2eservice	org.freedesktop.systemd1.Unit	ResetFailed	
org.freedesktop.systemd1	/org/freedesktop/systemd1/unit/systemd_2dfirstboot_2eservice	org.freedesktop.systemd1.Unit	Restart	s
org.freedesktop.systemd1	/org/freedesktop/systemd1/unit/systemd_2dfirstboot_2eservice	org.freedesktop.systemd1.Unit	SetProperties	ba(sv)
org.freedesktop.systemd1	/org/freedesktop/systemd1/unit/systemd_2dfirstboot_2eservice	org.freedesktop.systemd1.Unit	Start	s
org.freedesktop.systemd1	/org/freedesktop/systemd1/unit/systemd_2dfirstboot_2eservice	org.freedesktop.systemd1.Unit	Stop	s
org.freedesktop.systemd1	/org/freedesktop/systemd1/unit/systemd_2dfirstboot_2eservice	org.freedesktop.systemd1.Unit	TryRestart	s
org.freedesktop.systemd1	/org/freedesktop/systemd1/unit/systemd_2dfsck_2droot_2eservice	org.freedesktop.systemd1.Service	AttachProcesses	sau
org.freedesktop.systemd1	/org/freedesktop/systemd1/unit/systemd_2dfsck_2droot_2eservice	org.freedesktop.systemd1.Service	BindMount	ssbb
org.freedesktop.systemd1	/org/freedesktop/systemd1/unit/systemd_2dfsck_2droot_2eservice	org.freedesktop.systemd1.Service	MountImage	ssbba(ss)
org.freedesktop.systemd1	/org/freedesktop/systemd1/unit/systemd_2dfsck_2droot_2eservice	org.freedesktop.systemd1.Unit	Kill	si
org.freedesktop.systemd1	/org/freedesktop/systemd1/unit/systemd_2dfsck_2droot_2eservice	org.freedesktop.systemd1.Unit	Reload	s
org.freedesktop.systemd1	/org/freedesktop/systemd1/unit/systemd_2dfsck_2droot_2eservice	org.freedesktop.systemd1.Unit	ReloadOrRestart	s
org.freedesktop.systemd1	/org/freedesktop/systemd1/unit/systemd_2dfsck_2droot_2eservice	org.freedesktop.systemd1.Unit	ReloadOrTryRestart	s
org.freedesktop.systemd1	/org/freedesktop/systemd1/unit/systemd_2dfsck_2droot_2eservice	org.freedesktop.systemd1.Unit	ResetFailed	
org.freedesktop.systemd1	/org/freedesktop/systemd1/unit/systemd_2dfsck_2droot_2eservice	org.freedesktop.systemd1.Unit	Restart	s
org.freedesktop.systemd1	/org/freedesktop/systemd1/unit/systemd_2dfsck_2droot_2eservice	org.freedesktop.systemd1.Unit	SetProperties	ba(sv)
org.freedesktop.systemd1	/org/freedesktop/systemd1/unit/systemd_2dfsck_2droot_2eservice	org.freedesktop.systemd1.Unit	Start	s
org.freedesktop.systemd1	/org/freedesktop/systemd1/unit/systemd_2dfsck_2droot_2eservice	org.freedesktop.systemd1.Unit	Stop	s
org.freedesktop.systemd1	/org/freedesktop/systemd1/unit/systemd_2dfsck_2droot_2eservice	org.freedesktop.systemd1.Unit	TryRestart	s
org.freedesktop.systemd1	/org/freedesktop/systemd1/unit/systemd_2dfsckd_2eservice	org.freedesktop.systemd1.Service	AttachProcesses	sau
org.freedesktop.systemd1	/org/freedesktop/systemd1/unit/systemd_2dfsckd_2eservice	org.freedesktop.systemd1.Service	BindMount	ssbb
org.freedesktop.systemd1	/org/freedesktop/systemd1/unit/systemd_2dfsckd_2eservice	org.freedesktop.systemd1.Service	MountImage	ssbba(ss)
org.freedesktop.systemd1	/org/freedesktop/systemd1/unit/systemd_2dfsckd_2eservice	org.freedesktop.systemd1.Unit	Kill	si
org.freedesktop.systemd1	/org/freedesktop/systemd1/unit/systemd_2dfsckd_2eservice	org.freedesktop.systemd1.Unit	Reload	s
org.freedesktop.systemd1	/org/freedesktop/systemd1/unit/systemd_2dfsckd_2eservice	org.freedesktop.systemd1.Unit	ReloadOrRestart	s
org.freedesktop.systemd1	/org/freedesktop/systemd1/unit/systemd_2dfsckd_2eservice	org.freedesktop.systemd1.Unit	ReloadOrTryRestart	s
org.freedesktop.systemd1	/org/freedesktop/systemd1/unit/systemd_2dfsckd_2eservice	org.freedesktop.systemd1.Unit	ResetFailed	
org.freedesktop.systemd1	/org/freedesktop/systemd1/unit/systemd_2dfsckd_2eservice	org.freedesktop.systemd1.Unit	Restart	s
org.freedesktop.systemd1	/org/freedesktop/systemd1/unit/systemd_2dfsckd_2eservice	org.freedesktop.systemd1.Unit	SetProperties	ba(sv)
org.freedesktop.systemd1	/org/freedesktop/systemd1/unit/systemd_2dfsckd_2eservice	org.freedesktop.systemd1.Unit	Start	s
org.freedesktop.systemd1	/org/freedesktop/systemd1/unit/systemd_2dfsckd_2eservice	org.freedesktop.systemd1.Unit	Stop	s
org.freedesktop.systemd1	/org/freedesktop/systemd1/unit/systemd_2dfsckd_2eservice	org.freedesktop.systemd1.Unit	TryRestart	s
org.freedesktop.systemd1	/org/freedesktop/systemd1/unit/systemd_2dfsckd_2esocket	org.freedesktop.systemd1.Socket	AttachProcesses	sau
org.freedesktop.systemd1	/org/freedesktop/systemd1/unit/systemd_2dfsckd_2esocket	org.freedesktop.systemd1.Unit	Kill	si
org.freedesktop.systemd1	/org/freedesktop/systemd1/unit/systemd_2dfsckd_2esocket	org.freedesktop.systemd1.Unit	Reload	s
org.freedesktop.systemd1	/org/freedesktop/systemd1/unit/systemd_2dfsckd_2esocket	org.freedesktop.systemd1.Unit	ReloadOrRestart	s
org.freedesktop.systemd1	/org/freedesktop/systemd1/unit/systemd_2dfsckd_2esocket	org.freedesktop.systemd1.Unit	ReloadOrTryRestart	s
org.freedesktop.systemd1	/org/freedesktop/systemd1/unit/systemd_2dfsckd_2esocket	org.freedesktop.systemd1.Unit	ResetFailed	
org.freedesktop.systemd1	/org/freedesktop/systemd1/unit/systemd_2dfsckd_2esocket	org.freedesktop.systemd1.Unit	Restart	s
org.freedesktop.systemd1	/org/freedesktop/systemd1/unit/systemd_2dfsckd_2esocket	org.freedesktop.systemd1.Unit	SetProperties	ba(sv)
org.freedesktop.systemd1	/org/freedesktop/systemd1/unit/systemd_2dfsckd_2esocket	org.freedesktop.systemd1.Unit	Start	s
org.freedesktop.systemd1	/org/freedesktop/systemd1/unit/systemd_2dfsckd_2esocket	org.freedesktop.systemd1.Unit	Stop	s
org.freedesktop.systemd1	/org/freedesktop/systemd1/unit/systemd_2dfsckd_2esocket	org.freedesktop.systemd1.Unit	TryRestart	s
org.freedesktop.systemd1	/org/freedesktop/systemd1/unit/systemd_2dhibernate_2dresume_2eservice	org.freedesktop.systemd1.Service	AttachProcesses	sau
org.freedesktop.systemd1	/org/freedesktop/systemd1/unit/systemd_2dhibernate_2dresume_2eservice	org.freedesktop.systemd1.Service	BindMount	ssbb
org.freedesktop.systemd1	/org/freedesktop/systemd1/unit/systemd_2dhibernate_2dresume_2eservice	org.freedesktop.systemd1.Service	MountImage	ssbba(ss)
org.freedesktop.systemd1	/org/freedesktop/systemd1/unit/systemd_2dhibernate_2dresume_2eservice	org.freedesktop.systemd1.Unit	Kill	si
org.freedesktop.systemd1	/org/freedesktop/systemd1/unit/systemd_2dhibernate_2dresume_2eservice	org.freedesktop.systemd1.Unit	Reload	s
org.freedesktop.systemd1	/org/freedesktop/systemd1/unit/systemd_2dhibernate_2dresume_2eservice	org.freedesktop.systemd1.Unit	ReloadOrRestart	s
org.freedesktop.systemd1	/org/freedesktop/systemd1/unit/systemd_2dhibernate_2dresume_2eservice	org.freedesktop.systemd1.Unit	ReloadOrTryRestart	s
org.freedesktop.systemd1	/org/freedesktop/systemd1/unit/systemd_2dhibernate_2dresume_2eservice	org.freedesktop.systemd1.Unit	ResetFailed	
org.freedesktop.systemd1	/org/freedesktop/systemd1/unit/systemd_2dhibernate_2dresume_2eservice	org.freedesktop.systemd1.Unit	Restart	s
org.freedesktop.systemd1	/org/freedesktop/systemd1/unit/systemd_2dhibernate_2dresume_2eservice	org.freedesktop.systemd1.Unit	SetProperties	ba(sv)
org.freedesktop.systemd1	/org/freedesktop/systemd1/unit/systemd_2dhibernate_2dresume_2eservice	org.freedesktop.systemd1.Unit	Start	s
org.freedesktop.systemd1	/org/freedesktop/systemd1/unit/systemd_2dhibernate_2dresume_2eservice	org.freedesktop.systemd1.Unit	Stop	s
org.freedesktop.systemd1	/org/freedesktop/systemd1/unit/systemd_2dhibernate_2dresume_2eservice	org.freedesktop.systemd1.Unit	TryRestart	s
org.freedesktop.timedate1	/org/freedesktop/timedate1	org.freedesktop.timedate1	SetLocalRTC	bbb
org.freedesktop.timedate1	/org/freedesktop/timedate1	org.freedesktop.timedate1	SetNTP	bb
org.freedesktop.timedate1	/org/freedesktop/timedate1	org.freedesktop.timedate1	SetTime	xbb
org.freedesktop.timedate1	/org/freedesktop/timedate1	org.freedesktop.timedate1	SetTimezone	sb
