root Python/D-Bus current deep probe
target=ubuntu24-server-lpe-target attacker=attacker
2026-05-17T15:51:02-0400

===== cleanup before probe =====
$ docker exec -i ubuntu24-server-lpe-target bash -s

===== live target, packages, D-Bus, polkit, and root Python inventory =====
$ docker exec -i ubuntu24-server-lpe-target bash -s
== identity ==
PRETTY_NAME="Ubuntu 24.04.4 LTS"
NAME="Ubuntu"
VERSION_ID="24.04"
VERSION="24.04.4 LTS (Noble Numbat)"
VERSION_CODENAME=noble
ID=ubuntu
ID_LIKE=debian
HOME_URL="https://www.ubuntu.com/"
SUPPORT_URL="https://help.ubuntu.com/"
BUG_REPORT_URL="https://bugs.launchpad.net/ubuntu/"
PRIVACY_POLICY_URL="https://www.ubuntu.com/legal/terms-and-policies/privacy-policy"
UBUNTU_CODENAME=noble
LOGO=ubuntu-logo
Linux bf51bb670420 6.10.14-linuxkit #1 SMP Sat May 17 08:28:57 UTC 2025 aarch64 aarch64 aarch64 GNU/Linux
      1 root     systemd         /sbin/init
uid=1001(attacker) gid=1001(attacker) groups=1001(attacker)
attacker:x:1001:1001::/home/attacker:/bin/bash
sudo:x:27:ubuntu
adm:x:4:ubuntu,syslog
lxd:x:101:
uid=1001(attacker) gid=1001(attacker) groups=1001(attacker)
sudo: a password is required
sudo_rc=1

== package versions ==
apport	2.28.1-0ubuntu3.8	ii 
apport-core-dump-handler	2.28.1-0ubuntu3.8	ii 
apt	2.8.3	ii 
cloud-init		un 
command-not-found	23.04.0	ii 
dbus	1.14.10-4ubuntu4.1	ii 
dbus-daemon	1.14.10-4ubuntu4.1	ii 
landscape-common	24.02-0ubuntu5.7	ii 
libnetplan1:arm64	1.1.2-8ubuntu1~24.04.2	ii 
netplan.io	1.1.2-8ubuntu1~24.04.2	ii 
networkd-dispatcher	2.2.4-1	ii 
packagekit	1.2.8-2ubuntu1.5	ii 
pkexec		un 
policykit-1		un 
polkitd	124-2ubuntu1.24.04.3	ii 
python3	3.12.3-0ubuntu2.1	ii 
python3-apt	2.7.7ubuntu5.2	ii 
python3-commandnotfound	23.04.0	ii 
python3-dbus	1.3.2-5build3	ii 
python3-netplan	1.1.2-8ubuntu1~24.04.2	ii 
python3-software-properties	0.99.49.4	ii 
software-properties-common	0.99.49.4	ii 
sosreport	4.10.2-0ubuntu0~24.04.1	ii 
systemd	255.4-1ubuntu8.15	ii 
ubuntu-pro-client	37.2ubuntu~24.04	ii 
ubuntu-release-upgrader-core	1:24.04.28	ii 
unattended-upgrades	2.9.1+nmu4ubuntu1	ii 
update-manager-core	1:24.04.12	ii 
update-notifier-common	3.192.68.2	ii 

== D-Bus system service files ==
### /usr/share/dbus-1/system-services/com.ubuntu.SoftwareProperties.service
[D-BUS Service]
Name=com.ubuntu.SoftwareProperties
Exec=/usr/lib/software-properties/software-properties-dbus
User=root
-rwxr-xr-x 755 root:root regular file /usr/lib/software-properties/software-properties-dbus
/usr/lib/software-properties/software-properties-dbus: Python script, Unicode text, UTF-8 text executable
software-properties-common: /usr/lib/software-properties/software-properties-dbus
### /usr/share/dbus-1/system-services/io.netplan.Netplan.service
[D-BUS Service]
Name=io.netplan.Netplan
Exec=/usr/libexec/netplan/netplan-dbus
User=root
AssumedAppArmorLabel=unconfined
-rwxr-xr-x 755 root:root regular file /usr/libexec/netplan/netplan-dbus
/usr/libexec/netplan/netplan-dbus: ELF 64-bit LSB pie executable, ARM aarch64, version 1 (SYSV), dynamically linked, interpreter /lib/ld-linux-aarch64.so.1, BuildID[sha1]=d20271dc3cc7f58abf0a4a73b2ade7f4965da091, for GNU/Linux 3.7.0, stripped
netplan.io: /usr/libexec/netplan/netplan-dbus
### /usr/share/dbus-1/system-services/org.freedesktop.ModemManager1.service
# This D-Bus service activation file is only for systemd support since
# an auto-activated ModemManager would be quite surprising for those people
# who have MM installed but turned off.  Thus the Exec path available to
# D-Bus is /bin/false, but systemd knows the real Exec path due to the MM
# systemd .service file.

[D-BUS Service]
Name=org.freedesktop.ModemManager1
Exec=/usr/sbin/ModemManager
User=root
SystemdService=dbus-org.freedesktop.ModemManager1.service
-rwxr-xr-x 755 root:root regular file /usr/sbin/ModemManager
/usr/sbin/ModemManager: ELF 64-bit LSB pie executable, ARM aarch64, version 1 (SYSV), dynamically linked, interpreter /lib/ld-linux-aarch64.so.1, BuildID[sha1]=65d4a13a11ab0dd050757a4c76080da566666ccc, for GNU/Linux 3.7.0, stripped
modemmanager: /usr/sbin/ModemManager
### /usr/share/dbus-1/system-services/org.freedesktop.PackageKit.service
[D-BUS Service]
Name=org.freedesktop.PackageKit
Exec=/usr/libexec/packagekitd
User=root
SystemdService=packagekit.service

-rwxr-xr-x 755 root:root regular file /usr/libexec/packagekitd
/usr/libexec/packagekitd: ELF 64-bit LSB pie executable, ARM aarch64, version 1 (SYSV), dynamically linked, interpreter /lib/ld-linux-aarch64.so.1, BuildID[sha1]=84e0046acb8df52d36893e2894702886a8de56a3, for GNU/Linux 3.7.0, stripped
packagekit: /usr/libexec/packagekitd
### /usr/share/dbus-1/system-services/org.freedesktop.PolicyKit1.service
[D-BUS Service]
Name=org.freedesktop.PolicyKit1
Exec=/usr/lib/polkit-1/polkitd --no-debug
User=root
SystemdService=polkit.service
-rwxr-xr-x 755 root:root regular file /usr/lib/polkit-1/polkitd
/usr/lib/polkit-1/polkitd: ELF 64-bit LSB pie executable, ARM aarch64, version 1 (SYSV), dynamically linked, interpreter /lib/ld-linux-aarch64.so.1, BuildID[sha1]=c9cd230d5c3014c3f27c25c70fc638f5b9630adb, for GNU/Linux 3.7.0, stripped
polkitd: /usr/lib/polkit-1/polkitd
### /usr/share/dbus-1/system-services/org.freedesktop.UDisks2.service
[D-BUS Service]
Name=org.freedesktop.UDisks2
Exec=/usr/libexec/udisks2/udisksd
User=root
SystemdService=udisks2.service
-rwxr-xr-x 755 root:root regular file /usr/libexec/udisks2/udisksd
/usr/libexec/udisks2/udisksd: ELF 64-bit LSB pie executable, ARM aarch64, version 1 (SYSV), dynamically linked, interpreter /lib/ld-linux-aarch64.so.1, BuildID[sha1]=8906f84657500fe5b94a2bdfe07c1dd011921fdf, for GNU/Linux 3.7.0, stripped
udisks2: /usr/libexec/udisks2/udisksd
### /usr/share/dbus-1/system-services/org.freedesktop.bolt.service
[D-BUS Service]
Name=org.freedesktop.bolt
Exec=/usr/libexec/boltd
User=root
SystemdService=bolt.service
-rwxr-xr-x 755 root:root regular file /usr/libexec/boltd
/usr/libexec/boltd: ELF 64-bit LSB pie executable, ARM aarch64, version 1 (SYSV), dynamically linked, interpreter /lib/ld-linux-aarch64.so.1, BuildID[sha1]=73a8178bf1ff9bf1b53b8e96dc4131a06b5f19fc, for GNU/Linux 3.7.0, stripped
bolt: /usr/libexec/boltd
### /usr/share/dbus-1/system-services/org.freedesktop.fwupd.service
[D-BUS Service]
Name=org.freedesktop.fwupd
Documentation=https://fwupd.org/
Exec=/usr/libexec/fwupd/fwupd
User=root
SystemdService=fwupd.service
AssumedAppArmorLabel=unconfined
-rwxr-xr-x 755 root:root regular file /usr/libexec/fwupd/fwupd
/usr/libexec/fwupd/fwupd: ELF 64-bit LSB pie executable, ARM aarch64, version 1 (SYSV), dynamically linked, interpreter /lib/ld-linux-aarch64.so.1, BuildID[sha1]=3b3ceef3264fcdd1878422fb5204db780da1711f, for GNU/Linux 3.7.0, stripped
fwupd: /usr/libexec/fwupd/fwupd
### /usr/share/dbus-1/system-services/org.freedesktop.hostname1.service
#  SPDX-License-Identifier: LGPL-2.1-or-later
#
#  systemd is free software; you can redistribute it and/or modify it
#  under the terms of the GNU Lesser General Public License as published by
#  the Free Software Foundation; either version 2.1 of the License, or
#  (at your option) any later version.

[D-BUS Service]
Name=org.freedesktop.hostname1
Exec=/bin/false
User=root
SystemdService=dbus-org.freedesktop.hostname1.service
-rwxr-xr-x 755 root:root regular file /bin/false
/bin/false: ELF 64-bit LSB pie executable, ARM aarch64, version 1 (SYSV), dynamically linked, interpreter /lib/ld-linux-aarch64.so.1, BuildID[sha1]=9e21c0468d20c9b78e7558c9b694670aee1cc2f7, for GNU/Linux 3.7.0, stripped
### /usr/share/dbus-1/system-services/org.freedesktop.locale1.service
#  SPDX-License-Identifier: LGPL-2.1-or-later
#
#  This file is part of systemd.
#
#  systemd is free software; you can redistribute it and/or modify it
#  under the terms of the GNU Lesser General Public License as published by
#  the Free Software Foundation; either version 2.1 of the License, or
#  (at your option) any later version.

[D-BUS Service]
Name=org.freedesktop.locale1
Exec=/bin/false
User=root
SystemdService=dbus-org.freedesktop.locale1.service
-rwxr-xr-x 755 root:root regular file /bin/false
/bin/false: ELF 64-bit LSB pie executable, ARM aarch64, version 1 (SYSV), dynamically linked, interpreter /lib/ld-linux-aarch64.so.1, BuildID[sha1]=9e21c0468d20c9b78e7558c9b694670aee1cc2f7, for GNU/Linux 3.7.0, stripped
### /usr/share/dbus-1/system-services/org.freedesktop.login1.service
#  SPDX-License-Identifier: LGPL-2.1-or-later
#
#  This file is part of systemd.
#
#  systemd is free software; you can redistribute it and/or modify it
#  under the terms of the GNU Lesser General Public License as published by
#  the Free Software Foundation; either version 2.1 of the License, or
#  (at your option) any later version.

[D-BUS Service]
Name=org.freedesktop.login1
Exec=/bin/false
User=root
SystemdService=dbus-org.freedesktop.login1.service
-rwxr-xr-x 755 root:root regular file /bin/false
/bin/false: ELF 64-bit LSB pie executable, ARM aarch64, version 1 (SYSV), dynamically linked, interpreter /lib/ld-linux-aarch64.so.1, BuildID[sha1]=9e21c0468d20c9b78e7558c9b694670aee1cc2f7, for GNU/Linux 3.7.0, stripped
### /usr/share/dbus-1/system-services/org.freedesktop.network1.service
#  SPDX-License-Identifier: LGPL-2.1-or-later
#
#  This file is part of systemd.
#
#  systemd is free software; you can redistribute it and/or modify it
#  under the terms of the GNU Lesser General Public License as published by
#  the Free Software Foundation; either version 2.1 of the License, or
#  (at your option) any later version.

[D-BUS Service]
Name=org.freedesktop.network1
Exec=/bin/false
User=root
SystemdService=dbus-org.freedesktop.network1.service
-rwxr-xr-x 755 root:root regular file /bin/false
/bin/false: ELF 64-bit LSB pie executable, ARM aarch64, version 1 (SYSV), dynamically linked, interpreter /lib/ld-linux-aarch64.so.1, BuildID[sha1]=9e21c0468d20c9b78e7558c9b694670aee1cc2f7, for GNU/Linux 3.7.0, stripped
### /usr/share/dbus-1/system-services/org.freedesktop.resolve1.service
#  SPDX-License-Identifier: LGPL-2.1-or-later
#
#  This file is part of systemd.
#
#  systemd is free software; you can redistribute it and/or modify it
#  under the terms of the GNU Lesser General Public License as published by
#  the Free Software Foundation; either version 2.1 of the License, or
#  (at your option) any later version.

[D-BUS Service]
Name=org.freedesktop.resolve1
Exec=/bin/false
User=root
SystemdService=dbus-org.freedesktop.resolve1.service
-rwxr-xr-x 755 root:root regular file /bin/false
/bin/false: ELF 64-bit LSB pie executable, ARM aarch64, version 1 (SYSV), dynamically linked, interpreter /lib/ld-linux-aarch64.so.1, BuildID[sha1]=9e21c0468d20c9b78e7558c9b694670aee1cc2f7, for GNU/Linux 3.7.0, stripped
### /usr/share/dbus-1/system-services/org.freedesktop.systemd1.service
#  SPDX-License-Identifier: LGPL-2.1-or-later
#
#  This file is part of systemd.
#
#  systemd is free software; you can redistribute it and/or modify it
#  under the terms of the GNU Lesser General Public License as published by
#  the Free Software Foundation; either version 2.1 of the License, or
#  (at your option) any later version.

[D-BUS Service]
Name=org.freedesktop.systemd1
Exec=/bin/false
User=root
-rwxr-xr-x 755 root:root regular file /bin/false
/bin/false: ELF 64-bit LSB pie executable, ARM aarch64, version 1 (SYSV), dynamically linked, interpreter /lib/ld-linux-aarch64.so.1, BuildID[sha1]=9e21c0468d20c9b78e7558c9b694670aee1cc2f7, for GNU/Linux 3.7.0, stripped
### /usr/share/dbus-1/system-services/org.freedesktop.timedate1.service
#  SPDX-License-Identifier: LGPL-2.1-or-later
#
#  This file is part of systemd.
#
#  systemd is free software; you can redistribute it and/or modify it
#  under the terms of the GNU Lesser General Public License as published by
#  the Free Software Foundation; either version 2.1 of the License, or
#  (at your option) any later version.

[D-BUS Service]
Name=org.freedesktop.timedate1
Exec=/bin/false
User=root
SystemdService=dbus-org.freedesktop.timedate1.service
AssumedAppArmorLabel=unconfined
-rwxr-xr-x 755 root:root regular file /bin/false
/bin/false: ELF 64-bit LSB pie executable, ARM aarch64, version 1 (SYSV), dynamically linked, interpreter /lib/ld-linux-aarch64.so.1, BuildID[sha1]=9e21c0468d20c9b78e7558c9b694670aee1cc2f7, for GNU/Linux 3.7.0, stripped
### /usr/share/dbus-1/system-services/org.freedesktop.timesync1.service
#  SPDX-License-Identifier: LGPL-2.1-or-later
#
#  This file is part of systemd.
#
#  systemd is free software; you can redistribute it and/or modify it
#  under the terms of the GNU Lesser General Public License as published by
#  the Free Software Foundation; either version 2.1 of the License, or
#  (at your option) any later version.

[D-BUS Service]
Name=org.freedesktop.timesync1
Exec=/bin/false
User=root
SystemdService=dbus-org.freedesktop.timesync1.service
-rwxr-xr-x 755 root:root regular file /bin/false
/bin/false: ELF 64-bit LSB pie executable, ARM aarch64, version 1 (SYSV), dynamically linked, interpreter /lib/ld-linux-aarch64.so.1, BuildID[sha1]=9e21c0468d20c9b78e7558c9b694670aee1cc2f7, for GNU/Linux 3.7.0, stripped

== active/activatable bus names of interest ==
:1.1703                       53708 packagekitd     root            :1.1703       packagekit.service          -       -
:1.1783                       61296 netplan-dbus    root            :1.1783       dbus.service                -       -
com.ubuntu.SoftwareProperties     - -               -               (activatable) -                           -       -
io.netplan.Netplan            61296 netplan-dbus    root            :1.1783       dbus.service                -       -
org.freedesktop.PackageKit    53708 packagekitd     root            :1.1703       packagekit.service          -       -
org.freedesktop.PolicyKit1      255 polkitd         polkitd         :1.4          polkit.service              -       -
org.freedesktop.systemd1          1 systemd         root            :1.1          init.scope                  -       -

== relevant D-Bus policies ==
### /etc/dbus-1/system.d/com.ubuntu.SoftwareProperties.conf
<!DOCTYPE busconfig PUBLIC
 "-//freedesktop//DTD D-BUS Bus Configuration 1.0//EN"
 "http://www.freedesktop.org/standards/dbus/1.0/busconfig.dtd">
<busconfig>

  <policy user="root">
    <allow own="com.ubuntu.SoftwareProperties"/>
  </policy>

  <policy context="default">
    <allow send_destination="com.ubuntu.SoftwareProperties"
           send_interface="com.ubuntu.SoftwareProperties"/>
    <allow send_destination="com.ubuntu.SoftwareProperties"
           send_interface="org.freedesktop.DBus.Introspectable"/>
    <allow send_destination="com.ubuntu.DeviceDriver"
           send_interface="org.freedesktop.DBus.Properties"/>
  </policy>

</busconfig>

### /usr/share/dbus-1/system.d/io.netplan.Netplan.conf
<!DOCTYPE busconfig PUBLIC
 "-//freedesktop//DTD D-BUS Bus Configuration 1.0//EN"
 "http://www.freedesktop.org/standards/dbus/1.0/busconfig.dtd">
<busconfig>

  <policy user="root">
    <allow own="io.netplan.Netplan"/>
  </policy>

  <policy context="default">
    <allow send_destination="io.netplan.Netplan"
           send_interface="io.netplan.Netplan"/>
    <allow send_destination="io.netplan.Netplan"
           send_interface="io.netplan.Netplan.Config"/>
    <allow send_destination="io.netplan.Netplan"
           send_interface="org.freedesktop.DBus.Introspectable"/>
  </policy>

</busconfig>

### /usr/share/dbus-1/system.d/org.freedesktop.PackageKit.conf
<?xml version="1.0" encoding="UTF-8"?> <!-- -*- XML -*- -->

<!DOCTYPE busconfig PUBLIC
 "-//freedesktop//DTD D-BUS Bus Configuration 1.0//EN"
 "http://www.freedesktop.org/standards/dbus/1.0/busconfig.dtd">
<busconfig>

  <!-- This configuration file specifies the required security policies
       for the PackageKit to work. -->

  <!-- Only user root can own the PackageKit service -->
  <policy user="root">
    <allow own="org.freedesktop.PackageKit"/>
  </policy>

 <!-- Allow anyone to call into the service - we'll reject callers using PolicyKit -->
  <policy context="default">
    <allow send_destination="org.freedesktop.PackageKit"
           send_interface="org.freedesktop.PackageKit"/>
    <allow send_destination="org.freedesktop.PackageKit"
           send_interface="org.freedesktop.PackageKit.Transaction"/>
    <allow send_destination="org.freedesktop.PackageKit"
           send_interface="org.freedesktop.PackageKit.Offline"/>
    <allow send_destination="org.freedesktop.PackageKit"
           send_interface="org.freedesktop.DBus.Properties"/>
    <allow send_destination="org.freedesktop.PackageKit"
           send_interface="org.freedesktop.DBus.Introspectable"/>
    <allow send_destination="org.freedesktop.PackageKit"
           send_interface="org.freedesktop.DBus.Peer"/>
  </policy>

</busconfig>


== relevant polkit actions ==
### com.ubuntu.apport.apport-gtk-root
  description:       System problem reports
  message:           Please enter your password to access problem reports of system programs
  vendor:            Apport
  implicit any:      auth_admin
  implicit inactive: auth_admin
  implicit active:   auth_admin
  annotation:        org.freedesktop.policykit.exec.path -> /usr/share/apport/apport-gtk
  annotation:        org.freedesktop.policykit.exec.allow_gui -> true
### com.ubuntu.apport.root-info
  description:       Collect system information
  message:           Authentication is required to collect system information for this problem report
  vendor:            Apport
  implicit any:      auth_admin
  implicit inactive: auth_admin
  implicit active:   auth_admin
  annotation:        org.freedesktop.policykit.exec.path -> /usr/share/apport/root_info_wrapper
### com.ubuntu.release-upgrader.partial-upgrade
  description:       Perform a partial upgrade
  message:           To perform a partial upgrade, you need to authenticate.
  vendor:            Ubuntu
  implicit any:      no
  implicit inactive: no
  implicit active:   auth_admin
  annotation:        org.freedesktop.policykit.exec.path -> /usr/lib/ubuntu-release-upgrader/do-partial-upgrade
  annotation:        org.freedesktop.policykit.exec.allow_gui -> true
### com.ubuntu.release-upgrader.release-upgrade
  description:       Perform a release upgrade
  message:           To upgrade Ubuntu, you need to authenticate.
  vendor:            Ubuntu
  implicit any:      no
  implicit inactive: no
  implicit active:   auth_admin
  annotation:        org.freedesktop.policykit.exec.path -> /usr/bin/do-release-upgrade
  annotation:        org.freedesktop.policykit.exec.allow_gui -> true
### com.ubuntu.softwareproperties.applychanges
  description:       Write Configuration
  message:           To change software repository settings, you need to authenticate.
  vendor:            Software Properties
  implicit any:      auth_admin
  implicit inactive: auth_admin
  implicit active:   auth_admin_keep
### com.ubuntu.update-notifier.pkexec.cddistupgrader
  description:       
  message:           Authentication is needed to upgrade
  vendor:            
  implicit any:      auth_admin
  implicit inactive: auth_admin
  implicit active:   auth_admin
  annotation:        org.freedesktop.policykit.exec.path -> /usr/lib/update-notifier/cddistupgrader
  annotation:        org.freedesktop.policykit.exec.allow_gui -> true
### com.ubuntu.update-notifier.pkexec.package-system-locked
  description:       
  message:           Authentication is needed to query package system lock status
  vendor:            
  implicit any:      no
  implicit inactive: yes
  implicit active:   yes
  annotation:        org.freedesktop.policykit.exec.path -> /usr/lib/update-notifier/package-system-locked
### org.dpkg.pkexec.update-alternatives
  description:       Run update-alternatives to modify system alternative selections
  message:           Authentication is required to run update-alternatives
  vendor:            The Dpkg Project
  implicit any:      auth_admin_keep
  implicit inactive: auth_admin_keep
  implicit active:   auth_admin_keep
  annotation:        org.freedesktop.policykit.exec.path -> /usr/bin/update-alternatives
### org.freedesktop.fwupd.update-hotplug
  description:       Install unsigned device firmware
  message:           Authentication is required to update the firmware on a removable device
  vendor:            System firmware update
  implicit any:      auth_admin
  implicit inactive: no
  implicit active:   auth_admin_keep
  annotation:        org.freedesktop.policykit.imply -> org.freedesktop.fwupd.update-hotplug-trusted
### org.freedesktop.fwupd.update-hotplug-trusted
  description:       Install signed device firmware
  message:           Authentication is required to update the firmware on a removable device
  vendor:            System firmware update
  implicit any:      auth_admin
  implicit inactive: no
  implicit active:   yes
### org.freedesktop.fwupd.update-internal
  description:       Install unsigned system firmware
  message:           Authentication is required to update the firmware on this machine
  vendor:            System firmware update
  implicit any:      auth_admin
  implicit inactive: no
  implicit active:   auth_admin_keep
  annotation:        org.freedesktop.policykit.imply -> org.freedesktop.fwupd.update-internal-trusted
### org.freedesktop.fwupd.update-internal-trusted
  description:       Install signed system firmware
  message:           Authentication is required to update the firmware on this machine
  vendor:            System firmware update
  implicit any:      auth_admin
  implicit inactive: no
  implicit active:   yes
### org.freedesktop.fwupd.verify-update
  description:       Update the stored device verification information
  message:           Authentication is required to update the stored checksums for the device
  vendor:            System firmware update
  implicit any:      auth_admin
  implicit inactive: no
  implicit active:   auth_admin_keep
### org.freedesktop.packagekit.cancel-foreign
  description:       Cancel foreign task
  message:           Authentication is required to cancel a task that was not started by yourself
  vendor:            The PackageKit Project
  implicit any:      auth_admin
  implicit inactive: auth_admin
  implicit active:   auth_admin_keep
### org.freedesktop.packagekit.clear-offline-update
  description:       Clear offline update message
  message:           Authentication is required to clear the offline updates message
  vendor:            The PackageKit Project
  implicit any:      auth_admin
  implicit inactive: auth_admin
  implicit active:   yes
### org.freedesktop.packagekit.package-downgrade
  description:       Install older version of installed package
  message:           Authentication is required to downgrade software
  vendor:            The PackageKit Project
  implicit any:      auth_admin
  implicit inactive: auth_admin
  implicit active:   auth_admin
  annotation:        org.freedesktop.policykit.imply -> org.freedesktop.packagekit.package-install
### org.freedesktop.packagekit.package-eula-accept
  description:       Accept EULA
  message:           Authentication is required to accept a EULA
  vendor:            The PackageKit Project
  implicit any:      auth_admin
  implicit inactive: auth_admin
  implicit active:   auth_admin_keep
### org.freedesktop.packagekit.package-install
  description:       Install signed package
  message:           Authentication is required to install software
  vendor:            The PackageKit Project
  implicit any:      auth_admin
  implicit inactive: auth_admin
  implicit active:   auth_admin_keep
### org.freedesktop.packagekit.package-install-untrusted
  description:       Install untrusted local file
  message:           Authentication is required to install untrusted software
  vendor:            The PackageKit Project
  implicit any:      auth_admin
  implicit inactive: auth_admin
  implicit active:   auth_admin
  annotation:        org.freedesktop.policykit.imply -> org.freedesktop.packagekit.package-install
### org.freedesktop.packagekit.package-reinstall
  description:       Install already installed package again
  message:           Authentication is required to reinstall software
  vendor:            The PackageKit Project
  implicit any:      auth_admin
  implicit inactive: auth_admin
  implicit active:   auth_admin_keep
### org.freedesktop.packagekit.package-remove
  description:       Remove package
  message:           Authentication is required to remove software
  vendor:            The PackageKit Project
  implicit any:      auth_admin
  implicit inactive: auth_admin
  implicit active:   auth_admin
  annotation:        org.freedesktop.policykit.imply -> org.freedesktop.packagekit.package-install
### org.freedesktop.packagekit.repair-system
  description:       Repair System
  message:           Authentication is required to repair the installed software
  vendor:            The PackageKit Project
  implicit any:      auth_admin
  implicit inactive: auth_admin
  implicit active:   auth_admin
### org.freedesktop.packagekit.system-network-proxy-configure
  description:       Set network proxy
  message:           Authentication is required to set the network proxy used for downloading software
  vendor:            The PackageKit Project
  implicit any:      auth_admin
  implicit inactive: auth_admin
  implicit active:   yes
### org.freedesktop.packagekit.system-sources-configure
  description:       Change software repository parameters
  message:           Authentication is required to change software repository parameters
  vendor:            The PackageKit Project
  implicit any:      auth_admin
  implicit inactive: auth_admin
  implicit active:   auth_admin_keep
### org.freedesktop.packagekit.system-sources-refresh
  description:       Refresh system repositories
  message:           Authentication is required to refresh the system repositories
  vendor:            The PackageKit Project
  implicit any:      auth_admin
  implicit inactive: yes
  implicit active:   yes
### org.freedesktop.packagekit.system-trust-signing-key
  description:       Trust a key used for signing software
  message:           Authentication is required to consider a key used for signing software as trusted
  vendor:            The PackageKit Project
  implicit any:      auth_admin
  implicit inactive: auth_admin
  implicit active:   auth_admin
### org.freedesktop.packagekit.system-update
  description:       Update software
  message:           Authentication is required to update software
  vendor:            The PackageKit Project
  implicit any:      auth_admin
  implicit inactive: auth_admin
  implicit active:   auth_admin_keep
### org.freedesktop.packagekit.trigger-offline-update
  description:       Trigger offline updates
  message:           Authentication is required to trigger offline updates
  vendor:            The PackageKit Project
  implicit any:      auth_admin
  implicit inactive: auth_admin
  implicit active:   yes
### org.freedesktop.packagekit.trigger-offline-upgrade
  description:       Trigger offline updates
  message:           Authentication is required to trigger offline updates
  vendor:            The PackageKit Project
  implicit any:      auth_admin
  implicit inactive: auth_admin
  implicit active:   auth_admin
### org.freedesktop.packagekit.upgrade-system
  description:       Upgrade System
  message:           Authentication is required to upgrade the operating system
  vendor:            The PackageKit Project
  implicit any:      no
  implicit inactive: no
  implicit active:   auth_admin
### org.freedesktop.udisks2.ata-smart-update
  description:       Update SMART data
  message:           Authentication is required to update SMART data
  vendor:            The Udisks Project
  implicit any:      auth_admin
  implicit inactive: auth_admin
  implicit active:   yes
### org.freedesktop.udisks2.nvme-smart-update
  description:       Update SMART data
  message:           Authentication is required to update SMART data
  vendor:            The Udisks Project
  implicit any:      auth_admin
  implicit inactive: auth_admin
  implicit active:   yes

== root Python/system maintenance units ==
### apt-news.service
Result=success
ExecStart={ path=/usr/bin/python3 ; argv[]=/usr/bin/python3 /usr/lib/ubuntu-advantage/apt_news.py ; ignore_errors=no ; start_time=[n/a] ; stop_time=[n/a] ; pid=0 ; code=(null) ; status=0/0 }
Environment=
PassEnvironment=
WorkingDirectory=
User=
Group=
LoadState=loaded
ActiveState=inactive
SubState=dead
FragmentPath=/usr/lib/systemd/system/apt-news.service
UnitFileState=static
ConditionResult=no
### esm-cache.service
Result=success
ExecStart={ path=/usr/bin/python3 ; argv[]=/usr/bin/python3 /usr/lib/ubuntu-advantage/esm_cache.py ; ignore_errors=no ; start_time=[n/a] ; stop_time=[n/a] ; pid=0 ; code=(null) ; status=0/0 }
Environment=
PassEnvironment=
WorkingDirectory=
User=
Group=
LoadState=loaded
ActiveState=inactive
SubState=dead
FragmentPath=/usr/lib/systemd/system/esm-cache.service
UnitFileState=static
ConditionResult=no
### ua-timer.service
Result=success
ExecStart={ path=/usr/bin/python3 ; argv[]=/usr/bin/python3 /usr/lib/ubuntu-advantage/timer.py ; ignore_errors=no ; start_time=[Sun 2026-05-17 19:49:21 UTC] ; stop_time=[Sun 2026-05-17 19:49:21 UTC] ; pid=61645 ; code=exited ; status=0 }
Environment=
PassEnvironment=
WorkingDirectory=
User=
Group=
LoadState=loaded
ActiveState=inactive
SubState=dead
FragmentPath=/usr/lib/systemd/system/ua-timer.service
UnitFileState=static
ConditionResult=yes
### ubuntu-advantage.service
Result=success
ExecStart={ path=/usr/bin/python3 ; argv[]=/usr/bin/python3 /usr/lib/ubuntu-advantage/daemon.py ; ignore_errors=no ; start_time=[n/a] ; stop_time=[n/a] ; pid=0 ; code=(null) ; status=0/0 }
Environment=
PassEnvironment=
WorkingDirectory=/var/lib/ubuntu-advantage
User=
Group=
LoadState=loaded
ActiveState=inactive
SubState=dead
FragmentPath=/usr/lib/systemd/system/ubuntu-advantage.service
UnitFileState=enabled
ConditionResult=no
### ua-reboot-cmds.service
Result=success
ExecStart={ path=/usr/bin/python3 ; argv[]=/usr/bin/python3 /usr/lib/ubuntu-advantage/reboot_cmds.py ; ignore_errors=no ; start_time=[n/a] ; stop_time=[n/a] ; pid=0 ; code=(null) ; status=0/0 }
Environment=
PassEnvironment=
WorkingDirectory=
User=
Group=
LoadState=loaded
ActiveState=inactive
SubState=dead
FragmentPath=/usr/lib/systemd/system/ua-reboot-cmds.service
UnitFileState=enabled
ConditionResult=no
### update-notifier-download.service
Result=success
ExecStart={ path=/usr/lib/update-notifier/package-data-downloader ; argv[]=/usr/lib/update-notifier/package-data-downloader ; ignore_errors=no ; start_time=[Sun 2026-05-17 19:49:21 UTC] ; stop_time=[Sun 2026-05-17 19:49:22 UTC] ; pid=61649 ; code=exited ; status=0 }
Environment=
PassEnvironment=
WorkingDirectory=
User=
Group=
LoadState=loaded
ActiveState=inactive
SubState=dead
FragmentPath=/usr/lib/systemd/system/update-notifier-download.service
UnitFileState=static
ConditionResult=yes
### update-notifier-motd.service
Result=success
ExecStart={ path=/usr/lib/ubuntu-release-upgrader/release-upgrade-motd ; argv[]=/usr/lib/ubuntu-release-upgrader/release-upgrade-motd ; ignore_errors=no ; start_time=[Sun 2026-05-17 19:49:22 UTC] ; stop_time=[Sun 2026-05-17 19:49:22 UTC] ; pid=61653 ; code=exited ; status=0 }
Environment=
PassEnvironment=
WorkingDirectory=
User=
Group=
LoadState=loaded
ActiveState=inactive
SubState=dead
FragmentPath=/usr/lib/systemd/system/update-notifier-motd.service
UnitFileState=static
ConditionResult=yes
### motd-news.service
Result=success
ExecStart={ path=/etc/update-motd.d/50-motd-news ; argv[]=/etc/update-motd.d/50-motd-news --force ; ignore_errors=no ; start_time=[Sun 2026-05-17 19:49:22 UTC] ; stop_time=[Sun 2026-05-17 19:49:22 UTC] ; pid=61660 ; code=exited ; status=0 }
Environment=
PassEnvironment=
WorkingDirectory=
User=
Group=
LoadState=loaded
ActiveState=inactive
SubState=dead
FragmentPath=/usr/lib/systemd/system/motd-news.service
UnitFileState=static
ConditionResult=yes
### apt-daily.service
Result=success
ExecStart={ path=/usr/lib/apt/apt.systemd.daily ; argv[]=/usr/lib/apt/apt.systemd.daily update ; ignore_errors=no ; start_time=[Sun 2026-05-17 19:49:22 UTC] ; stop_time=[Sun 2026-05-17 19:49:23 UTC] ; pid=61694 ; code=exited ; status=0 }
Environment=
PassEnvironment=
WorkingDirectory=
User=
Group=
LoadState=loaded
ActiveState=inactive
SubState=dead
FragmentPath=/usr/lib/systemd/system/apt-daily.service
UnitFileState=static
ConditionResult=yes
### apt-daily-upgrade.service
Result=success
ExecStart={ path=/usr/lib/apt/apt.systemd.daily ; argv[]=/usr/lib/apt/apt.systemd.daily install ; ignore_errors=no ; start_time=[Sun 2026-05-17 19:49:23 UTC] ; stop_time=[Sun 2026-05-17 19:49:23 UTC] ; pid=61722 ; code=exited ; status=0 }
Environment=
PassEnvironment=
WorkingDirectory=
User=
Group=
LoadState=loaded
ActiveState=inactive
SubState=dead
FragmentPath=/usr/lib/systemd/system/apt-daily-upgrade.service
UnitFileState=static
ConditionResult=yes
### unattended-upgrades.service
Result=success
ExecStart={ path=/usr/share/unattended-upgrades/unattended-upgrade-shutdown ; argv[]=/usr/share/unattended-upgrades/unattended-upgrade-shutdown --wait-for-signal ; ignore_errors=no ; start_time=[n/a] ; stop_time=[n/a] ; pid=0 ; code=(null) ; status=0/0 }
Environment=
PassEnvironment=
WorkingDirectory=
User=
Group=
LoadState=loaded
ActiveState=active
SubState=running
FragmentPath=/usr/lib/systemd/system/unattended-upgrades.service
UnitFileState=enabled
ConditionResult=yes
### apport.service
Result=success
ExecStart={ path=/usr/share/apport/apport ; argv[]=/usr/share/apport/apport --start ; ignore_errors=no ; start_time=[n/a] ; stop_time=[n/a] ; pid=0 ; code=(null) ; status=0/0 }
Environment=
PassEnvironment=
WorkingDirectory=
User=
Group=
LoadState=loaded
ActiveState=inactive
SubState=dead
FragmentPath=/usr/lib/systemd/system/apport.service
UnitFileState=enabled
ConditionResult=no
### apport-autoreport.service
Result=success
ExecStart={ path=/usr/share/apport/whoopsie-upload-all ; argv[]=/usr/share/apport/whoopsie-upload-all --timeout 20 ; ignore_errors=no ; start_time=[n/a] ; stop_time=[n/a] ; pid=0 ; code=(null) ; status=0/0 }
Environment=
PassEnvironment=
WorkingDirectory=
User=
Group=
LoadState=loaded
ActiveState=inactive
SubState=dead
FragmentPath=/usr/lib/systemd/system/apport-autoreport.service
UnitFileState=static
ConditionResult=no
### networkd-dispatcher.service
Result=success
ExecStart={ path=/usr/bin/networkd-dispatcher ; argv[]=/usr/bin/networkd-dispatcher $networkd_dispatcher_args ; ignore_errors=no ; start_time=[n/a] ; stop_time=[n/a] ; pid=0 ; code=(null) ; status=0/0 }
Environment=
PassEnvironment=
WorkingDirectory=
User=
Group=
LoadState=loaded
ActiveState=inactive
SubState=dead
FragmentPath=/usr/lib/systemd/system/networkd-dispatcher.service
UnitFileState=enabled
ConditionResult=no
### packagekit.service
Result=success
ExecStart={ path=/usr/libexec/packagekitd ; argv[]=/usr/libexec/packagekitd ; ignore_errors=no ; start_time=[Sun 2026-05-17 19:46:46 UTC] ; stop_time=[n/a] ; pid=53708 ; code=(null) ; status=0/0 }
Environment=
PassEnvironment=
WorkingDirectory=
User=root
Group=
LoadState=loaded
ActiveState=active
SubState=running
FragmentPath=/usr/lib/systemd/system/packagekit.service
UnitFileState=static
ConditionResult=yes

== executable Python scripts in audited packages ==
/usr/bin/add-apt-repository	software-properties-common
/usr/bin/apport-cli	apport
/usr/bin/apport-unpack	apport
/usr/bin/apt-add-repository	software-properties-common
/usr/bin/do-release-upgrade	ubuntu-release-upgrader-core
/usr/bin/hwe-support-status	update-manager-core
/usr/bin/landscape-sysinfo	landscape-common
/usr/bin/networkd-dispatcher	networkd-dispatcher
/usr/bin/oem-getlogs	apport
/usr/bin/pro	ubuntu-pro-client
/usr/bin/py3clean	python3-minimal
/usr/bin/py3compile	python3-minimal
/usr/bin/py3versions	python3-minimal
/usr/bin/sos	sosreport
/usr/bin/sos-collector	sosreport
/usr/bin/sosreport	sosreport
/usr/bin/ua	ubuntu-pro-client
/usr/bin/ubuntu-advantage	ubuntu-pro-client
/usr/bin/ubuntu-security-status	update-manager-core
/usr/lib/cnf-update-db	command-not-found
/usr/lib/command-not-found	command-not-found
/usr/lib/software-properties/software-properties-dbus	software-properties-common
/usr/lib/ubuntu-advantage/esm_cache.py	ubuntu-pro-client
/usr/lib/ubuntu-advantage/upgrade_lts_contract.py	ubuntu-pro-client
/usr/lib/ubuntu-release-upgrader/check-new-release	ubuntu-release-upgrader-core
/usr/lib/ubuntu-release-upgrader/do-partial-upgrade	ubuntu-release-upgrader-core
/usr/lib/update-notifier/apt-check	update-notifier-common
/usr/lib/update-notifier/apt_check.py	update-notifier-common
/usr/lib/update-notifier/backend_helper.py	update-notifier-common
/usr/lib/update-notifier/list-oem-metapackages	update-notifier-common
/usr/lib/update-notifier/package-data-downloader	update-notifier-common
/usr/sbin/netplan	netplan.io
/usr/share/apport/apport	apport
/usr/share/apport/apport-checkreports	apport
/usr/share/apport/apportcheckresume	apport
/usr/share/apport/dump_acpi_tables.py	apport
/usr/share/apport/gcc_ice_hook	apport
/usr/share/apport/iwlwifi_error_dump	apport
/usr/share/apport/java_uncaught_exception	apport
/usr/share/apport/kernel_crashdump	apport
/usr/share/apport/kernel_oops	apport
/usr/share/apport/package_hook	apport
/usr/share/apport/recoverable_problem	apport
/usr/share/apport/unkillable_shutdown	apport
/usr/share/apport/whoopsie-upload-all	apport

===== code and trust-boundary snippets =====
$ docker exec -i ubuntu24-server-lpe-target bash -s
### /usr/lib/software-properties/software-properties-dbus
-rwxr-xr-x 755 root:root regular file /usr/lib/software-properties/software-properties-dbus
software-properties-common: /usr/lib/software-properties/software-properties-dbus
file: Python script, Unicode text, UTF-8 text executable
#!/usr/bin/env python3
17:# with this program; if not, write to the Free Software Foundation, Inc.,
20:import dbus
21:import locale
22:import logging
23:import os
24:import optparse
25:import sys
27:from gi.repository import GLib
29:from softwareproperties.dbus.SoftwarePropertiesDBus import (
### /usr/lib/python3/dist-packages/softwareproperties/dbus/SoftwarePropertiesDBus.py
-rw-r--r-- 644 root:root regular file /usr/lib/python3/dist-packages/softwareproperties/dbus/SoftwarePropertiesDBus.py
software-properties-common: /usr/lib/python3/dist-packages/softwareproperties/dbus/SoftwarePropertiesDBus.py
file: Python script, Unicode text, UTF-8 text executable
# -*- coding: utf-8 -*-
18:# with this program; if not, write to the Free Software Foundation, Inc.,
21:from gi.repository import GLib
23:import dbus.service
24:import logging
25:import subprocess
26:import tempfile
27:import sys
29:from aptsources.sourceslist import SourceEntry
31:from dbus.mainloop.glib import DBusGMainLoop
32:from softwareproperties.SoftwareProperties import SoftwareProperties
35:DBUS_PATH = '/'
46:class PermissionDeniedByPolicy(dbus.DBusException):
47:    _dbus_error_name = 'com.ubuntu.SoftwareProperties.PermissionDeniedByPolicy'
55:        # used in _check_policykit_priviledge
57:        self.polkit = None
60:        dbus.service.Object.__init__(self, bus_name, DBUS_PATH)
62:        self.enforce_polkit = True
65:    # override set_modified_sourceslist to emit a signal
66:    def save_sourceslist(self):
67:        super(SoftwarePropertiesDBus, self).save_sourceslist()
69:    def write_config(self):
70:        super(SoftwarePropertiesDBus, self).write_config()
76:        """ emit signal when the sources.list got modified """
81:        """ emit signal when the sources.list got modified """
86:        """ emit signal when the apt keys got modified """
91:        """ emit signal when the policykit authentication failed """
102:                         sender_keyword="sender", connection_keyword="conn",
105:        self._check_policykit_privilege(
110:                         sender_keyword="sender", connection_keyword="conn",
113:        self.reload_sourceslist()
117:                         sender_keyword="sender", connection_keyword="conn",
120:        self._check_policykit_privilege(
125:                         sender_keyword="sender", connection_keyword="conn",
128:        self._check_policykit_privilege(
133:                         sender_keyword="sender", connection_keyword="conn",
136:        self._check_policykit_privilege(
141:                         sender_keyword="sender", connection_keyword="conn",
144:        self._check_policykit_privilege(
149:                         sender_keyword="sender", connection_keyword="conn",
152:        self._check_policykit_privilege(
154:        self.enable_source_code_sources()
157:                         sender_keyword="sender", connection_keyword="conn",
160:        self._check_policykit_privilege(
162:        self.disable_source_code_sources()
163:        self.save_sourceslist()
166:                         sender_keyword="sender", connection_keyword="conn",
169:        self._check_policykit_privilege(
174:                         sender_keyword="sender", connection_keyword="conn",
177:        self._check_policykit_privilege(
179:        return self.replace_source_entry(
183:                         sender_keyword="sender", connection_keyword="conn",
186:        self._check_policykit_privilege(
192:                         sender_keyword="sender", connection_keyword="conn",
195:        self._check_policykit_privilege(
201:        tmp = tempfile.NamedTemporaryFile()
211:        p = subprocess.Popen(cmd)
228:        for x in open(tmp.name):
231:            self.sourceslist.list.insert(0, SourceEntry(line))
232:            self.set_modified_sourceslist()
237:                         sender_keyword="sender", connection_keyword="conn",
240:        self._check_policykit_privilege(
245:                         sender_keyword="sender", connection_keyword="conn",
248:        self._check_policykit_privilege(
253:                         sender_keyword="sender", connection_keyword="conn",
255:    def SetReleaseUpgradesPolicy(self, state, sender=None, conn=None):
256:        self._check_policykit_privilege(
261:                         sender_keyword="sender", connection_keyword="conn",
264:        self._check_policykit_privilege(
271:                         sender_keyword="sender", connection_keyword="conn",
274:        self._check_policykit_privilege(
280:                         sender_keyword="sender", connection_keyword="conn",
283:        self._check_policykit_privilege(
290:                         sender_keyword="sender", connection_keyword="conn",
293:        self._check_policykit_privilege(
295:        res = self.add_key(path)
301:                         sender_keyword="sender", connection_keyword="conn",
303:    def AddKeyFromData(self, keyData, sender=None, conn=None):
304:        self._check_policykit_privilege(
306:        res = self.add_key_from_data(keyData)
312:                         sender_keyword="sender", connection_keyword="conn",
314:    def RemoveKey(self, keyid, sender=None, conn=None):
315:        self._check_policykit_privilege(
317:        res = self.remove_key(keyid)
323:                         sender_keyword="sender", connection_keyword="conn",
326:        self._check_policykit_privilege(
328:        res = self.update_keys()
333:    # helper from jockey
334:    def _check_policykit_privilege(self, sender, conn, privilege):
335:        '''Verify that sender has a given PolicyKit privilege.
338:        (sender_keyword in @dbus.service.methods). conn is
339:        the dbus.Connection object (connection_keyword in
340:        @dbus.service.methods). privilege is the PolicyKit privilege string.
343:        PermissionDeniedByPolicy exception.
348:        if not self.enforce_polkit:
359:        # query PolicyKit
360:        if self.polkit is None:
361:            self.polkit = dbus.Interface(dbus.SystemBus().get_object(
362:                'org.freedesktop.PolicyKit1',
363:                '/org/freedesktop/PolicyKit1/Authority', False),
364:                'org.freedesktop.PolicyKit1.Authority')
367:            (is_auth, _, details) = self.polkit.CheckAuthorization(
372:                # polkitd timed out, connect again
373:                self.polkit = None
374:                return self._check_polkit_privilege(sender, conn, privilege)
378:        if not is_auth:
379:            logging.debug('_check_polkit_privilege: sender %s on connection %s pid %i is not authorized for %s: %s' %
382:            raise PermissionDeniedByPolicy(privilege)
### /usr/libexec/netplan/netplan-dbus
-rwxr-xr-x 755 root:root regular file /usr/libexec/netplan/netplan-dbus
netplan.io: /usr/libexec/netplan/netplan-dbus
file: ELF 64-bit LSB pie executable, ARM aarch64, version 1 (SYSV), dynamically linked, interpreter /lib/ld-linux-aarch64.so.1, BuildID[sha1]=d20271dc3cc7f58abf0a4a73b2ade7f4965da091, for GNU/Linux 3.7.0, stripped
g_spawn_close_pid
g_spawn_check_wait_status
_netplan_find_yaml_glob
g_spawn_sync
_netplan_unlink_glob
g_spawn_async_with_pipes
libnetplan.so.1
'netplan try' exited with status: %d
/io/netplan/Netplan/config/%s
io.netplan.Netplan.Config
Another 'netplan try' process is already running
netplan try failed: %s
%s/%s/netplan
--state=%s/run/netplan/config-%s
/usr/sbin/netplan
apply
DBUS_TEST_NETPLAN_CMD
cannot run netplan apply: %s
netplan apply failed: %s
cannot run netplan generate: %s
netplan generate failed: %s
--root-dir=%s/run/netplan/config-%s
cannot run netplan get: %s
netplan get failed: %s
This config was invalidated by another config object
cannot extract config_delta or origin_hint
cannot run netplan set %s: %s
netplan set failed: %s
/{etc,run,lib}/netplan/*.yaml
netplan-try.ready
netplan
cannot run netplan try: %s
cannot watch 'netplan try' child: %s
config-XXXXXX
Failed to add 'config' object: %s
DBUS_TEST_NETPLAN_ROOT
io.netplan.Netplan
/io/netplan/Netplan
dbus-config
generate-just-in-time
generated-supplicant
generate
### /usr/sbin/netplan
-rwxr-xr-x 755 root:root regular file /usr/sbin/netplan
netplan.io: /usr/sbin/netplan
file: Python script, ASCII text executable
#!/usr/bin/python3
20:from netplan_cli import Netplan
### /usr/share/netplan/netplan.script
-rwxr-xr-x 755 root:root regular file /usr/share/netplan/netplan.script
netplan.io: /usr/share/netplan/netplan.script
file: Python script, ASCII text executable
#!/usr/bin/python3
20:from netplan_cli import Netplan
### /usr/lib/python3/dist-packages/netplan/cli/core.py
MISSING
### /usr/lib/cnf-update-db
-rwxr-xr-x 755 root:root regular file /usr/lib/cnf-update-db
command-not-found: /usr/lib/cnf-update-db
file: Python script, ASCII text executable
#!/usr/bin/python3
3:import apt_pkg
4:import glob
5:import logging
6:import os
7:import sys
9:from CommandNotFound.db.creator import DbCreator
10:from CommandNotFound import CommandNotFound
### /usr/lib/python3/dist-packages/CommandNotFound/db/creator.py
-rw-r--r-- 644 root:root regular file /usr/lib/python3/dist-packages/CommandNotFound/db/creator.py
python3-commandnotfound: /usr/lib/python3/dist-packages/CommandNotFound/db/creator.py
file: Python script, ASCII text executable
#!/usr/bin/python3
3:import errno
4:import json
5:import logging
6:import os
7:import sqlite3
8:import subprocess
9:import sys
10:import time
12:import apt_pkg
57:# - do not re-create the DB everytime, only if sources.list changed
95:                con.executescript(create_db_sql)
99:                # tmpdb. Just stop execution in this case, as the other process
110:        os.rename(tmpdb, dbname)
112:        with open(metadata_file, "w") as fp:
118:            with open(metadata_file) as fp:
139:            with subprocess.Popen(["/usr/lib/apt/apt-helper", "cat-file", f], stdout=subprocess.PIPE) as sub:
145:                    raise subprocess.CalledProcessError(returncode=sub.returncode,
152:        already_in_db = con.execute(
161:        con.execute("DELETE FROM packages WHERE pkgID=?", (pkgid,) )
162:        con.execute("DELETE FROM commands WHERE pkgID=?", (pkgid,) )
164:        have_pkg = con.execute(
165:            "SELECT pkgID from packages WHERE name=?", (pkgname,)).fetchone()
170:        cur=con.execute("""
176:        con.execute("""
221:                        logging.debug("skipping %s from %s (lower/same version)" % (command, suite))
223:                logging.debug("adding %s from %s/%s (%s)" % (
276:                        logging.debug("skipping %s from %s (lower/same version)" % (command, suite))
278:                logging.debug("adding %s from %s/%s (%s)" % (
### /usr/lib/ubuntu-advantage/apt_news.py
-rw-r--r-- 644 root:root regular file /usr/lib/ubuntu-advantage/apt_news.py
ubuntu-pro-client: /usr/lib/ubuntu-advantage/apt_news.py
file: Python script, ASCII text executable
#!/usr/bin/python3
3:from datetime import datetime, timedelta, timezone
5:from uaclient import apt, log
6:from uaclient.apt_news import update_apt_news
7:from uaclient.config import UAConfig
### /usr/lib/ubuntu-advantage/esm_cache.py
-rwxr-xr-x 755 root:root regular file /usr/lib/ubuntu-advantage/esm_cache.py
ubuntu-pro-client: /usr/lib/ubuntu-advantage/esm_cache.py
file: Python script, ASCII text executable
#!/usr/bin/env python3
3:import logging
5:from uaclient import log
6:from uaclient.apt import update_esm_caches
7:from uaclient.config import UAConfig
### /usr/lib/ubuntu-advantage/timer.py
-rw-r--r-- 644 root:root regular file /usr/lib/ubuntu-advantage/timer.py
ubuntu-pro-client: /usr/lib/ubuntu-advantage/timer.py
file: Python script, ASCII text executable
"""
5:import logging
6:from datetime import datetime, timedelta, timezone
7:from typing import Callable, Optional
9:from uaclient import http, log
10:from uaclient.config import UAConfig
11:from uaclient.exceptions import (
15:from uaclient.files import machine_token
16:from uaclient.files.state_files import (
21:from uaclient.timer.metering import metering_enabled_resources
22:from uaclient.timer.update_messaging import update_motd_messages
58:            LOG.error("Error executing job %s: %s", self.name, str(e))
114:metering_job = MeteringTimedJob(metering_enabled_resources, METERING_INTERVAL)
151:    # After the jobs are executed it will be recreated with the proper data.
178:    timer_jobs_state_file.write(jobs_status_obj)
### /usr/lib/python3/dist-packages/uaclient/config.py
-rw-r--r-- 644 root:root regular file /usr/lib/python3/dist-packages/uaclient/config.py
ubuntu-pro-client: /usr/lib/python3/dist-packages/uaclient/config.py
file: Python script, ASCII text executable
import copy
1:import copy
2:import logging
3:import os
4:from functools import lru_cache, wraps
5:from typing import Any, Dict, Optional
7:from uaclient import (
17:from uaclient.defaults import (
26:    DEFAULT_DATA_DIR,
28:from uaclient.files import state_files, user_config_file
29:from uaclient.yaml import safe_load
31:LOG = logging.getLogger(util.replace_top_level_logger_name(__name__))
34:    "availableResources": "name",
40:UA_CONFIGURABLE_KEYS = (
57:# Basic schema validation top-level keys for parse_config handling
58:VALID_UA_CONFIG_KEYS = (
96:            self.invalid_keys = None
99:            self.cfg, self.invalid_keys = parse_config(self.cfg_path)
140:        user_config_file.user_config.write(self.user_config)
149:        user_config_file.user_config.write(self.user_config)
158:        user_config_file.user_config.write(self.user_config)
167:        user_config_file.user_config.write(self.user_config)
179:        user_config_file.user_config.write(self.user_config)
203:        user_config_file.user_config.write(self.user_config)
227:        user_config_file.user_config.write(self.user_config)
239:        user_config_file.user_config.write(self.user_config)
251:        user_config_file.user_config.write(self.user_config)
257:        #     2. add this field to UA_CONFIGURABLE_KEYS
266:        user_config_file.user_config.write(self.user_config)
271:        #     1. add this field to UA_CONFIGURABLE_KEYS
280:        user_config_file.user_config.write(self.user_config)
292:        user_config_file.user_config.write(self.user_config)
304:        user_config_file.user_config.write(self.user_config)
318:        user_config_file.user_config.write(self.user_config)
322:        return self.cfg.get("data_dir", DEFAULT_DATA_DIR)
363:                    key=prop, value=value
422:        from uaclient import livepatch
423:        from uaclient.api.u.pro.status.enabled_services.v1 import (
457:        from uaclient.api.u.pro.status.is_attached.v1 import _is_attached
465:            state_files.lxd_pro_config_file.write(
469:    def warn_about_invalid_keys(self):
470:        if self.invalid_keys is not None:
471:            for invalid_key in sorted(self.invalid_keys):
473:                    "Ignoring invalid uaclient.conf key: %s", invalid_key
479:            LOG.warning("Please do the following:")
493:    config_file = os.environ.get("UA_CONFIG_FILE")
504:    Any missing configuration keys will be set to CONFIG_DEFAULTS.
506:    Values are overridden by any environment variable with prefix 'UA_'.
521:    env_keys = {}
522:    for key, value in os.environ.items():
523:        key = key.lower()
524:        if key.startswith("ua_"):
525:            # Strip leading UA_
526:            field_name = key[3:]
528:                # Strip leading UA_FEATURES_
547:            elif key in CONFIG_FIELD_ENVVAR_ALLOWLIST:
548:                env_keys[field_name] = value
549:    cfg.update(env_keys)
552:    for key in ("contract_url", "security_url"):
553:        if not http.is_service_url(cfg[key]):
554:            raise exceptions.InvalidURLConfigValue(key=key, value=cfg[key])
556:    invalid_keys = set(cfg.keys()).difference(VALID_UA_CONFIG_KEYS)
557:    for invalid_key in invalid_keys:
558:        cfg.pop(invalid_key)
560:    return cfg, invalid_keys
563:def apply_config_settings_override(override_key: str):
566:    To identify if we should override the function return, we check
567:    if the config object has the expected override key, we use it
568:    has, we will use the key value as the function return. Otherwise
571:    @param override_key: key to be looked for in the settings_override
572:     entry in the config dict. If that key is present, we will return
581:                override_key, UNSET_SETTINGS_OVERRIDE_KEY
585:                if override_key == "cloud_type":
### /usr/lib/update-notifier/package-data-downloader
-rwxr-xr-x 755 root:root regular file /usr/lib/update-notifier/package-data-downloader
update-notifier-common: /usr/lib/update-notifier/package-data-downloader
file: Python script, ASCII text executable
#!/usr/bin/python3
16:# with this program; if not, write to the Free Software Foundation, Inc.,
19:import glob
20:import os
21:import sys
22:import subprocess
23:import traceback
24:import debian.deb822
25:import string
26:import debconf
27:from datetime import datetime
29:import apt_pkg
32:import socket
52:        with open(file, 'w'):
65:def mark_hook_failed(hook_name, permanent=False):
66:    """Create a stampfile recording that a hook failed
68:    We create separate stampfiles for failed hooks so we can
69:    keep track of how long the hook has been failing and if the failure
73:        filename = hook_name + '.permanent-failure'
75:        filename = hook_name + '.failed'
79:        with open(failure_file, 'w'):
87:        stampfile = hook_name + ext
93:def hook_is_permanently_failed(hook_name):
94:    """Check if this hook has been marked as permanently failing.
98:    failure_file = os.path.join(STAMPDIR, hook_name + '.permanent-failure')
102:def hook_aged_out(hook_name):
103:    """Check if this hook has been failing consistently for >= 3 days"""
105:    failure_file = os.path.join(STAMPDIR, hook_name + '.failed')
107:        hook_date = datetime.fromtimestamp(os.stat(failure_file).st_ctime)
109:        d = cur_time - hook_date
119:def record_failure(hook):
120:    """Record that the named hook has failed"""
121:    if hook_aged_out(hook):
122:        permanent_failures.append(hook)
124:        failures.append(hook)
139:            with open(NOTIFIER_PERMANENT_SOURCE_FILE, 'r',
142:            output_file = open(NOTIFIER_PERMANENT_FILE, 'w', encoding='utf-8')
144:            with open(NOTIFIER_SOURCE_FILE, 'r', encoding='utf-8') as f:
146:            output_file = open(NOTIFIER_FILE, 'w', encoding='utf-8')
155:    output_file.write(
161:def get_hook_file_names():
175:    """Download a URI and checks the given hashsum using apt-helper
182:        with open(dest_file, 'rb') as dest_file_obj:
183:            # apt_pkg can directly hash from file obj, let's use that instead
193:    ret = subprocess.call(
225:    # Iterate through all the available hooks.  If we get a failure
226:    # processing any of them (download failure, checksum failure, or
227:    # failure to run the hook script), record it but continue processing
228:    # the rest of the hooks since some of them may succeed.
229:    for relfile in get_hook_file_names():
236:                hook_date = os.stat(file).st_mtime
238:                if hook_date < stamp_date:
247:        hook = debian.deb822.Deb822()
250:        for para in hook.iter_paragraphs(open(file)):
287:                    result = subprocess.call(command)
289:                        # There's no sense redownloading if the script fails
301:                # The 'script' is always the last stanza
304:            # Not in a 'script' stanza, so we should have some urls
318:    # but we want the whole list of permanently-failing hooks so when
325:                mark_hook_failed(failure, permanent=True)
344:            mark_hook_failed(failure)
### /usr/lib/update-notifier/apt-check
-rwxr-xr-x 755 root:root regular file /usr/lib/update-notifier/apt-check
update-notifier-common: /usr/lib/update-notifier/apt-check
file: Python script, ASCII text executable
#!/usr/bin/python3
6:import apt
7:import apt_pkg
8:import os
9:import sys
10:from optparse import OptionParser
11:import re
12:import gettext
13:import distro_info
17:OS_RELEASE_PATH = "/etc/os-release"
21:def _get_info_from_os_release(key):
22:    " get info directly from os-release file "
23:    if os.path.exists(OS_RELEASE_PATH):
24:        with open(OS_RELEASE_PATH) as f:
26:                r"{}=(?P<name>.*)".format(key),
34:                        key, OS_RELEASE_PATH
40:                OS_RELEASE_PATH
47:    return _get_info_from_os_release(key="UBUNTU_CODENAME")
62:    sys.stderr.write("E: " + _("Unknown Error: '%s' (%s)") % (type, value))
68:    return _get_info_from_os_release(key="VERSION_ID").replace('"', "")
72:    " unmark (clean) all changes from the given depcache "
79:def saveDistUpgrade(cache, depcache):
88:    " check if the given version is a security update (or masks one) "
102:    " check if the given version is a security update (or masks one) "
110:    " check if the given version is an ESM Apps upgrade "
115:    " check if the given version is an ESM Infra upgrade "
119:def write_package_names(outstream, cache, depcache):
120:    " write out package names that change to outstream "
123:    outstream.write("\n".join([p.name for p in pkgs]))
127:    " check if the current distro is ESM or not "
142:    " check if the current distro is LTS or not"
149:        outstream.write("\n")
150:        outstream.write(gettext.dngettext("update-notifier",
165:    outstream.write("\n")
167:        outstream.write("\n")
172:                distro_version.replace(".", "-")
179:        outstream.write(gettext.dngettext("update-notifier",
194:        outstream.write("\n")
195:        outstream.write(gettext.dgettext("update-notifier",
201:        outstream.write("\n")
202:        outstream.write(
211:        outstream.write(gettext.dgettext("update-notifier",
215:        outstream.write(gettext.dgettext("update-notifier",
218:    outstream.write("\n\n")
221:def write_human_readable_summary(outstream, upgrades, security_updates,
228:    " write out human summary summary to outstream "
243:    outstream.write(
257:        outstream.write("\n")
258:        outstream.write(gettext.dngettext("update-notifier",
267:        outstream.write("\n")
268:        outstream.write(gettext.dgettext("update-notifier",
299:    outstream.write("\n")
303:    " check if we have a disabled ESM security update "
321:    " check if we have a disabled ESM Apps security update "
326:    " check if we have a disabled ESM Infra security update "
331:    " check if we have an enabled ESM service in the machine "
347:    for key in apt_pkg.config.keys():
348:        if re.match(r"^Acquire", key) is None:
349:            apt_pkg.config.clear(key)
357:    for key in apt_pkg.config.keys():
358:        apt_pkg.config.clear(key)
384:        sys.stderr.write("E: " + _("Error: Opening the cache (%s)") % e)
394:        sys.stderr.write("E: " + _("Error: BrokenCount > 0"))
399:        saveDistUpgrade(cache, depcache)
401:        sys.stderr.write("E: " + _("Error: Marking the upgrade (%s)") % e)
432:            # check if this is really a upgrade or a false positive
438:            # check for security upgrades
450:            # check to see if the update is a phased one
452:                from UpdateManager.Core.UpdateList import UpdateList
464:            # now check for security updates that are masked by a
465:            # candidate version from another repo (-proposed or -updates)
481:        write_package_names(sys.stderr, cache, depcache)
483:        write_human_readable_summary(sys.stdout, upgrades, security_updates,
492:        sys.stderr.write("%s;%s" % (upgrades, security_updates))
501:    sys.excepthook = _handleException
509:    # check arguments
### /usr/lib/ubuntu-release-upgrader/release-upgrade-motd
-rwxr-xr-x 755 root:root regular file /usr/lib/ubuntu-release-upgrader/release-upgrade-motd
ubuntu-release-upgrader-core: /usr/lib/ubuntu-release-upgrader/release-upgrade-motd
file: POSIX shell script, ASCII text executable
#!/bin/sh -e
31:		/usr/lib/ubuntu-release-upgrader/check-new-release -q > "$stamp" &
39:	/usr/lib/ubuntu-release-upgrader/check-new-release -q > "$stamp" &
### /usr/bin/do-release-upgrade
-rwxr-xr-x 755 root:root regular file /usr/bin/do-release-upgrade
ubuntu-release-upgrader-core: /usr/bin/do-release-upgrade
file: Python script, ASCII text executable
#!/usr/bin/python3
3:from __future__ import print_function
5:import warnings
8:from DistUpgrade.DistUpgradeVersion import VERSION
9:from DistUpgrade.DistUpgradeGettext import gettext as _
11:from UpdateManager.Core.MetaRelease import MetaReleaseCore
12:from optparse import OptionParser
13:import locale
14:import gettext
16:import apt
17:import os
18:import subprocess
19:import sys
20:import time
21:from UpdateManager.Core.utils import init_proxy, get_arch
29:        from DistUpgrade.DistUpgradeFetcher import DistUpgradeFetcherGtk
30:        from DistUpgrade.GtkProgress import GtkAcquireProgress
41:        from DistUpgrade.DistUpgradeFetcherKDE import DistUpgradeFetcherKDE
42:        from DistUpgrade.DistUpgradeFetcherKDE import KDEAcquireProgressAdapter
52:        from DistUpgrade.DistUpgradeFetcherCore import DistUpgradeFetcherCore
53:        import apt
74:  # when run as "check-new-release" we go into "check only" mode
75:  check_only = sys.argv[0].endswith("check-new-release")
91:                            "the upgrader from $distro-proposed"))
101:  parser.add_option ("-c", "--check-dist-upgrade-only", action="store_true",
102:                     default=check_only,
140:  #  check-new-release mode)
167:        print(_("available from the latest supported release."))
180:  if options.check_dist_upgrade_only:
186:  cache.open()
204:    with open('/var/run/reboot-required.pkgs', 'rb') as f:
237:        subprocess.run(['xhost', '+si:localuser:root'])
238:    # this is needed because pkexec doesn't pass on the env
243:    # to do this explicitly with do-release-upgrade because pkexec
252:    os.execv("/usr/bin/pkexec", ["pkexec"] + sys.argv)
### /usr/lib/ubuntu-release-upgrader/do-partial-upgrade
-rwxr-xr-x 755 root:root regular file /usr/lib/ubuntu-release-upgrader/do-partial-upgrade
ubuntu-release-upgrader-core: /usr/lib/ubuntu-release-upgrader/do-partial-upgrade
file: Python script, ASCII text executable
#!/usr/bin/python3
22:#  along with this program; if not, write to the Free Software
26:from __future__ import print_function
28:import os
29:import subprocess
30:import sys
32:from DistUpgrade.DistUpgradeVersion import VERSION
33:from DistUpgrade.DistUpgradeController import DistUpgradeController
34:from DistUpgrade.DistUpgradeConfigParser import DistUpgradeConfig
35:from DistUpgrade.DistUpgradeMain import (
39:import locale
40:import gettext
42:from optparse import OptionParser
63:    # so back then it was safe to try to import the frontend and fallback
64:    # to text if the import failed. this is no longer the case so we need
96:            subprocess.run(['xhost', '+si:localuser:root'])
97:        os.execv("/usr/bin/pkexec", ["pkexec"] + sys.argv)
106:        from gi.repository import Gtk
107:        import gi
109:        Gtk.init_check(sys.argv)
### /usr/share/apport/apport
-rwxr-xr-x 755 root:root regular file /usr/share/apport/apport
apport: /usr/share/apport/apport
file: Python script, ASCII text executable
#!/usr/bin/python3
18:# pylint fails to import the apport module, because it has the same name.
21:# TODO: Address following pylint complaints
24:import argparse
25:import array
26:import atexit
27:import contextlib
28:import errno
29:import fcntl
30:import grp
31:import inspect
32:import io
33:import logging
34:import os
35:import pwd
36:import re
37:import signal
38:import socket
39:import struct
40:import subprocess
41:import sys
42:import time
43:import traceback
44:import typing
45:from collections.abc import Callable
47:import apport.fileutils
48:import apport.report
49:from apport.user_group import UserGroupID
50:from problem_report import CompressedFile
69:            self.fd = os.open(self.path, os.O_RDONLY | os.O_PATH | os.O_DIRECTORY)
71:            raise ProcPidNotFoundError(*error.args, error.filename) from error
80:        return os.open(path, flags, dir_fd=self.fd)
93:        """Check that the process ID matches the PID from the given pidfd.
96:        process ID from the pidfd will be -1 and thus this function
102:    def open(self, file: str) -> io.TextIOWrapper:
105:        return open(file, encoding="utf-8", opener=self._opener)
112:        """Get the status of a file or a file descriptor relative to /proc/<pid>."""
117:    """Get the associated pid from the pid file descriptor.
122:    with open(f"/proc/self/fdinfo/{pidfd}", "rb") as fdinfo_file:
130:def check_lock():
139:        fd = os.open(
140:            os.environ.get("APPORT_LOCK_FILE", "/var/run/apport.lock"),
171:        proc_pid.pid, options.executable_path, real_user.uid, timestamp, proc_pid.fd
184:    with proc_pid.open("status") as status_file:
196:    with proc_pid.open("stat") as stat_file:
204:    with open(f"/proc/{os.getpid()}/stat", encoding="utf-8") as stat_file:
235:    log = os.environ.get("APPORT_LOG_FILE", "/var/log/apport.log")
237:        f = os.open(log, os.O_WRONLY | os.O_CREAT | os.O_APPEND, 0o600)
238:    except OSError:  # on a permission error, don't touch stderr
244:        os.chown(log, -1, admgid)
245:        os.chmod(log, 0o640)
249:    sys.stderr = io.TextIOWrapper(os.fdopen(2, "wb"))
280:def write_user_coredump(
293:    # limit == 0: do not write anything
294:    # limit < 0: unlimited, write out everything
300:    cwd = os.open("cwd", os.O_RDONLY | os.O_PATH | os.O_DIRECTORY, dir_fd=proc_pid.fd)
305:        core_file = os.open(
328:        os.write(core_file, r["CoreDump"])
345:            if os.write(core_file, block) != size:
346:                logger.error("aborting core dump writing, could not write")
353:    os.fchown(core_file, report_owner.uid, -1)
363:    with open("/proc/meminfo", "rb") as f:
368:    writeback = int(r["Writeback"].split()[0])
370:    return (memfree + cached - writeback) * 1024
376:    """Run command like subprocess.run() but with output limit and timeout.
384:    process = subprocess.Popen(
386:        stdout=subprocess.PIPE,
387:        stderr=subprocess.PIPE,
444:    # uid/gid as gdbus has a check to make sure it's not running in a
494:        with proc_pid.open("cgroup") as f:
502:        journalctl = subprocess.run(
511:            check=False,
512:            stdout=subprocess.PIPE,
517:            "cannot determine if this crash is from systemd watchdog: %s", error
536:    # check to see if the process is part of the system.slice (LP: #1870060)
538:        with proc_pid.open("cgroup") as cgroup:
555:    If the crash came from a container, don't attempt to handle
575:        sock_fd = os.open(
576:            "root/run/apport.socket", os.O_RDONLY | os.O_PATH, dir_fd=proc_pid.fd
587:        with proc_pid.open("uid_map") as fd:
602:        with proc_pid.open("uid_map") as fd:
614:        with proc_pid.open("gid_map") as fd:
668:def check_kernel_crash() -> None:
673:            subprocess.run(["/usr/share/apport/kernel_crashdump"], check=False)
684:        os.chmod(path, mode)
687:def write_to_proc_sys(path: str, value: str) -> None:
689:    with open(os.path.join("/proc/sys", path), "w", encoding="utf-8") as proc:
690:        proc.write(value)
696:    write_to_proc_sys(
700:    write_to_proc_sys("fs/suid_dumpable", "2")
701:    write_to_proc_sys("kernel/core_pipe_limit", "10")
702:    check_kernel_crash()
707:    write_to_proc_sys("kernel/core_pipe_limit", "0")
708:    write_to_proc_sys("fs/suid_dumpable", "0")
709:    write_to_proc_sys("kernel/core_pattern", "core")
727:    parser.add_argument("executable_path", nargs="*", help="path of executable (%%E)")
732:        help="Read crash information from systemd-coredump",
745:            parser.error("the following arguments are required: -p/--pid")
747:            parser.error("the following arguments are required: -d/--dump-mode")
749:    # In kernels before 5.3.0, an executable path with spaces may be split
750:    # into separate arguments. If options.executable_path is a list, join
752:    if isinstance(options.executable_path, list):
753:        options.executable_path = " ".join(options.executable_path)
754:    options.executable_path = options.executable_path.replace("!", "/")
755:    # consistency check to prevent trickery later on
756:    if "../" in options.executable_path:
757:        options.executable_path = None
762:def _check_global_pid_and_forward(
772:    from another PID namespace. Simply log an entry in the host error
788:        # If it doesn't look like the crash originated from within a full
841:    """Receive arguments from the host via a socket."""
844:        from systemd.daemon import listen_fds
876:    sys.stdin = os.fdopen(int(fds[0]), "r")
885:            "Received a bad number of arguments from forwarder,"
900:        executable_path=None,
907:def consistency_checks(
913:    """Run consistency checks and return True if all pass."""
916:    # Consistency check to make sure the process wasn't replaced after the
918:    # adequate security check.
921:        logger.error("process was replaced after Apport started, ignoring")
925:    # if available, if not, it may have been replaced
931:    # check if the executable was modified after the process started (e. g.
939:        logger.error("executable was modified after program start, ignoring")
969:                    "The process %i has already been replaced by a new process"
1013:    check_lock()
1018:    if not consistency_checks(options, process_start, proc_pid, real_user):
1021:    if _check_global_pid_and_forward(options, proc_pid):
1044:        write_user_coredump(core_path, core_ulimit, proc_pid, report_owner, coredump_fd)
1053:    # read binary data from stdio
1057:    # scripts, etc).
1058:    if options.executable_path is not None and os.path.exists(options.executable_path):
1059:        info["ExecutablePath"] = options.executable_path
1063:    # Do not check closing session for root processes
1086:    def _write_coredump_callback(from_report: typing.BinaryIO | None = None) -> None:
1087:        write_user_coredump(
1091:    result = process_crash(info, real_user, report_owner, _write_coredump_callback)
1104:    write_coredump_callback: Callable[[typing.BinaryIO | None], None] | None = None,
1113:        f"/{info['ExecutablePath'].replace('/', '_')}.{real_user.uid}.crash"
1124:            'script: %s, interpreted by %s (command line "%s")',
1131:            'executable: %s (command line "%s")',
1139:            logger.error("executable does not belong to a package, ignoring")
### /usr/share/apport/whoopsie-upload-all
-rwxr-xr-x 755 root:root regular file /usr/share/apport/whoopsie-upload-all
apport: /usr/share/apport/whoopsie-upload-all
file: Python script, ASCII text executable
#!/usr/bin/python3
16:# TODO: Address following pylint complaints
19:import argparse
20:import errno
21:import fcntl
22:import logging
23:import os
24:import stat
25:import subprocess
26:import sys
27:import time
28:import zlib
30:import apport
31:import apport.fileutils
32:from problem_report import MalformedProblemReport
41:    errors.ubuntu.com does not collect any hook data anyway, so we do not need
74:    # make sure we're actually on the hook to write this updated report
77:        with open(report, "rb") as f:
86:        sys.stderr.write(f"ERROR: cannot load {report}: {str(error)}\n")
99:            sys.stderr.write(
103:        # add information from package specific hooks
105:            r.add_hooks_info()
107:            sys.stderr.write(
108:                f"WARNING: hook failed for processing {report}: {str(error)}\n"
116:            # Calling add_gdb_info raises ENOENT if the crash's executable
120:                sys.stderr.write(f"ERROR: processing {report}: {str(error)}\n")
125:        # write updated report, we use os.open and os.fdopen as
127:        # make sure the file isn't a FIFO or symlink
129:            fd = os.open(report, os.O_NOFOLLOW | os.O_WRONLY | os.O_NONBLOCK)
135:            with os.fdopen(fd, "wb") as f:
136:                os.fchmod(fd, 0)
137:                r.write(f)
138:                os.fchmod(fd, 0o640)
144:    os.chown(upload_stamp, report_stat.st_uid, report_stat.st_gid)
154:        sys.stderr.write(
198:        description="Noninteractively upload all "
219:        subprocess.call(
220:            ["/bin/systemctl", "--quiet", "is-enabled", "whoopsie.path"],
221:            stdout=subprocess.PIPE,
### /usr/lib/python3/dist-packages/apport/report.py
-rw-r--r-- 644 root:root regular file /usr/lib/python3/dist-packages/apport/report.py
python3-apport: /usr/lib/python3/dist-packages/apport/report.py
file: Python script, ASCII text executable
"""Representation of and data collection for a problem report."""
13:# TODO: Address following pylint complaints
16:import atexit
17:import datetime
18:import errno
19:import fnmatch
20:import glob
21:import grp
22:import importlib.util
23:import io
24:import logging
25:import os
26:import pathlib
27:import pwd
28:import re
29:import shutil
30:import signal
31:import stat
32:import subprocess
33:import sys
34:import tempfile
35:import time
36:import traceback
37:import urllib.error
38:import urllib.parse
39:import urllib.request
40:import xml.dom
41:import xml.dom.minidom
42:import xml.parsers.expat
43:from collections.abc import Iterable, Iterator
45:import apport.fileutils
46:import apport.logging
47:import problem_report
48:from apport.hookutils import kill_pkttyagent
49:from apport.packaging_impl import impl as packaging
50:from apport.ui import HookUI, NoninteractiveHookUI
52:_data_dir = os.environ.get("APPORT_DATA_DIR", "/usr/share/apport")
53:GENERAL_HOOK_DIR = f"{_data_dir}/general-hooks/"
54:PACKAGE_HOOK_DIR = f"{_data_dir}/package-hooks/"
58:_ignore_file = os.environ.get("APPORT_IGNORE_FILE", "~/.apport-ignore.xml")
103:                with list_file.open(encoding="utf-8") as fd:
136:            proc_file = os.open(path, os.O_RDONLY | os.O_CLOEXEC, dir_fd=dir_fd)
138:        with io.open(proc_file, "rb") as fd:
139:            return fd.read().strip().decode("UTF-8", errors="replace")
153:        with open(
155:            opener=lambda path, mode: os.open(path, mode, dir_fd=proc_pid_fd),
169:    Try to execute given command (argv list) and return its stdout, or return
175:        sp = subprocess.run(
177:            check=False,
180:            errors="replace",
181:            stdout=subprocess.PIPE,
182:            stderr=subprocess.STDOUT,
185:    except subprocess.TimeoutExpired as error:
193:        ) from error
202:def _check_bug_pattern(report, pattern):
214:                key = c.attributes["key"].nodeValue
217:            if key not in report:
222:                v = report[key]
238:def _check_bug_patterns(report, patterns):
245:        url = _check_bug_pattern(report, pattern)
253:    """Recursively remove whitespace from given XML DOM node."""
262:def _run_hook(report, ui, hook):
263:    if not os.path.exists(hook):
268:        with open(hook, encoding="utf-8") as fd:
269:            # legacy, pylint: disable=exec-used
270:            exec(compile(fd.read(), hook, "exec"), symb)
275:                # older versions of apport did not pass UI, and hooks that
283:        hookname = os.path.splitext(os.path.basename(hook))[0].replace("-", "_")
284:        report["HookError_" + hookname] = traceback.format_exc()
285:        apport.logging.error("hook %s crashed:", hook)
295:        path = os.pathsep.join([extra_path, os.environ.get("PATH", "")])
304:        """Anonymize PATH environment variable if present."""
305:        path = self.get("PATH")
312:            del self["PATH"]
313:        elif "/home" in path or "/tmp" in path:
314:            self["PATH"] = "(custom, user)"
316:            self["PATH"] = "(custom, no user)"
318:    def anonymize_vars(self, keys: Iterable[str]) -> None:
320:        for key in keys:
321:            if key in self:
322:                self[key] = "<set>"
326:        """Read environment variables from text representation.
354:        self.pid, so that e. g. hooks can use it to collect additional data.
389:        This also checks for any modified files.
434:          pre-dependencies; this also checks if the files are unmodified and
438:            # the kernel does not have a executable path but a package
481:        import yaml  # pylint: disable=import-outside-toplevel
483:        with open(f"/snap/{snapname}/current/meta/snap.yaml", encoding="utf-8") as f:
508:        (e.g. 'ubuntu/+source/gnome-calculator') from snap 'contact'.
534:        - DistroRelease: NAME and VERSION from /etc/os-release, or
574:    def _check_interpreted(self) -> None:
577:        """Check if process is a script.
580:        process is an interpreted script. If so, set InterpreterPath
588:        # check if we consider ExecutablePath an interpreter; we have to do
589:        # this, otherwise 'gedit /tmp/foo.txt' would be detected as interpreted
590:        # script as well
612:            # check for -m
626:        # catch scripts explicitly called with interpreter
635:        # catch directly executed scripts
645:        # special case: crashes from twistd are usually the fault of the
652:            exe = self._twistd_executable()
658:    def _twistd_executable(self) -> str | None:
659:        """Determine the twistd client program from ProcCmdline."""
706:        This adds the following fields:
708:          interpreted, this contains the script path instead
710:          interpreted; otherwise this key does not exist
730:                proc_pid_fd = os.open(
731:                    f"/proc/{pid}", os.O_RDONLY | os.O_PATH | os.O_DIRECTORY
734:                raise ValueError("not accessible") from error
737:                    raise ValueError("invalid process") from error
752:                raise ValueError("not accessible") from error
755:                    raise ValueError("invalid process") from error
764:        # check if we have an interpreted program
765:        self._check_interpreted()
767:        self._add_executable_timestamp()
769:        # make ProcCmdline ASCII friendly, do shell escaping
772:            .replace("\\", "\\\\")
773:            .replace(" ", "\\ ")
774:            .replace("\0", " ")
789:    def _add_executable_timestamp(self) -> None:
802:        This adds the following fields:
811:            proc_pid_fd = os.open(
812:                f"/proc/{pid}", os.O_RDONLY | os.O_PATH | os.O_DIRECTORY
825:        anonymize_vars = {"LD_LIBRARY_PATH", "LD_PRELOAD", "XDG_RUNTIME_DIR"}
843:            "LOCPATH",
844:            "PATH",
856:                f"{key}=" + value.replace("\n", "\\n")
857:                for key, value in sorted(environ.items())
858:                if key in safe_vars
863:        """Add information from kernel crash.
873:                (fd, core) = tempfile.mkstemp()
874:                os.write(fd, self["VmCore"])
880:                crash = subprocess.run(
882:                    check=False,
884:                    stdout=subprocess.PIPE,
885:                    stderr=subprocess.STDOUT,
903:        """Add information from gdb.
906:        ExecutablePath. This adds the following fields:
917:        executable, libraries, and debug symbols. This does not require
923:        executable cannot be found.
938:        environ["HOME"] = "/nonexistent"
### /usr/lib/python3/dist-packages/apport/hookutils.py
-rw-r--r-- 644 root:root regular file /usr/lib/python3/dist-packages/apport/hookutils.py
python3-apport: /usr/lib/python3/dist-packages/apport/hookutils.py
file: Python script, ASCII text executable
"""Convenience functions for use in package hooks."""
1:"""Convenience functions for use in package hooks."""
16:# TODO: Address following pylint complaints
19:import base64
20:import datetime
21:import glob
22:import json
23:import os
24:import re
25:import select
26:import shutil
27:import stat
28:import subprocess
29:import sys
30:import tempfile
31:import warnings
33:import apport.fileutils
34:from apport.packaging_impl import impl as packaging
35:from problem_report import ProblemReport
37:_invalid_key_chars_re = re.compile(r"[^0-9a-zA-Z_.-]")
41:def path_to_key(path):
42:    """Generate a valid report key name from a file path.
44:    This will replace invalid punctuation symbols with valid ones.
48:    return _invalid_key_chars_re.sub(".", path.replace(" ", "_"))
51:def attach_file_if_exists(report, path, key=None, overwrite=True, force_unicode=False):
54:    If key is not specified, the key name will be derived from the file
55:    name with path_to_key().
57:    If overwrite is True, an existing key will be updated. If it is False, a
58:    new key with '_' appended will be added instead.
68:    if not key:
69:        key = path_to_key(path)
72:        attach_file(report, path, key, overwrite, force_unicode)
90:        fd = os.open(path, os.O_NOFOLLOW | os.O_RDONLY | os.O_NONBLOCK)
92:        # make sure there are no symlinks in the full path
96:            return "Error: path contained symlinks."
97:        # make sure the file isn't a FIFO or symlink
99:            with os.fdopen(fd, "rb") as f:
105:            return contents.decode("UTF-8", errors="replace")
114:def attach_file(report, path, key=None, overwrite=True, force_unicode=False):
117:    If key is not specified, the key name will be derived from the file
118:    name with path_to_key().
120:    If overwrite is True, an existing key will be updated. If it is False, a
121:    new key with '_' appended will be added instead.
126:    if not key:
127:        key = path_to_key(path)
129:    # Do not clobber existing keys
130:    if not overwrite:
131:        while key in report:
132:            key += "_"
133:    report[key] = read_file(path, force_unicode=force_unicode)
149:        key = f"modified.conffile.{path_to_key(path)}"
153:            report[key] = contents
162:                report[key] = contents
164:                report[key] = "[modified]"
166:            report[key] = "[modified]"
169:        report[f"mtime.conffile.{path_to_key(path)}"] = mtime.isoformat()
176:        "apport.hookutils.attach_upstart_overrides() is obsolete."
187:        "apport.hookutils.attach_upstart_logs() is obsolete."
195:    """Attach information from the kernel ring buffer (dmesg).
197:    This will not overwrite already existing information.
221:                report[f"dmi.{f.replace('_', '.')}"] = value
243:    - devices from udev
244:    - DMI information from /sys
309:        with open("/proc/asound/cards", encoding="utf-8") as fd:
316:        key = f"Card{card}.Amixer.info"
317:        report[key] = command_output(["amixer", "-c", str(card), "info"])
318:        key = f"Card{card}.Amixer.values"
319:        report[key] = command_output(["amixer", "-c", str(card)])
324:                key = f"Card{card}.Codecs.{path_to_key(codec)}"
325:                attach_file(report, codecpath, key=key)
330:                    key = (
332:                        f".{path_to_key(codec)}.{path_to_key(name)}"
334:                    attach_file(report, path, key)
368:    """Is given command on the executable search path?"""
369:    if "PATH" not in os.environ:
371:    path = os.environ["PATH"]
384:    stderr=subprocess.STDOUT,
388:    """Try to execute given command (list) and return its stdout.
400:        sp = subprocess.run(
402:            check=False,
404:            stdout=subprocess.PIPE,
424:        res = res.decode("UTF-8", errors="replace")
446:    _AGENT = subprocess.Popen(
449:        stdin=subprocess.PIPE,
450:        stdout=subprocess.PIPE,
466:    """Kill pkttyagent (from PolicyKit) if it was started by Apport."""
480:    if os.path.exists("/usr/bin/pkexec"):
482:        return ["pkexec"]
483:    # the package hook won't have everything it wanted but that's okay
488:    command, input=None, stderr=subprocess.STDOUT, decode_utf8=True
490:    """Try to execute given command (list) as root and return its stdout.
492:    This passes the command through pkexec, unless the caller is already root.
513:    command_map is a keyname -> 'shell command' dictionary with the commands to
514:    run. They are all run through /bin/sh, so you need to take care of shell
518:    Just like root_command_output, this passes the command through pkexec,
525:        os.path.abspath(os.environ.get("APPORT_DATA_DIR", "/usr/share/apport")),
528:    workdir = tempfile.mkdtemp()
530:        # create a shell script with all the commands
531:        script_path = os.path.join(workdir, ":script:")
532:        with open(script_path, "w", encoding="utf-8") as script:
533:            for keyname, command in command_map.items():
536:                ), "command must be a string (shell command)"
539:                script.write(f"{command} | cat > {os.path.join(workdir, keyname)}\n")
541:        # run script
542:        subprocess.run(
543:            _root_command_prefix() + [wrapper_path, script_path], check=False
547:        for keyname in command_map:
549:                with open(os.path.join(workdir, keyname), "rb") as f:
552:                # this can happen if the user dismisses authorization in
561:                report[keyname] = buf
572:            line = line.decode("UTF-8", errors="replace")
577:        line = line.decode("UTF-8", errors="replace")
592:    are read from there instead.
594:    extracted when reading from the systemd journal. If set to True (the
595:    default), only messages from the system services are extracted. If set to
608:    with subprocess.Popen(command, stdout=subprocess.PIPE) as process:
613:    """Extract messages from ~/.xsession-errors.
638:    with open(path, "rb") as f:
640:            line = line.decode("UTF-8", errors="replace")
673:                key, value = line.split(":", 1)
677:            key = key.strip()
678:            if key == "Class":
681:            elif key == "Slot":
711:    # keeping a no-op function for some time to not break hooks
715:    """Attach user-modified gsettings keys of a schema."""
718:    defaults = {}  # schema -> key ->  value
720:    env["XDG_CONFIG_HOME"] = "/nonexisting"
721:    with subprocess.Popen(
722:        ["gsettings", "list-recursively", schema], env=env, stdout=subprocess.PIPE
726:                (schema_name, key, value) = line.split(None, 2)
730:            defaults.setdefault(schema_name, {})[key] = value
732:    with subprocess.Popen(
733:        ["gsettings", "list-recursively", schema], stdout=subprocess.PIPE
737:                (schema_name, key, value) = line.split(None, 2)
742:            if value != defaults.get(schema_name, {}).get(key, ""):
743:                if schema_name == b"org.gnome.shell" and key in {
748:                cur_value += f"{schema_name} {key} {value}\n"
754:    """Attach user-modified gsettings keys of all schemas in a package."""
789:    attach_file_if_exists(report, "/etc/network/interfaces", key="IfupdownConfig")
808:            "Encryption key:(.*)",
809:            "Encryption key: <hidden>",
### /usr/bin/networkd-dispatcher
-rwxr-xr-x 755 root:root regular file /usr/bin/networkd-dispatcher
networkd-dispatcher: /usr/bin/networkd-dispatcher
file: Python script, ASCII text executable
#! /usr/bin/python3
10:from __future__ import print_function, division, generators, unicode_literals
12:import argparse
13:import collections
14:import errno
15:import json
16:import logging
17:import os
18:import pathlib
19:import re
20:import socket
21:import subprocess
22:import sys
24:# Try to import the dynamic glib, or try to fall back to static
26:    from gi.repository import GLib as glib  # pragma: no cover
28:    import glib                             # pragma: no cover
30:import dbus
31:import dbus.mainloop.glib
38:    for dirname in os.environ['PATH'].split(':'):
58:# taken from https://www.freedesktop.org/software/systemd/man/networkctl.html
75:    """Remove escape characters from iwconfig ESSID output"""
87:    """Update the mapping from interface index numbers to state"""
89:        out = subprocess.check_output([NETWORKCTL, 'list', '--no-pager',
91:    except subprocess.CalledProcessError as e:
97:        fields = line.decode('utf-8', errors='replace').split()
104:    """Return a dictionary mapping keys to lists (or strings if
108:        out = subprocess.check_output([NETWORKCTL, 'status', '--no-pager',
111:    except subprocess.CalledProcessError as e:
115:    out = out.decode('utf-8', errors='replace')
149:    out = subprocess.check_output([IW, iface_name, 'link'])
150:    lines = out.decode('utf-8', errors='replace').split('\n')
161:    out = subprocess.check_output([IWCONFIG, '--', iface_name])
162:    line = out.split(b'\n', maxsplit=1)[0].decode('utf-8', errors='replace')
167:def check_perms(path, mode=0o755, uid=0, gid=0):
169:    owned by the given uid/gid. Symlinks are *not* followed. Raises
174:    st = os.stat(path, follow_symlinks=False)
179:    logger.error("invalid permissions on %s. expected mode=%s, uid=%d, "
185:def scripts_in_path(path, subdir):
186:    """Given directory names in PATH notation (separated by :), and a
187:    subdirectory name, return a sorted list of executables
188:    contained in that subdirectory, such that executables in earlier
191:    script_list = []
209:                    # perms, without following any symlinks
210:                    if not check_perms(os.path.dirname(pathname),
214:                    # Make sure file has correct perms, after following any
215:                    # symlink(s)
216:                    if not check_perms(realpath, 0o755, 0, 0):
221:                script_list.append(pathname)
224:    return script_list
245:    hooks for the given interface"""
265:    def __init__(self, script_dir=DEFAULT_SCRIPT_DIR):
266:        self.script_dir = script_dir
283:        """Register this dispatcher to handle events from the given bus"""
289:                                path_keyword='path')
292:        """Immediately invoke all scripts for the last known (or initial)
294:        logger.info('Triggering scripts for last-known state for all'
310:    def get_scripts_list(self, state):
311:        """Return scripts for the given state"""
312:        return scripts_in_path(self.script_dir, state + ".d")
332:            new_iface = prior_iface._replace(**{state_type: state})
335:            self.run_hooks_for_state(new_iface, state)
356:    def run_hooks_for_state(self, iface, state):
357:        """Run all hooks associated with a given state"""
359:        script_list = self.get_scripts_list(state)
360:        if not script_list:
369:        # Set script env. variables
370:        script_env = dict(os.environ)
371:        script_env.update({
380:            'json': json.dumps(data, sort_keys=True),
383:        # run all valid scripts in the list
385:                     'with environment %r', iface, state, script_env)
386:        for script in script_list:
387:            logger.info('Invoking %r for interface %s', script, iface.name)
388:            ret = subprocess.Popen(script, env=script_env).wait()
390:                logger.warning('Exit status %r from script %r invoked with '
391:                               'environment %r', ret, script, script_env)
459:        # each 'key=val' combo in the dictionary is separated by a \n
460:        state_str = '\n'.join([f"{key}={val}" for (key, val)
487:    """Parses arguments from command line"""
488:    ap = argparse.ArgumentParser(description='networkd dispatcher daemon')
489:    ap.add_argument('-S', '--script-dir', action='store',
491:                    help='Location under which to look for scripts [default: '
526:    dispatcher = Dispatcher(script_dir=args.script_dir)

== audited directory permissions ==
drwxr-xr-x 755 root:root directory /usr/lib/software-properties -> '/usr/lib/software-properties'
drwxr-xr-x 755 root:root directory /usr/lib/python3/dist-packages/softwareproperties -> '/usr/lib/python3/dist-packages/softwareproperties'
drwxr-xr-x 755 root:root directory /usr/lib/netplan -> '/usr/lib/netplan'
drwxr-xr-x 755 root:root directory /usr/lib/python3/dist-packages/netplan -> '/usr/lib/python3/dist-packages/netplan'
drwxr-xr-x 755 root:root directory /usr/lib/python3/dist-packages/CommandNotFound -> '/usr/lib/python3/dist-packages/CommandNotFound'
drwxr-xr-x 755 root:root directory /usr/lib/ubuntu-advantage -> '/usr/lib/ubuntu-advantage'
drwxr-xr-x 755 root:root directory /usr/lib/python3/dist-packages/uaclient -> '/usr/lib/python3/dist-packages/uaclient'
drwxr-xr-x 755 root:root directory /usr/lib/update-notifier -> '/usr/lib/update-notifier'
drwxr-xr-x 755 root:root directory /usr/lib/python3/dist-packages/UpdateManager -> '/usr/lib/python3/dist-packages/UpdateManager'
drwxr-xr-x 755 root:root directory /usr/lib/ubuntu-release-upgrader -> '/usr/lib/ubuntu-release-upgrader'
drwxr-xr-x 755 root:root directory /usr/lib/python3/dist-packages/DistUpgrade -> '/usr/lib/python3/dist-packages/DistUpgrade'
drwxr-xr-x 755 root:root directory /usr/share/apport -> '/usr/share/apport'
drwxr-xr-x 755 root:root directory /usr/share/apport/package-hooks -> '/usr/share/apport/package-hooks'
drwxr-xr-x 755 root:root directory /usr/share/apport/general-hooks -> '/usr/share/apport/general-hooks'
drwxr-xr-x 755 root:root directory /usr/lib/python3/dist-packages/apport -> '/usr/lib/python3/dist-packages/apport'
drwxr-xr-x 755 root:root directory /usr/share/package-data-downloads -> '/usr/share/package-data-downloads'
drwxr-xr-x 755 root:root directory /etc/update-manager -> '/etc/update-manager'
drwxr-xr-x 755 root:root directory /etc/ubuntu-advantage -> '/etc/ubuntu-advantage'
drwxr-xr-x 755 root:root directory /var/lib/ubuntu-advantage -> '/var/lib/ubuntu-advantage'
drwxr-xr-x 755 root:root directory /var/lib/update-notifier -> '/var/lib/update-notifier'
drwxr-xr-x 755 root:root directory /var/lib/command-not-found -> '/var/lib/command-not-found'
drwxr-xr-x 755 root:root directory /etc/netplan -> '/etc/netplan'
MISSING /run/netplan
srw------- 600 root:root socket /run/apport.socket -> '/run/apport.socket'
drwxrwsrwt 3777 root:root directory /var/crash -> '/var/crash'
drwxr-xr-x 755 root:root directory /etc/apt/apt.conf.d -> '/etc/apt/apt.conf.d'
drwxr-xr-x 755 root:root directory /etc/apt/sources.list.d -> '/etc/apt/sources.list.d'
drwxr-xr-x 755 root:root directory /var/lib/apt/lists -> '/var/lib/apt/lists'
drwxr-xr-x 755 root:root directory /var/cache/swcatalog -> '/var/cache/swcatalog'
drwxr-xr-x 755 root:root directory /etc/networkd-dispatcher -> '/etc/networkd-dispatcher'
drwxr-xr-x 755 root:root directory /usr/lib/networkd-dispatcher -> '/usr/lib/networkd-dispatcher'
drwxr-xr-x 755 root:root directory /etc/update-motd.d -> '/etc/update-motd.d'
-rw-r--r-- 644 root:root regular file /var/cache/motd-news -> '/var/cache/motd-news'
drwxr-xr-x 755 landscape:landscape directory /var/lib/landscape -> '/var/lib/landscape'

== world/group writable entries under audited roots ==
drwxrwsrwt root:root /var/crash -> 

== uid1001 writability over audited roots ==
NO_W /usr/lib/software-properties
NO_W /usr/lib/python3/dist-packages/softwareproperties
NO_W /usr/lib/netplan
NO_W /usr/lib/python3/dist-packages/netplan
NO_W /usr/lib/python3/dist-packages/CommandNotFound
NO_W /usr/lib/ubuntu-advantage
NO_W /usr/lib/python3/dist-packages/uaclient
NO_W /usr/lib/update-notifier
NO_W /usr/lib/ubuntu-release-upgrader
NO_W /usr/lib/python3/dist-packages/DistUpgrade
NO_W /usr/share/apport
NO_W /usr/share/apport/package-hooks
NO_W /usr/share/apport/general-hooks
NO_W /usr/share/package-data-downloads
NO_W /etc/update-manager
NO_W /etc/ubuntu-advantage
NO_W /var/lib/ubuntu-advantage
NO_W /var/lib/update-notifier
NO_W /var/lib/command-not-found
NO_W /etc/netplan
MISSING /run/netplan
W /var/crash
NO_W /etc/apt/apt.conf.d
NO_W /etc/apt/sources.list.d
NO_W /var/lib/apt/lists
NO_W /var/cache/swcatalog
NO_W /etc/networkd-dispatcher
NO_W /usr/lib/networkd-dispatcher
NO_W /etc/update-motd.d
NO_W /var/cache/motd-news
NO_W /var/lib/landscape

===== plant uid1001 PATH, Python, APPORT_DATA_DIR, APT_CONFIG, and symlink payloads =====
$ docker exec -i ubuntu24-server-lpe-target runuser -u attacker -- bash -s
/home/attacker/root_python_dbus_current_deep/apport-data/general-hooks/root_python_dbus_current_deep.py
/home/attacker/root_python_dbus_current_deep/apt/apt.conf
/home/attacker/root_python_dbus_current_deep/bin/appstreamcli
/home/attacker/root_python_dbus_current_deep/bin/apt
/home/attacker/root_python_dbus_current_deep/bin/apt-config
/home/attacker/root_python_dbus_current_deep/bin/apt-get
/home/attacker/root_python_dbus_current_deep/bin/awk
/home/attacker/root_python_dbus_current_deep/bin/basename
/home/attacker/root_python_dbus_current_deep/bin/cat
/home/attacker/root_python_dbus_current_deep/bin/chmod
/home/attacker/root_python_dbus_current_deep/bin/chown
/home/attacker/root_python_dbus_current_deep/bin/cloud-id
/home/attacker/root_python_dbus_current_deep/bin/cp
/home/attacker/root_python_dbus_current_deep/bin/cut
/home/attacker/root_python_dbus_current_deep/bin/date
/home/attacker/root_python_dbus_current_deep/bin/dirname
/home/attacker/root_python_dbus_current_deep/bin/dpkg
/home/attacker/root_python_dbus_current_deep/bin/gpg
/home/attacker/root_python_dbus_current_deep/bin/grep
/home/attacker/root_python_dbus_current_deep/bin/head
/home/attacker/root_python_dbus_current_deep/bin/id
/home/attacker/root_python_dbus_current_deep/bin/install
/home/attacker/root_python_dbus_current_deep/bin/logger
/home/attacker/root_python_dbus_current_deep/bin/ls
/home/attacker/root_python_dbus_current_deep/bin/lsb_release
/home/attacker/root_python_dbus_current_deep/bin/mkdir
/home/attacker/root_python_dbus_current_deep/bin/mktemp
/home/attacker/root_python_dbus_current_deep/bin/mv
/home/attacker/root_python_dbus_current_deep/bin/netplan
/home/attacker/root_python_dbus_current_deep/bin/payload
/home/attacker/root_python_dbus_current_deep/bin/python3
/home/attacker/root_python_dbus_current_deep/bin/rm
/home/attacker/root_python_dbus_current_deep/bin/sed
/home/attacker/root_python_dbus_current_deep/bin/sh
/home/attacker/root_python_dbus_current_deep/bin/sleep
/home/attacker/root_python_dbus_current_deep/bin/sort
/home/attacker/root_python_dbus_current_deep/bin/stat
/home/attacker/root_python_dbus_current_deep/bin/systemctl
/home/attacker/root_python_dbus_current_deep/bin/tail
/home/attacker/root_python_dbus_current_deep/bin/test
/home/attacker/root_python_dbus_current_deep/bin/touch
/home/attacker/root_python_dbus_current_deep/bin/tr
/home/attacker/root_python_dbus_current_deep/bin/uname
/home/attacker/root_python_dbus_current_deep/bin/wget
/home/attacker/root_python_dbus_current_deep/bin/xargs
/home/attacker/root_python_dbus_current_deep/py/sitecustomize.py
/home/attacker/root_python_dbus_current_deep/repo/key.asc
lrwxrwxrwx 1 attacker root 60 May 17 19:51 /var/crash/root_python_dbus_current_deep.upload -> /root/root_python_dbus_current_deep_var_crash_symlink_target

===== uid1001 dynamic reachability attempts =====
$ docker exec -i ubuntu24-server-lpe-target runuser -u attacker -- bash -s
== direct user-context helper probes ==
uid=1001(attacker) gid=1001(attacker) groups=1001(attacker)
cnf_rc=0
datbase directory /var/lib/command-not-found/commands.db not writable
command_not_found_rc=127
Please ask your administrator.
Command 'ifconfig' not found, but can be installed with:
apt install net-tools
pro_status_rc=1
WARNING: this output is intended to be human readable, and subject to change.
In scripts, prefer using machine readable data from the `pro api` command,
or use `pro status --format json`.

An unexpected error occurred: Failed running command 'dpkg --print-architecture' [exit(127)]. Message: 
For more details, see the log: /home/attacker/.cache/ubuntu-pro/ubuntu-pro.log
If you think this is a bug, please run: ubuntu-bug ubuntu-advantage-tools
motd_rc=1

== attempts to poison systemd/dbus activation environment ==
Failed to set environment: Access denied
systemctl_setenv_rc=1
Call failed: Access denied
dbus_update_activation_environment_rc=1

== attempts to start root maintenance units ==
### systemctl start apt-news.service
Failed to start apt-news.service: Interactive authentication required.
See system logs and 'systemctl status apt-news.service' for details.
rc=1
### systemctl start esm-cache.service
Failed to start esm-cache.service: Interactive authentication required.
See system logs and 'systemctl status esm-cache.service' for details.
rc=1
### systemctl start ua-timer.service
Failed to start ua-timer.service: Interactive authentication required.
See system logs and 'systemctl status ua-timer.service' for details.
rc=1
### systemctl start update-notifier-download.service
Failed to start update-notifier-download.service: Interactive authentication required.
See system logs and 'systemctl status update-notifier-download.service' for details.
rc=1
### systemctl start update-notifier-motd.service
Failed to start update-notifier-motd.service: Interactive authentication required.
See system logs and 'systemctl status update-notifier-motd.service' for details.
rc=1
### systemctl start motd-news.service
Failed to start motd-news.service: Interactive authentication required.
See system logs and 'systemctl status motd-news.service' for details.
rc=1
### systemctl start apt-daily.service
Failed to start apt-daily.service: Interactive authentication required.
See system logs and 'systemctl status apt-daily.service' for details.
rc=1
### systemctl start apt-daily-upgrade.service
Failed to start apt-daily-upgrade.service: Interactive authentication required.
See system logs and 'systemctl status apt-daily-upgrade.service' for details.
rc=1
### systemctl start apport-autoreport.service
Failed to start apport-autoreport.service: Interactive authentication required.
See system logs and 'systemctl status apport-autoreport.service' for details.
rc=1
### systemctl start networkd-dispatcher.service
Failed to start networkd-dispatcher.service: Interactive authentication required.
See system logs and 'systemctl status networkd-dispatcher.service' for details.
rc=1

== software-properties D-Bus calls from hostile uid1001 env ==
sp_introspect_rc=0
('<!DOCTYPE node PUBLIC "-//freedesktop//DTD D-BUS Object Introspection 1.0//EN"\n"http://www.freedesktop.org/standards/dbus/1.0/introspect.dtd">\n<node name="/">\n  <interface name="org.freedesktop.DBus.Introspectable">\n    <method name="Introspect">\n      <arg direction="out" type="s" />\n    </method>\n  </interface>\n  <interface name="com.ubuntu.SoftwareProperties">\n    <signal name="SourcesListModified">\n    </signal>\n    <signal name="ConfigModified">\n    </signal>\n    <signal name="KeysModified">\n    </signal>\n    <signal name="AuthFailed">\n    </signal>\n    <signal name="CdromScanFailed">\n    </signal>\n    <method name="Revert">\n    </method>\n    <method name="Reload">\n    </method>\n    <method name="EnableChildSource">\n      <arg direction="in"  type="s" name="template" />\n    </method>\n    <method name="DisableChildSource">\n      <arg direction="in"  type="s" name="template" />\n    </method>\n    <method name="EnableComponent">\n      <arg direction="in"  type="s" name="component" />\n    </method>\n    <method name="DisableComponent">\n      <arg direction="in"  type="s" name="component" />\n    </method>\n    <method name="EnableSourceCodeSources">\n    </method>\n    <method name="DisableSourceCodeSources">\n    </method>\n    <method name="ToggleSourceUse">\n      <arg direction="in"  type="s" name="source" />\n    </method>\n    <method name="ReplaceSourceEntry">\n      <arg direction="in"  type="s" name="old" />\n      <arg direction="in"  type="s" name="new" />\n      <arg direction="out" type="b" />\n    </method>\n    <method name="ChangeMainDownloadServer">\n      <arg direction="in"  type="v" name="server" />\n    </method>\n    <method name="AddCdromSource">\n    </method>\n    <method name="SetPopconPariticipation">\n      <arg direction="in"  type="b" name="participates" />\n    </method>\n    <method name="SetUpdateAutomationLevel">\n      <arg direction="in"  type="i" name="state" />\n    </method>\n    <method name="SetReleaseUpgradesPolicy">\n      <arg direction="in"  type="i" name="state" />\n    </method>\n    <method name="SetUpdateInterval">\n      <arg direction="in"  type="i" name="days" />\n    </method>\n    <method name="AddSourceFromLine">\n      <arg direction="in"  type="s" name="sourceLine" />\n    </method>\n    <method name="RemoveSource">\n      <arg direction="in"  type="s" name="source" />\n    </method>\n    <method name="AddKey">\n      <arg direction="in"  type="s" name="path" />\n      <arg direction="out" type="b" />\n    </method>\n    <method name="AddKeyFromData">\n      <arg direction="in"  type="s" name="keyData" />\n      <arg direction="out" type="b" />\n    </method>\n    <method name="RemoveKey">\n      <arg direction="in"  type="s" name="keyid" />\n      <arg direction="out" type="b" />\n    </method>\n    <method name="UpdateKeys">\n      <arg direction="out" type="b" />\n    </method>\n  </interface>\n</node>\n',)
()
sp_reload_rc=0
Error: GDBus.Error:com.ubuntu.SoftwareProperties.PermissionDeniedByPolicy: com.ubuntu.softwareproperties.applychanges
sp_add_source_rc=1
Error: GDBus.Error:com.ubuntu.SoftwareProperties.PermissionDeniedByPolicy: com.ubuntu.softwareproperties.applychanges
sp_add_key_rc=1
Error: GDBus.Error:com.ubuntu.SoftwareProperties.PermissionDeniedByPolicy: com.ubuntu.softwareproperties.applychanges
sp_update_keys_rc=1
Error: GDBus.Error:com.ubuntu.SoftwareProperties.PermissionDeniedByPolicy: com.ubuntu.softwareproperties.applychanges
sp_set_update_interval_rc=1

== netplan D-Bus calls from hostile uid1001 env ==
netplan_introspect_rc=0
('<!DOCTYPE node PUBLIC "-//freedesktop//DTD D-BUS Object Introspection 1.0//EN"\n"https://www.freedesktop.org/standards/dbus/1.0/introspect.dtd">\n<node>\n <interface name="org.freedesktop.DBus.Peer">\n  <method name="Ping"/>\n  <method name="GetMachineId">\n   <arg type="s" name="machine_uuid" direction="out"/>\n  </method>\n </interface>\n <interface name="org.freedesktop.DBus.Introspectable">\n  <method name="Introspect">\n   <arg name="xml_data" type="s" direction="out"/>\n  </method>\n </interface>\n <interface name="org.freedesktop.DBus.Properties">\n  <method name="Get">\n   <arg name="interface_name" direction="in" type="s"/>\n   <arg name="property_name" direction="in" type="s"/>\n   <arg name="value" direction="out" type="v"/>\n  </method>\n  <method name="GetAll">\n   <arg name="interface_name" direction="in" type="s"/>\n   <arg name="props" direction="out" type="a{sv}"/>\n  </method>\n  <method name="Set">\n   <arg name="interface_name" direction="in" type="s"/>\n   <arg name="property_name" direction="in" type="s"/>\n   <arg name="value" direction="in" type="v"/>\n  </method>\n  <signal name="PropertiesChanged">\n   <arg type="s" name="interface_name"/>\n   <arg type="a{sv}" name="changed_properties"/>\n   <arg type="as" name="invalidated_properties"/>\n  </signal>\n </interface>\n <interface name="io.netplan.Netplan">\n  <method name="Apply">\n   <arg type="b" direction="out"/>\n   <annotation name="org.freedesktop.systemd1.Privileged" value="true"/>\n  </method>\n  <method name="Generate">\n   <arg type="b" direction="out"/>\n   <annotation name="org.freedesktop.systemd1.Privileged" value="true"/>\n  </method>\n  <method name="Info">\n   <arg type="a(sv)" direction="out"/>\n   <annotation name="org.freedesktop.systemd1.Privileged" value="true"/>\n  </method>\n  <method name="Config">\n   <arg type="o" direction="out"/>\n   <annotation name="org.freedesktop.systemd1.Privileged" value="true"/>\n  </method>\n </interface>\n</node>\n',)
### io.netplan.Netplan.Info
Error: GDBus.Error:org.freedesktop.DBus.Error.AccessDenied: Access to io.netplan.Netplan.Info() not permitted.
rc=1
### io.netplan.Netplan.Config
Error: GDBus.Error:org.freedesktop.DBus.Error.AccessDenied: Access to io.netplan.Netplan.Config() not permitted.
rc=1
### io.netplan.Netplan.Generate
Error: GDBus.Error:org.freedesktop.DBus.Error.AccessDenied: Access to io.netplan.Netplan.Generate() not permitted.
rc=1
### io.netplan.Netplan.Apply
Error: GDBus.Error:org.freedesktop.DBus.Error.AccessDenied: Access to io.netplan.Netplan.Apply() not permitted.
rc=1

== PackageKit cache/update trigger attempt ==
Transaction:	Refreshing cache
Status: 	Waiting in queue
Status: 	Waiting for authentication
Status: 	Finished
Results:
Fatal error: Failed to obtain authentication.
pkcon_refresh_rc=7

== write/symlink attempts into root trust/config/state paths ==
### /etc/netplan/99-root-python-dbus.yaml
main: line 75: /etc/netplan/99-root-python-dbus.yaml: Permission denied
write_rc=1
/usr/bin/ln: failed to create symbolic link '/etc/netplan/99-root-python-dbus.yaml': Permission denied
symlink_rc=1
### /etc/apt/sources.list.d/root-python-dbus.sources
main: line 75: /etc/apt/sources.list.d/root-python-dbus.sources: Permission denied
write_rc=1
/usr/bin/ln: failed to create symbolic link '/etc/apt/sources.list.d/root-python-dbus.sources': Permission denied
symlink_rc=1
### /var/lib/command-not-found/commands.db.tmp
write_rc=1
main: line 75: /var/lib/command-not-found/commands.db.tmp: Permission denied
/usr/bin/ln: failed to create symbolic link '/var/lib/command-not-found/commands.db.tmp': Permission denied
symlink_rc=1
### /var/lib/update-notifier/updates-available
main: line 75: /var/lib/update-notifier/updates-available: Permission denied
write_rc=1
/usr/bin/ln: failed to create symbolic link '/var/lib/update-notifier/updates-available': File exists
symlink_rc=1
-rw-r--r-- 1 root root 219 May 17 19:03 /var/lib/update-notifier/updates-available
### /var/cache/motd-news
main: line 75: /var/cache/motd-news: Permission denied
write_rc=1
/usr/bin/ln: failed to create symbolic link '/var/cache/motd-news': File exists
symlink_rc=1
-rw-r--r-- 1 root root 216 May 17 19:49 /var/cache/motd-news
### /usr/share/package-data-downloads/root-python-dbus
main: line 75: /usr/share/package-data-downloads/root-python-dbus: Permission denied
write_rc=1
/usr/bin/ln: failed to create symbolic link '/usr/share/package-data-downloads/root-python-dbus': Permission denied
symlink_rc=1
### /usr/share/apport/package-hooks/source_root_python_dbus.py
main: line 75: /usr/share/apport/package-hooks/source_root_python_dbus.py: Permission denied
write_rc=1
/usr/bin/ln: failed to create symbolic link '/usr/share/apport/package-hooks/source_root_python_dbus.py': Permission denied
symlink_rc=1
### /var/lib/ubuntu-advantage/messages/root-python-dbus
main: line 75: /var/lib/ubuntu-advantage/messages/root-python-dbus: No such file or directory
write_rc=1
/usr/bin/ln: failed to create symbolic link '/var/lib/ubuntu-advantage/messages/root-python-dbus': No such file or directory
symlink_rc=1
/usr/bin/mkdir: cannot create directory '/var/lib/apport/autoreport': Permission denied
mkdir_autoreport_rc=1

== user-visible payload markers after uid1001 attempts ==
### /tmp/root_python_dbus_current_deep_path_hits
-rw-r--r-- 1 attacker attacker 234 May 17 19:51 /tmp/root_python_dbus_current_deep_path_hits
PATH_HIT name=dpkg euid=1001 ruid=1001 argv=--print-architecture 
uid=1001(attacker) gid=1001(attacker) groups=1001(attacker)
PATH_HIT name=mktemp euid=1001 ruid=1001 argv= 
uid=1001(attacker) gid=1001(attacker) groups=1001(attacker)
### /tmp/root_python_dbus_current_deep_py_hits
-rw-r--r-- 1 attacker attacker 395 May 17 19:51 /tmp/root_python_dbus_current_deep_py_hits
PY_HIT euid=1001 uid=1001 cwd=/ path0='/home/attacker/root_python_dbus_current_deep/py' argv=['/usr/lib/cnf-update-db', '--verbose']
PY_HIT euid=1001 uid=1001 cwd=/ path0='/home/attacker/root_python_dbus_current_deep/py' argv=['/usr/lib/command-not-found', '--', 'ifconfig']
PY_HIT euid=1001 uid=1001 cwd=/ path0='/home/attacker/root_python_dbus_current_deep/py' argv=['/usr/bin/pro', 'status']
### /tmp/root_python_dbus_current_deep_apport_hook_hits
ABSENT

===== root-side observation after uid1001 attempts =====
$ docker exec -i ubuntu24-server-lpe-target bash -s
== activated service process state ==
:1.1703                       53708 packagekitd     root            :1.1703       packagekit.service          -       -
:1.1783                       61296 netplan-dbus    root            :1.1783       dbus.service                -       -
com.ubuntu.SoftwareProperties 68762 python3         root            :1.1868       dbus.service                -       -
io.netplan.Netplan            61296 netplan-dbus    root            :1.1783       dbus.service                -       -
org.freedesktop.PackageKit    53708 packagekitd     root            :1.1703       packagekit.service          -       -
53708 /usr/libexec/packagekitd
61296 /usr/libexec/netplan/netplan-dbus
68762 python3 /usr/lib/software-properties/software-properties-dbus
### pid 61296
cmdline: /usr/libexec/netplan/netplan-dbus
cwd: /
### pid 68762
cmdline: python3
cmdline: /usr/lib/software-properties/software-properties-dbus
cwd: /

== root-triggered upper-bound maintenance execution with attacker payloads present ==
PATH=/usr/local/sbin:/usr/local/bin:/usr/sbin:/usr/bin:/snap/bin
### root start apt-news.service
rc=0
### root start esm-cache.service
rc=0
### root start ua-timer.service
rc=0
### root start update-notifier-download.service
rc=0
### root start update-notifier-motd.service
rc=0
### root start motd-news.service
rc=0
### root start apt-daily.service
rc=0
### root start apt-daily-upgrade.service
rc=0
### root start apport-autoreport.service
rc=0
### root start networkd-dispatcher.service
rc=0

== root proof and marker sweep ==
### /root/root_python_dbus_current_deep*
ABSENT
### /root/root_python_dbus_lpe*
ABSENT
### /tmp/root_python_dbus_current_deep_path_hits
-rw-r--r-- 1 attacker attacker 234 May 17 19:51 /tmp/root_python_dbus_current_deep_path_hits
PATH_HIT name=dpkg euid=1001 ruid=1001 argv=--print-architecture 
uid=1001(attacker) gid=1001(attacker) groups=1001(attacker)
PATH_HIT name=mktemp euid=1001 ruid=1001 argv= 
uid=1001(attacker) gid=1001(attacker) groups=1001(attacker)
### /tmp/root_python_dbus_current_deep_py_hits
-rw-r--r-- 1 attacker attacker 395 May 17 19:51 /tmp/root_python_dbus_current_deep_py_hits
PY_HIT euid=1001 uid=1001 cwd=/ path0='/home/attacker/root_python_dbus_current_deep/py' argv=['/usr/lib/cnf-update-db', '--verbose']
PY_HIT euid=1001 uid=1001 cwd=/ path0='/home/attacker/root_python_dbus_current_deep/py' argv=['/usr/lib/command-not-found', '--', 'ifconfig']
PY_HIT euid=1001 uid=1001 cwd=/ path0='/home/attacker/root_python_dbus_current_deep/py' argv=['/usr/bin/pro', 'status']
### /tmp/root_python_dbus_current_deep_apport_hook_hits
ABSENT
### /var/crash/root_python_dbus_current_deep.upload
lrwxrwxrwx 1 attacker root 60 May 17 19:51 /var/crash/root_python_dbus_current_deep.upload -> /root/root_python_dbus_current_deep_var_crash_symlink_target
ROOT_PROOF=NO

== cleanup after negative run ==
running

probe complete: /Users/andrewmohawk/Documents/UbuntuLPE/ubuntu24-server-lpe/logs/root-python-dbus-current-deep-20260517.out
