
== target identity and default package proof ==
os=Ubuntu 24.04.4 LTS version_id=24.04 codename=noble arch=aarch64 kernel=6.10.14-linuxkit
uid=1001(attacker) gid=1001(attacker) groups=1001(attacker)
container_system_state=running
base-passwd	3.6.3build1	ii 
libsystemd0:arm64	255.4-1ubuntu8.15	ii 
login	1:4.13+dfsg1-4ubuntu3.2	ii 
passwd	1:4.13+dfsg1-4ubuntu3.2	ii 
screen	4.9.1-1ubuntu1	ii 
snapd	2.74.1+ubuntu24.04.4	ii 
systemd	255.4-1ubuntu8.15	ii 
systemd-sysv	255.4-1ubuntu8.15	ii 
systemd-timesyncd	255.4-1ubuntu8.15	ii 
x11-common		un 
systemd-tmpfiles binary: /usr/bin/systemd-tmpfiles
systemd: /usr/bin/systemd-tmpfiles

== default tmpfiles timer and installed rule files ==
NEXT                            LEFT LAST                              PASSED UNIT                           ACTIVATES
Sun 2026-05-17 15:34:07 UTC      21h Sat 2026-05-16 15:34:07 UTC 2h 34min ago systemd-tmpfiles-clean.timer   systemd-tmpfiles-clean.service
-                                  - -                                      - snapd.snap-repair.timer        snapd.snap-repair.service
# /usr/lib/systemd/system/systemd-tmpfiles-clean.service
#  SPDX-License-Identifier: LGPL-2.1-or-later
#
#  This file is part of systemd.
#
#  systemd is free software; you can redistribute it and/or modify it
#  under the terms of the GNU Lesser General Public License as published by
#  the Free Software Foundation; either version 2.1 of the License, or
#  (at your option) any later version.

[Unit]
Description=Cleanup of Temporary Directories
Documentation=man:tmpfiles.d(5) man:systemd-tmpfiles(8)

DefaultDependencies=no
After=local-fs.target time-set.target
Conflicts=shutdown.target initrd-switch-root.target
Before=shutdown.target initrd-switch-root.target

[Service]
Type=oneshot
ExecStart=systemd-tmpfiles --clean
SuccessExitStatus=DATAERR
IOSchedulingClass=idle
ImportCredential=tmpfiles.*

# /usr/lib/systemd/system/systemd-tmpfiles-clean.timer
#  SPDX-License-Identifier: LGPL-2.1-or-later
#
#  This file is part of systemd.
#
#  systemd is free software; you can redistribute it and/or modify it
#  under the terms of the GNU Lesser General Public License as published by
#  the Free Software Foundation; either version 2.1 of the License, or
#  (at your option) any later version.

[Unit]
Description=Daily Cleanup of Temporary Directories
Documentation=man:tmpfiles.d(5) man:systemd-tmpfiles(8)
ConditionPathExists=!/etc/initrd-release

[Timer]
OnBootSec=15min
OnUnitActiveSec=1d

-- /usr/lib/tmpfiles.d/x11.conf --
-rw-r--r-- 644 root:root /usr/lib/tmpfiles.d/x11.conf
systemd: /usr/lib/tmpfiles.d/x11.conf
#  This file is part of systemd.
#
#  systemd is free software; you can redistribute it and/or modify it
#  under the terms of the GNU Lesser General Public License as published by
#  the Free Software Foundation; either version 2.1 of the License, or
#  (at your option) any later version.

# See tmpfiles.d(5) for details

# Make sure these are created by default so that nobody else can
# or empty them at startup
D! /tmp/.X11-unix 1777 root root 10d
D! /tmp/.ICE-unix 1777 root root 10d
D! /tmp/.XIM-unix 1777 root root 10d
D! /tmp/.font-unix 1777 root root 10d

# Unlink the X11 lock files
r! /tmp/.X[0-9]*-lock

-- /usr/lib/tmpfiles.d/snapd.conf --
-rw-r--r-- 644 root:root /usr/lib/tmpfiles.d/snapd.conf
snapd: /usr/lib/tmpfiles.d/snapd.conf
D! /tmp/snap-private-tmp 0700 root root -

# Allow removing content in the private tmp folders without affecting the
# architectural structure of the folders themselves.
X /tmp/snap-private-tmp
X /tmp/snap-private-tmp/*/tmp
x /tmp/snap-private-tmp/*/tmp/.snap

-- /usr/lib/tmpfiles.d/systemd-tmp.conf --
-rw-r--r-- 644 root:root /usr/lib/tmpfiles.d/systemd-tmp.conf
systemd: /usr/lib/tmpfiles.d/systemd-tmp.conf
#  This file is part of systemd.
#
#  systemd is free software; you can redistribute it and/or modify it
#  under the terms of the GNU Lesser General Public License as published by
#  the Free Software Foundation; either version 2.1 of the License, or
#  (at your option) any later version.

# See tmpfiles.d(5) for details

# Exclude namespace mountpoints created with PrivateTmp=yes
x /tmp/systemd-private-%b-*
X /tmp/systemd-private-%b-*/tmp
x /var/tmp/systemd-private-%b-*
X /var/tmp/systemd-private-%b-*/tmp

# Remove top-level private temporary directories on each boot
R! /tmp/systemd-private-*
R! /var/tmp/systemd-private-*

# Handle lost systemd-coredump temp files. They could be lost on old filesystems,
# for example, after hard reboot.
x  /var/lib/systemd/coredump/.#core*.%b*
r! /var/lib/systemd/coredump/.#*

-- /usr/lib/tmpfiles.d/passwd.conf --
-rw-r--r-- 644 root:root /usr/lib/tmpfiles.d/passwd.conf
passwd: /usr/lib/tmpfiles.d/passwd.conf
# If a password operation is in progress and we lose power, stale lockfiles
# can be left behind.  Clear them on boot.
r! /etc/gshadow.lock
r! /etc/shadow.lock
r! /etc/passwd.lock
r! /etc/group.lock
r! /etc/subuid.lock
r! /etc/subgid.lock

-- /etc/tmpfiles.d/screen-cleanup.conf --
-rw-r--r-- 644 root:root /etc/tmpfiles.d/screen-cleanup.conf
# This file is generated by /var/lib/dpkg/info/screen.postinst upon package configuration
d /run/screen 1777 root utmp

-- /usr/lib/tmpfiles.d/screen-cleanup.conf --
-rw-r--r-- 644 root:root /usr/lib/tmpfiles.d/screen-cleanup.conf
screen: /usr/lib/tmpfiles.d/screen-cleanup.conf
d /run/screen 0777 root utmp

-- /usr/lib/tmpfiles.d/debian.conf --
-rw-r--r-- 644 root:root /usr/lib/tmpfiles.d/debian.conf
systemd: /usr/lib/tmpfiles.d/debian.conf
#  This file is part of the debianisation of systemd.
#
#  systemd is free software; you can redistribute it and/or modify it
#  under the terms of the GNU General Public License as published by
#  the Free Software Foundation; either version 2 of the License, or
#  (at your option) any later version.

# See tmpfiles.d(5) for details

# Type Path    Mode UID  GID  Age Argument
L /run/shm     -    -    -    -   /dev/shm
d /run/sendsigs.omit.d 0755 root root -

L+ /etc/mtab   -    -    -    -  ../proc/self/mounts
L+ /etc/default/locale - - -  -  ../locale.conf
L+ /etc/vconsole.conf  - - -  -  default/keyboard

-- /usr/lib/tmpfiles.d/tmp.conf --
-rw-r--r-- 644 root:root /usr/lib/tmpfiles.d/tmp.conf
systemd: /usr/lib/tmpfiles.d/tmp.conf
#  This file is part of systemd.
#
#  systemd is free software; you can redistribute it and/or modify it
#  under the terms of the GNU Lesser General Public License as published by
#  the Free Software Foundation; either version 2.1 of the License, or
#  (at your option) any later version.

# See tmpfiles.d(5) for details

# Clear tmp directories separately, to make them easier to override
D /tmp 1777 root root 30d
#q /var/tmp 1777 root root 30d

-- /usr/lib/tmpfiles.d/00rsyslog.conf --
-rw-r--r-- 644 root:root /usr/lib/tmpfiles.d/00rsyslog.conf
rsyslog: /usr/lib/tmpfiles.d/00rsyslog.conf
# Override systemd's default tmpfiles.d/var.conf to make /var/log writable by
# the syslog group, so that rsyslog can run as user.
# See tmpfiles.d(5) for details.

# Type Path    Mode UID  GID  Age Argument
z /var/log 0775 root syslog -
z /var/log/auth.log 0640 syslog adm -
z /var/log/mail.err 0640 syslog adm -
z /var/log/mail.log 0640 syslog adm -
z /var/log/kern.log 0640 syslog adm -
z /var/log/syslog 0640 syslog adm -
d /var/spool/rsyslog 0700 syslog adm -

-- /usr/lib/tmpfiles.d/systemd.conf --
-rw-r--r-- 644 root:root /usr/lib/tmpfiles.d/systemd.conf
systemd: /usr/lib/tmpfiles.d/systemd.conf
#  This file is part of systemd.
#
#  systemd is free software; you can redistribute it and/or modify it
#  under the terms of the GNU Lesser General Public License as published by
#  the Free Software Foundation; either version 2.1 of the License, or
#  (at your option) any later version.

# See tmpfiles.d(5) for details

d /run/user 0755 root root -
F! /run/utmp 0664 root utmp -

d /run/systemd/ask-password 0755 root root -
d /run/systemd/seats 0755 root root -
d /run/systemd/sessions 0755 root root -
d /run/systemd/users 0755 root root -
d /run/systemd/machines 0755 root root -
d /run/systemd/shutdown 0755 root root -

d /run/log 0755 root root -

z /run/log/journal 2755 root systemd-journal - -
Z /run/log/journal/%m ~2750 root systemd-journal - -
a+ /run/log/journal    - - - - d:group::r-x,d:group:adm:r-x,group::r-x,group:adm:r-x
a+ /run/log/journal/%m - - - - d:group:adm:r-x,group:adm:r-x
a+ /run/log/journal/%m/*.journal* - - - - group:adm:r--

z /var/log/journal 2755 root systemd-journal - -
z /var/log/journal/%m 2755 root systemd-journal - -
z /var/log/journal/%m/system.journal 0640 root systemd-journal - -
a+ /var/log/journal    - - - - d:group::r-x,d:group:adm:r-x,group::r-x,group:adm:r-x
a+ /var/log/journal/%m - - - - d:group:adm:r-x,group:adm:r-x
a+ /var/log/journal/%m/system.journal - - - - group:adm:r--

d /var/lib/systemd 0755 root root -
d /var/lib/systemd/coredump 0755 root root 2w
# Files and directories in /var/lib/systemd/ephemeral-trees are locked by pid 1 to prevent tmpfiles from
# removing them, and tmpfiles is told to clean up anything in /var/lib/systemd/ephemeral-trees that isn't
# locked unconditionally.
d /var/lib/systemd/ephemeral-trees 0755 root root 0

d /var/lib/private 0700 root root -
d /var/log/private 0700 root root -
d /var/cache/private 0700 root root -

# Copy sd-stub provided PCR signature and public key file from initrd into /run/, so that it will survive the initrd stage
C /run/systemd/tpm2-pcr-signature.json 0444 root root - /.extra/tpm2-pcr-signature.json
C /run/systemd/tpm2-pcr-public-key.pem 0444 root root - /.extra/tpm2-pcr-public-key.pem

== active public path modes and kernel link protections ==
stat-follow drwxrwxrwt 1777 root:root directory /tmp -> '/tmp'
stat-nofollow drwxrwxrwt 1777 root:root directory /tmp -> '/tmp'
stat-follow drwxrwxrwt 1777 root:root directory /var/tmp -> '/var/tmp'
stat-nofollow drwxrwxrwt 1777 root:root directory /var/tmp -> '/var/tmp'
stat-follow drwxrwxrwt 1777 root:root directory /dev/shm -> '/dev/shm'
stat-nofollow drwxrwxrwt 1777 root:root directory /dev/shm -> '/dev/shm'
stat-follow drwxr-xr-x 755 root:root directory /run -> '/run'
stat-nofollow drwxr-xr-x 755 root:root directory /run -> '/run'
stat-follow drwxrwxrwt 1777 root:root directory /run/shm -> '/run/shm'
stat-nofollow lrwxrwxrwx 777 root:root symbolic link /run/shm -> '/run/shm' -> '/dev/shm'
stat-follow drwxrwxrwt 1777 root:utmp directory /run/screen -> '/run/screen'
stat-nofollow drwxrwxrwt 1777 root:utmp directory /run/screen -> '/run/screen'
stat-follow drwxr-xr-x 755 root:root directory /etc -> '/etc'
stat-nofollow drwxr-xr-x 755 root:root directory /etc -> '/etc'
stat-follow drwxrwxr-x 775 root:syslog directory /var/log -> '/var/log'
stat-nofollow drwxrwxr-x 775 root:syslog directory /var/log -> '/var/log'
stat-follow drwxr-xr-x 755 root:root directory /run/log -> '/run/log'
stat-nofollow drwxr-xr-x 755 root:root directory /run/log -> '/run/log'
stat-follow drwxr-sr-x 2755 root:systemd-journal directory /run/log/journal -> '/run/log/journal'
stat-nofollow drwxr-sr-x 2755 root:systemd-journal directory /run/log/journal -> '/run/log/journal'
fs.protected_symlinks = 1
fs.protected_hardlinks = 1
fs.protected_regular = 2
fs.protected_fifos = 1

== attacker direct write and replacement reachability ==
uid=1001(attacker) gid=1001(attacker) groups=1001(attacker)
write-test /tmp: WRITABLE
write-test /dev/shm: WRITABLE
write-test /run: NO bash: line 7: /run/tpf_attacker_write_test: Permission denied
write-test /run/shm: WRITABLE
write-test /run/screen: WRITABLE
write-test /etc: NO bash: line 7: /etc/tpf_attacker_write_test: Permission denied
write-test /var/log: NO bash: line 7: /var/log/tpf_attacker_write_test: Permission denied
write-test /run/log: NO bash: line 7: /run/log/tpf_attacker_write_test: Permission denied
write-test /run/log/journal: NO bash: line 7: /run/log/journal/tpf_attacker_write_test: Permission denied
replace-attempt /run/shm: NO rm: cannot remove '/run/shm': Permission denied
replace-attempt /run/screen: NO rm: cannot remove '/run/screen': Permission denied
replace-attempt /etc/passwd.lock: NO ln: failed to create symbolic link '/etc/passwd.lock': Permission denied
replace-attempt /etc/shadow.lock: NO ln: failed to create symbolic link '/etc/shadow.lock': Permission denied
replace-attempt /tmp/snap-private-tmp: REPLACED
replace-attempt /tmp/.X11-unix: REPLACED

== x11.conf D! top-level symlink handling ==
lrwxrwxrwx 1 attacker attacker 41 May 16 18:08 /tmp/.X11-unix -> /tmp/tmpfiles-public-dirs-root-decoys/dir
lrwxrwxrwx 1 attacker attacker 50 May 16 18:08 /tmp/.X77-lock -> /tmp/tmpfiles-public-dirs-root-decoys/xlock-target
stat: cannot statx '/tmp/.X11-unix': Permission denied
stat-nofollow lrwxrwxrwx 777 attacker:attacker symbolic link /tmp/.X11-unix -> '/tmp/.X11-unix' -> '/tmp/tmpfiles-public-dirs-root-decoys/dir'
stat: cannot statx '/tmp/.X77-lock': Permission denied
stat-nofollow lrwxrwxrwx 777 attacker:attacker symbolic link /tmp/.X77-lock -> '/tmp/.X77-lock' -> '/tmp/tmpfiles-public-dirs-root-decoys/xlock-target'
stat-follow drwxr-xr-x 755 root:root directory /tmp/tmpfiles-public-dirs-root-decoys/dir -> '/tmp/tmpfiles-public-dirs-root-decoys/dir'
stat-nofollow drwxr-xr-x 755 root:root directory /tmp/tmpfiles-public-dirs-root-decoys/dir -> '/tmp/tmpfiles-public-dirs-root-decoys/dir'
stat-follow -rw-r--r-- 644 root:root regular file /tmp/tmpfiles-public-dirs-root-decoys/dir/child -> '/tmp/tmpfiles-public-dirs-root-decoys/dir/child'
stat-nofollow -rw-r--r-- 644 root:root regular file /tmp/tmpfiles-public-dirs-root-decoys/dir/child -> '/tmp/tmpfiles-public-dirs-root-decoys/dir/child'
content /tmp/tmpfiles-public-dirs-root-decoys/dir/child: root-decoy-dir-child-keep
stat-follow -rw-r--r-- 644 root:root regular file /tmp/tmpfiles-public-dirs-root-decoys/xlock-target -> '/tmp/tmpfiles-public-dirs-root-decoys/xlock-target'
stat-nofollow -rw-r--r-- 644 root:root regular file /tmp/tmpfiles-public-dirs-root-decoys/xlock-target -> '/tmp/tmpfiles-public-dirs-root-decoys/xlock-target'
content /tmp/tmpfiles-public-dirs-root-decoys/xlock-target: root-decoy-xlock-keep

-- tmpfiles x11 create+remove+clean against attacker symlinks: systemd-tmpfiles --boot --create --remove --clean --prefix=/tmp/.X11-unix --prefix=/tmp/.X77-lock --
Skipping overridden file '/usr/lib/tmpfiles.d/screen-cleanup.conf'.
Entry "/var/log" does not match any include prefix, skipping.
Entry "/var/log/auth.log" does not match any include prefix, skipping.
Entry "/var/log/mail.err" does not match any include prefix, skipping.
Entry "/var/log/mail.log" does not match any include prefix, skipping.
Entry "/var/log/kern.log" does not match any include prefix, skipping.
Entry "/var/log/syslog" does not match any include prefix, skipping.
Entry "/var/spool/rsyslog" does not match any include prefix, skipping.
Entry "/var/lib/apport" does not match any include prefix, skipping.
Entry "/var/lib/apport/coredump" does not match any include prefix, skipping.
Entry "/etc/credstore" does not match any include prefix, skipping.
Entry "/etc/credstore.encrypted" does not match any include prefix, skipping.
Entry "/run/credstore" does not match any include prefix, skipping.
Entry "/run/credstore.encrypted" does not match any include prefix, skipping.
Entry "/var/spool/cron/crontabs" does not match any include prefix, skipping.
Entry "/run/cryptsetup" does not match any include prefix, skipping.
Entry "/var/lib/dbus" does not match any include prefix, skipping.
Entry "/var/lib/dbus/machine-id" does not match any include prefix, skipping.
Entry "/run/dbus/containers" does not match any include prefix, skipping.
Entry "/run/shm" does not match any include prefix, skipping.
Entry "/run/sendsigs.omit.d" does not match any include prefix, skipping.
Entry "/etc/mtab" does not match any include prefix, skipping.
Entry "/etc/default/locale" does not match any include prefix, skipping.
Entry "/etc/vconsole.conf" does not match any include prefix, skipping.
Entry "/home" does not match any include prefix, skipping.
Entry "/srv" does not match any include prefix, skipping.
Entry "/var/log/journal" does not match any include prefix, skipping.
Entry "/var/log/journal/d1550bbf3ee64a61a434283f6f6d03db" does not match any include prefix, skipping.
Entry "/var/log/journal/remote" does not match any include prefix, skipping.
Entry "/var/lock" does not match any include prefix, skipping.
Entry "/var/log/README" does not match any include prefix, skipping.
Entry "/run/lock/subsys" does not match any include prefix, skipping.
Entry "/forcefsck" does not match any include prefix, skipping.
Entry "/fastboot" does not match any include prefix, skipping.
Entry "/forcequotacheck" does not match any include prefix, skipping.
Entry "/run/setrans" does not match any include prefix, skipping.
Entry "/run/lock/lvm" does not match any include prefix, skipping.
Entry "/run/lvm" does not match any include prefix, skipping.
Entry "/var/cache/man" does not match any include prefix, skipping.
Entry "/run/multipath" does not match any include prefix, skipping.
Entry "/etc/gshadow.lock" does not match any include prefix, skipping.
Entry "/etc/shadow.lock" does not match any include prefix, skipping.
Entry "/etc/passwd.lock" does not match any include prefix, skipping.
Entry "/etc/group.lock" does not match any include prefix, skipping.
Entry "/etc/subuid.lock" does not match any include prefix, skipping.
Entry "/etc/subgid.lock" does not match any include prefix, skipping.
Entry "/etc/polkit-1/rules.d" does not match any include prefix, skipping.
Entry "/var/lib/polkit-1" does not match any include prefix, skipping.
Entry "/etc/motd.d/50-provision.conf" does not match any include prefix, skipping.
Entry "/etc/issue.d/50-provision.conf" does not match any include prefix, skipping.
Entry "/etc/hosts" does not match any include prefix, skipping.
Entry "/root" does not match any include prefix, skipping.
Entry "/root/.ssh" does not match any include prefix, skipping.
Entry "/root/.ssh/authorized_keys" does not match any include prefix, skipping.
Entry "/run/screen" does not match any include prefix, skipping.
Entry "/tmp/snap-private-tmp" does not match any include prefix, skipping.
Entry "/tmp/snap-private-tmp" does not match any include prefix, skipping.
Entry "/tmp/snap-private-tmp/*/tmp" does not match any include prefix, skipping.
Entry "/tmp/snap-private-tmp/*/tmp/.snap" does not match any include prefix, skipping.
Entry "/dev/snd/seq" does not match any include prefix, skipping.
Entry "/dev/snd/timer" does not match any include prefix, skipping.
Entry "/dev/loop-control" does not match any include prefix, skipping.
Entry "/dev/net/tun" does not match any include prefix, skipping.
Entry "/dev/fuse" does not match any include prefix, skipping.
Entry "/dev/vfio/vfio" does not match any include prefix, skipping.
Entry "/dev/kvm" does not match any include prefix, skipping.
Entry "/dev/vhost-net" does not match any include prefix, skipping.
Entry "/dev/vhost-vsock" does not match any include prefix, skipping.
Entry "/run/sudo" does not match any include prefix, skipping.
Entry "/run/systemd/netif" does not match any include prefix, skipping.
Entry "/run/systemd/netif/links" does not match any include prefix, skipping.
Entry "/run/systemd/netif/leases" does not match any include prefix, skipping.
Entry "/run/systemd/netif/lldp" does not match any include prefix, skipping.
Entry "/run/nologin" does not match any include prefix, skipping.
Entry "/var/lib/systemd/pstore" does not match any include prefix, skipping.
Entry "/etc/resolv.conf" does not match any include prefix, skipping.
Entry "/tmp/systemd-private-9b6f9a7d215448b499d38b9028ed821a-*" does not match any include prefix, skipping.
Entry "/tmp/systemd-private-9b6f9a7d215448b499d38b9028ed821a-*/tmp" does not match any include prefix, skipping.
Entry "/var/tmp/systemd-private-9b6f9a7d215448b499d38b9028ed821a-*" does not match any include prefix, skipping.
Entry "/var/tmp/systemd-private-9b6f9a7d215448b499d38b9028ed821a-*/tmp" does not match any include prefix, skipping.
Entry "/tmp/systemd-private-*" does not match any include prefix, skipping.
Entry "/var/tmp/systemd-private-*" does not match any include prefix, skipping.
Entry "/var/lib/systemd/coredump/.#core*.9b6f9a7d215448b499d38b9028ed821a*" does not match any include prefix, skipping.
Entry "/var/lib/systemd/coredump/.#*" does not match any include prefix, skipping.
Entry "/run/user" does not match any include prefix, skipping.
Entry "/run/utmp" does not match any include prefix, skipping.
Entry "/run/systemd/ask-password" does not match any include prefix, skipping.
Entry "/run/systemd/seats" does not match any include prefix, skipping.
Entry "/run/systemd/sessions" does not match any include prefix, skipping.
Entry "/run/systemd/users" does not match any include prefix, skipping.
Entry "/run/systemd/machines" does not match any include prefix, skipping.
Entry "/run/systemd/shutdown" does not match any include prefix, skipping.
Entry "/run/log" does not match any include prefix, skipping.
Entry "/run/log/journal" does not match any include prefix, skipping.
Entry "/run/log/journal/d1550bbf3ee64a61a434283f6f6d03db" does not match any include prefix, skipping.
Entry "/run/log/journal" does not match any include prefix, skipping.
Entry "/run/log/journal/d1550bbf3ee64a61a434283f6f6d03db" does not match any include prefix, skipping.
Entry "/run/log/journal/d1550bbf3ee64a61a434283f6f6d03db/*.journal*" does not match any include prefix, skipping.
Entry "/var/log/journal" does not match any include prefix, skipping.
Entry "/var/log/journal/d1550bbf3ee64a61a434283f6f6d03db" does not match any include prefix, skipping.
Entry "/var/log/journal/d1550bbf3ee64a61a434283f6f6d03db/system.journal" does not match any include prefix, skipping.
Entry "/var/log/journal" does not match any include prefix, skipping.
Entry "/var/log/journal/d1550bbf3ee64a61a434283f6f6d03db" does not match any include prefix, skipping.
Entry "/var/log/journal/d1550bbf3ee64a61a434283f6f6d03db/system.journal" does not match any include prefix, skipping.
Entry "/var/lib/systemd" does not match any include prefix, skipping.
Entry "/var/lib/systemd/coredump" does not match any include prefix, skipping.
Entry "/var/lib/systemd/ephemeral-trees" does not match any include prefix, skipping.
Entry "/var/lib/private" does not match any include prefix, skipping.
Entry "/var/log/private" does not match any include prefix, skipping.
Entry "/var/cache/private" does not match any include prefix, skipping.
Entry "/run/systemd/tpm2-pcr-signature.json" does not match any include prefix, skipping.
Entry "/run/systemd/tpm2-pcr-public-key.pem" does not match any include prefix, skipping.
Entry "/tmp" does not match any include prefix, skipping.
Entry "/var" does not match any include prefix, skipping.
Entry "/var/run" does not match any include prefix, skipping.
Entry "/var/log" does not match any include prefix, skipping.
Entry "/var/log/wtmp" does not match any include prefix, skipping.
Entry "/var/log/btmp" does not match any include prefix, skipping.
Entry "/var/log/lastlog" does not match any include prefix, skipping.
Entry "/var/cache" does not match any include prefix, skipping.
Entry "/var/lib" does not match any include prefix, skipping.
Entry "/var/spool" does not match any include prefix, skipping.
Entry "/tmp/.X11-unix" matches include prefix "/tmp/.X11-unix".
Entry "/tmp/.ICE-unix" does not match any include prefix, skipping.
Entry "/tmp/.XIM-unix" does not match any include prefix, skipping.
Entry "/tmp/.font-unix" does not match any include prefix, skipping.
Entry "/tmp/.X[0-9]*-lock" does not match any include prefix, skipping.
Running remove action for entry D /tmp/.X11-unix
rm -rf "/tmp/.X11-unix"
Running clean action for entry D /tmp/.X11-unix
Cannot open directory "/tmp/.X11-unix": Not a directory
Running create action for entry D /tmp/.X11-unix
stat: cannot statx '/tmp/.X11-unix': Permission denied
stat-nofollow lrwxrwxrwx 777 attacker:attacker symbolic link /tmp/.X11-unix -> '/tmp/.X11-unix' -> '/tmp/tmpfiles-public-dirs-root-decoys/dir'
stat: cannot statx '/tmp/.X77-lock': Permission denied
stat-nofollow lrwxrwxrwx 777 attacker:attacker symbolic link /tmp/.X77-lock -> '/tmp/.X77-lock' -> '/tmp/tmpfiles-public-dirs-root-decoys/xlock-target'
stat-follow drwxr-xr-x 755 root:root directory /tmp/tmpfiles-public-dirs-root-decoys/dir -> '/tmp/tmpfiles-public-dirs-root-decoys/dir'
stat-nofollow drwxr-xr-x 755 root:root directory /tmp/tmpfiles-public-dirs-root-decoys/dir -> '/tmp/tmpfiles-public-dirs-root-decoys/dir'
stat-follow -rw-r--r-- 644 root:root regular file /tmp/tmpfiles-public-dirs-root-decoys/dir/child -> '/tmp/tmpfiles-public-dirs-root-decoys/dir/child'
stat-nofollow -rw-r--r-- 644 root:root regular file /tmp/tmpfiles-public-dirs-root-decoys/dir/child -> '/tmp/tmpfiles-public-dirs-root-decoys/dir/child'
content /tmp/tmpfiles-public-dirs-root-decoys/dir/child: root-decoy-dir-child-keep
stat-follow -rw-r--r-- 644 root:root regular file /tmp/tmpfiles-public-dirs-root-decoys/xlock-target -> '/tmp/tmpfiles-public-dirs-root-decoys/xlock-target'
stat-nofollow -rw-r--r-- 644 root:root regular file /tmp/tmpfiles-public-dirs-root-decoys/xlock-target -> '/tmp/tmpfiles-public-dirs-root-decoys/xlock-target'
content /tmp/tmpfiles-public-dirs-root-decoys/xlock-target: root-decoy-xlock-keep

== x11.conf r! lock unlink semantics ==

-- tmpfiles x11 exact r lock unlink for default-glob-shaped path: systemd-tmpfiles --boot --remove /tmp/tmpfiles-public-dirs-probe/xlockrules.conf --
Running remove action for entry r /tmp/.X77-lock
missing /tmp/.X77-lock
stat-follow -rw-r--r-- 644 root:root regular file /tmp/tmpfiles-public-dirs-root-decoys/xlock-target -> '/tmp/tmpfiles-public-dirs-root-decoys/xlock-target'
stat-nofollow -rw-r--r-- 644 root:root regular file /tmp/tmpfiles-public-dirs-root-decoys/xlock-target -> '/tmp/tmpfiles-public-dirs-root-decoys/xlock-target'
content /tmp/tmpfiles-public-dirs-root-decoys/xlock-target: root-decoy-xlock-keep

== x11.conf D! cleanup of old attacker entries inside public X11 dir ==
total 4
drwxrwxrwt  2 root     root       80 May 16 18:08 .
drwxrwxrwt 23 root     root     1660 May 16 18:08 ..
lrwxrwxrwx  1 attacker attacker   42 Jan  1  1970 link-to-root-decoy -> /tmp/tmpfiles-public-dirs-root-decoys/file
-rw-r--r--  1 attacker attacker   12 Jan  1  1970 old-file
stat-follow -rw-r--r-- 644 attacker:attacker regular file /tmp/.X11-unix/old-file -> '/tmp/.X11-unix/old-file'
stat-nofollow -rw-r--r-- 644 attacker:attacker regular file /tmp/.X11-unix/old-file -> '/tmp/.X11-unix/old-file'
content /tmp/.X11-unix/old-file: attacker-oldstat: cannot statx '/tmp/.X11-unix/link-to-root-decoy': Permission denied
stat-nofollow lrwxrwxrwx 777 attacker:attacker symbolic link /tmp/.X11-unix/link-to-root-decoy -> '/tmp/.X11-unix/link-to-root-decoy' -> '/tmp/tmpfiles-public-dirs-root-decoys/file'
stat-follow -rw-r--r-- 644 root:root regular file /tmp/tmpfiles-public-dirs-root-decoys/file -> '/tmp/tmpfiles-public-dirs-root-decoys/file'
stat-nofollow -rw-r--r-- 644 root:root regular file /tmp/tmpfiles-public-dirs-root-decoys/file -> '/tmp/tmpfiles-public-dirs-root-decoys/file'
content /tmp/tmpfiles-public-dirs-root-decoys/file: root-decoy-file-keep

-- tmpfiles x11 clean old contents: systemd-tmpfiles --boot --clean --prefix=/tmp/.X11-unix --
Skipping overridden file '/usr/lib/tmpfiles.d/screen-cleanup.conf'.
Entry "/var/log" does not match any include prefix, skipping.
Entry "/var/log/auth.log" does not match any include prefix, skipping.
Entry "/var/log/mail.err" does not match any include prefix, skipping.
Entry "/var/log/mail.log" does not match any include prefix, skipping.
Entry "/var/log/kern.log" does not match any include prefix, skipping.
Entry "/var/log/syslog" does not match any include prefix, skipping.
Entry "/var/spool/rsyslog" does not match any include prefix, skipping.
Entry "/var/lib/apport" does not match any include prefix, skipping.
Entry "/var/lib/apport/coredump" does not match any include prefix, skipping.
Entry "/etc/credstore" does not match any include prefix, skipping.
Entry "/etc/credstore.encrypted" does not match any include prefix, skipping.
Entry "/run/credstore" does not match any include prefix, skipping.
Entry "/run/credstore.encrypted" does not match any include prefix, skipping.
Entry "/var/spool/cron/crontabs" does not match any include prefix, skipping.
Entry "/run/cryptsetup" does not match any include prefix, skipping.
Entry "/var/lib/dbus" does not match any include prefix, skipping.
Entry "/var/lib/dbus/machine-id" does not match any include prefix, skipping.
Entry "/run/dbus/containers" does not match any include prefix, skipping.
Entry "/run/shm" does not match any include prefix, skipping.
Entry "/run/sendsigs.omit.d" does not match any include prefix, skipping.
Entry "/etc/mtab" does not match any include prefix, skipping.
Entry "/etc/default/locale" does not match any include prefix, skipping.
Entry "/etc/vconsole.conf" does not match any include prefix, skipping.
Entry "/home" does not match any include prefix, skipping.
Entry "/srv" does not match any include prefix, skipping.
Entry "/var/log/journal" does not match any include prefix, skipping.
Entry "/var/log/journal/d1550bbf3ee64a61a434283f6f6d03db" does not match any include prefix, skipping.
Entry "/var/log/journal/remote" does not match any include prefix, skipping.
Entry "/var/lock" does not match any include prefix, skipping.
Entry "/var/log/README" does not match any include prefix, skipping.
Entry "/run/lock/subsys" does not match any include prefix, skipping.
Entry "/forcefsck" does not match any include prefix, skipping.
Entry "/fastboot" does not match any include prefix, skipping.
Entry "/forcequotacheck" does not match any include prefix, skipping.
Entry "/run/setrans" does not match any include prefix, skipping.
Entry "/run/lock/lvm" does not match any include prefix, skipping.
Entry "/run/lvm" does not match any include prefix, skipping.
Entry "/var/cache/man" does not match any include prefix, skipping.
Entry "/run/multipath" does not match any include prefix, skipping.
Entry "/etc/gshadow.lock" does not match any include prefix, skipping.
Entry "/etc/shadow.lock" does not match any include prefix, skipping.
Entry "/etc/passwd.lock" does not match any include prefix, skipping.
Entry "/etc/group.lock" does not match any include prefix, skipping.
Entry "/etc/subuid.lock" does not match any include prefix, skipping.
Entry "/etc/subgid.lock" does not match any include prefix, skipping.
Entry "/etc/polkit-1/rules.d" does not match any include prefix, skipping.
Entry "/var/lib/polkit-1" does not match any include prefix, skipping.
Entry "/etc/motd.d/50-provision.conf" does not match any include prefix, skipping.
Entry "/etc/issue.d/50-provision.conf" does not match any include prefix, skipping.
Entry "/etc/hosts" does not match any include prefix, skipping.
Entry "/root" does not match any include prefix, skipping.
Entry "/root/.ssh" does not match any include prefix, skipping.
Entry "/root/.ssh/authorized_keys" does not match any include prefix, skipping.
Entry "/run/screen" does not match any include prefix, skipping.
Entry "/tmp/snap-private-tmp" does not match any include prefix, skipping.
Entry "/tmp/snap-private-tmp" does not match any include prefix, skipping.
Entry "/tmp/snap-private-tmp/*/tmp" does not match any include prefix, skipping.
Entry "/tmp/snap-private-tmp/*/tmp/.snap" does not match any include prefix, skipping.
Entry "/dev/snd/seq" does not match any include prefix, skipping.
Entry "/dev/snd/timer" does not match any include prefix, skipping.
Entry "/dev/loop-control" does not match any include prefix, skipping.
Entry "/dev/net/tun" does not match any include prefix, skipping.
Entry "/dev/fuse" does not match any include prefix, skipping.
Entry "/dev/vfio/vfio" does not match any include prefix, skipping.
Entry "/dev/kvm" does not match any include prefix, skipping.
Entry "/dev/vhost-net" does not match any include prefix, skipping.
Entry "/dev/vhost-vsock" does not match any include prefix, skipping.
Entry "/run/sudo" does not match any include prefix, skipping.
Entry "/run/systemd/netif" does not match any include prefix, skipping.
Entry "/run/systemd/netif/links" does not match any include prefix, skipping.
Entry "/run/systemd/netif/leases" does not match any include prefix, skipping.
Entry "/run/systemd/netif/lldp" does not match any include prefix, skipping.
Entry "/run/nologin" does not match any include prefix, skipping.
Entry "/var/lib/systemd/pstore" does not match any include prefix, skipping.
Entry "/etc/resolv.conf" does not match any include prefix, skipping.
Entry "/tmp/systemd-private-9b6f9a7d215448b499d38b9028ed821a-*" does not match any include prefix, skipping.
Entry "/tmp/systemd-private-9b6f9a7d215448b499d38b9028ed821a-*/tmp" does not match any include prefix, skipping.
Entry "/var/tmp/systemd-private-9b6f9a7d215448b499d38b9028ed821a-*" does not match any include prefix, skipping.
Entry "/var/tmp/systemd-private-9b6f9a7d215448b499d38b9028ed821a-*/tmp" does not match any include prefix, skipping.
Entry "/tmp/systemd-private-*" does not match any include prefix, skipping.
Entry "/var/tmp/systemd-private-*" does not match any include prefix, skipping.
Entry "/var/lib/systemd/coredump/.#core*.9b6f9a7d215448b499d38b9028ed821a*" does not match any include prefix, skipping.
Entry "/var/lib/systemd/coredump/.#*" does not match any include prefix, skipping.
Entry "/run/user" does not match any include prefix, skipping.
Entry "/run/utmp" does not match any include prefix, skipping.
Entry "/run/systemd/ask-password" does not match any include prefix, skipping.
Entry "/run/systemd/seats" does not match any include prefix, skipping.
Entry "/run/systemd/sessions" does not match any include prefix, skipping.
Entry "/run/systemd/users" does not match any include prefix, skipping.
Entry "/run/systemd/machines" does not match any include prefix, skipping.
Entry "/run/systemd/shutdown" does not match any include prefix, skipping.
Entry "/run/log" does not match any include prefix, skipping.
Entry "/run/log/journal" does not match any include prefix, skipping.
Entry "/run/log/journal/d1550bbf3ee64a61a434283f6f6d03db" does not match any include prefix, skipping.
Entry "/run/log/journal" does not match any include prefix, skipping.
Entry "/run/log/journal/d1550bbf3ee64a61a434283f6f6d03db" does not match any include prefix, skipping.
Entry "/run/log/journal/d1550bbf3ee64a61a434283f6f6d03db/*.journal*" does not match any include prefix, skipping.
Entry "/var/log/journal" does not match any include prefix, skipping.
Entry "/var/log/journal/d1550bbf3ee64a61a434283f6f6d03db" does not match any include prefix, skipping.
Entry "/var/log/journal/d1550bbf3ee64a61a434283f6f6d03db/system.journal" does not match any include prefix, skipping.
Entry "/var/log/journal" does not match any include prefix, skipping.
Entry "/var/log/journal/d1550bbf3ee64a61a434283f6f6d03db" does not match any include prefix, skipping.
Entry "/var/log/journal/d1550bbf3ee64a61a434283f6f6d03db/system.journal" does not match any include prefix, skipping.
Entry "/var/lib/systemd" does not match any include prefix, skipping.
Entry "/var/lib/systemd/coredump" does not match any include prefix, skipping.
Entry "/var/lib/systemd/ephemeral-trees" does not match any include prefix, skipping.
Entry "/var/lib/private" does not match any include prefix, skipping.
Entry "/var/log/private" does not match any include prefix, skipping.
Entry "/var/cache/private" does not match any include prefix, skipping.
Entry "/run/systemd/tpm2-pcr-signature.json" does not match any include prefix, skipping.
Entry "/run/systemd/tpm2-pcr-public-key.pem" does not match any include prefix, skipping.
Entry "/tmp" does not match any include prefix, skipping.
Entry "/var" does not match any include prefix, skipping.
Entry "/var/run" does not match any include prefix, skipping.
Entry "/var/log" does not match any include prefix, skipping.
Entry "/var/log/wtmp" does not match any include prefix, skipping.
Entry "/var/log/btmp" does not match any include prefix, skipping.
Entry "/var/log/lastlog" does not match any include prefix, skipping.
Entry "/var/cache" does not match any include prefix, skipping.
Entry "/var/lib" does not match any include prefix, skipping.
Entry "/var/spool" does not match any include prefix, skipping.
Entry "/tmp/.X11-unix" matches include prefix "/tmp/.X11-unix".
Entry "/tmp/.ICE-unix" does not match any include prefix, skipping.
Entry "/tmp/.XIM-unix" does not match any include prefix, skipping.
Entry "/tmp/.font-unix" does not match any include prefix, skipping.
Entry "/tmp/.X[0-9]*-lock" does not match any include prefix, skipping.
Running clean action for entry D /tmp/.X11-unix
stat-follow -rw-r--r-- 644 attacker:attacker regular file /tmp/.X11-unix/old-file -> '/tmp/.X11-unix/old-file'
stat-nofollow -rw-r--r-- 644 attacker:attacker regular file /tmp/.X11-unix/old-file -> '/tmp/.X11-unix/old-file'
content /tmp/.X11-unix/old-file: attacker-oldstat: cannot statx '/tmp/.X11-unix/link-to-root-decoy': Permission denied
stat-nofollow lrwxrwxrwx 777 attacker:attacker symbolic link /tmp/.X11-unix/link-to-root-decoy -> '/tmp/.X11-unix/link-to-root-decoy' -> '/tmp/tmpfiles-public-dirs-root-decoys/file'
stat-follow -rw-r--r-- 644 root:root regular file /tmp/tmpfiles-public-dirs-root-decoys/file -> '/tmp/tmpfiles-public-dirs-root-decoys/file'
stat-nofollow -rw-r--r-- 644 root:root regular file /tmp/tmpfiles-public-dirs-root-decoys/file -> '/tmp/tmpfiles-public-dirs-root-decoys/file'
content /tmp/tmpfiles-public-dirs-root-decoys/file: root-decoy-file-keep

== snapd.conf D!/X handling ==
lrwxrwxrwx 1 attacker attacker 53 May 16 18:08 /tmp/snap-private-tmp -> /tmp/tmpfiles-public-dirs-root-decoys/snap-target-dir
stat: cannot statx '/tmp/snap-private-tmp': Permission denied
stat-nofollow lrwxrwxrwx 777 attacker:attacker symbolic link /tmp/snap-private-tmp -> '/tmp/snap-private-tmp' -> '/tmp/tmpfiles-public-dirs-root-decoys/snap-target-dir'
stat-follow drwxr-xr-x 755 root:root directory /tmp/tmpfiles-public-dirs-root-decoys/snap-target-dir -> '/tmp/tmpfiles-public-dirs-root-decoys/snap-target-dir'
stat-nofollow drwxr-xr-x 755 root:root directory /tmp/tmpfiles-public-dirs-root-decoys/snap-target-dir -> '/tmp/tmpfiles-public-dirs-root-decoys/snap-target-dir'

-- tmpfiles snapd create against top-level symlink: systemd-tmpfiles --boot --create --clean --prefix=/tmp/snap-private-tmp --
Skipping overridden file '/usr/lib/tmpfiles.d/screen-cleanup.conf'.
Entry "/var/log" does not match any include prefix, skipping.
Entry "/var/log/auth.log" does not match any include prefix, skipping.
Entry "/var/log/mail.err" does not match any include prefix, skipping.
Entry "/var/log/mail.log" does not match any include prefix, skipping.
Entry "/var/log/kern.log" does not match any include prefix, skipping.
Entry "/var/log/syslog" does not match any include prefix, skipping.
Entry "/var/spool/rsyslog" does not match any include prefix, skipping.
Entry "/var/lib/apport" does not match any include prefix, skipping.
Entry "/var/lib/apport/coredump" does not match any include prefix, skipping.
Entry "/etc/credstore" does not match any include prefix, skipping.
Entry "/etc/credstore.encrypted" does not match any include prefix, skipping.
Entry "/run/credstore" does not match any include prefix, skipping.
Entry "/run/credstore.encrypted" does not match any include prefix, skipping.
Entry "/var/spool/cron/crontabs" does not match any include prefix, skipping.
Entry "/run/cryptsetup" does not match any include prefix, skipping.
Entry "/var/lib/dbus" does not match any include prefix, skipping.
Entry "/var/lib/dbus/machine-id" does not match any include prefix, skipping.
Entry "/run/dbus/containers" does not match any include prefix, skipping.
Entry "/run/shm" does not match any include prefix, skipping.
Entry "/run/sendsigs.omit.d" does not match any include prefix, skipping.
Entry "/etc/mtab" does not match any include prefix, skipping.
Entry "/etc/default/locale" does not match any include prefix, skipping.
Entry "/etc/vconsole.conf" does not match any include prefix, skipping.
Entry "/home" does not match any include prefix, skipping.
Entry "/srv" does not match any include prefix, skipping.
Entry "/var/log/journal" does not match any include prefix, skipping.
Entry "/var/log/journal/d1550bbf3ee64a61a434283f6f6d03db" does not match any include prefix, skipping.
Entry "/var/log/journal/remote" does not match any include prefix, skipping.
Entry "/var/lock" does not match any include prefix, skipping.
Entry "/var/log/README" does not match any include prefix, skipping.
Entry "/run/lock/subsys" does not match any include prefix, skipping.
Entry "/forcefsck" does not match any include prefix, skipping.
Entry "/fastboot" does not match any include prefix, skipping.
Entry "/forcequotacheck" does not match any include prefix, skipping.
Entry "/run/setrans" does not match any include prefix, skipping.
Entry "/run/lock/lvm" does not match any include prefix, skipping.
Entry "/run/lvm" does not match any include prefix, skipping.
Entry "/var/cache/man" does not match any include prefix, skipping.
Entry "/run/multipath" does not match any include prefix, skipping.
Entry "/etc/gshadow.lock" does not match any include prefix, skipping.
Entry "/etc/shadow.lock" does not match any include prefix, skipping.
Entry "/etc/passwd.lock" does not match any include prefix, skipping.
Entry "/etc/group.lock" does not match any include prefix, skipping.
Entry "/etc/subuid.lock" does not match any include prefix, skipping.
Entry "/etc/subgid.lock" does not match any include prefix, skipping.
Entry "/etc/polkit-1/rules.d" does not match any include prefix, skipping.
Entry "/var/lib/polkit-1" does not match any include prefix, skipping.
Entry "/etc/motd.d/50-provision.conf" does not match any include prefix, skipping.
Entry "/etc/issue.d/50-provision.conf" does not match any include prefix, skipping.
Entry "/etc/hosts" does not match any include prefix, skipping.
Entry "/root" does not match any include prefix, skipping.
Entry "/root/.ssh" does not match any include prefix, skipping.
Entry "/root/.ssh/authorized_keys" does not match any include prefix, skipping.
Entry "/run/screen" does not match any include prefix, skipping.
Entry "/tmp/snap-private-tmp" matches include prefix "/tmp/snap-private-tmp".
Entry "/tmp/snap-private-tmp" matches include prefix "/tmp/snap-private-tmp".
Entry "/tmp/snap-private-tmp/*/tmp" matches include prefix "/tmp/snap-private-tmp".
Entry "/tmp/snap-private-tmp/*/tmp/.snap" matches include prefix "/tmp/snap-private-tmp".
Entry "/dev/snd/seq" does not match any include prefix, skipping.
Entry "/dev/snd/timer" does not match any include prefix, skipping.
Entry "/dev/loop-control" does not match any include prefix, skipping.
Entry "/dev/net/tun" does not match any include prefix, skipping.
Entry "/dev/fuse" does not match any include prefix, skipping.
Entry "/dev/vfio/vfio" does not match any include prefix, skipping.
Entry "/dev/kvm" does not match any include prefix, skipping.
Entry "/dev/vhost-net" does not match any include prefix, skipping.
Entry "/dev/vhost-vsock" does not match any include prefix, skipping.
Entry "/run/sudo" does not match any include prefix, skipping.
Entry "/run/systemd/netif" does not match any include prefix, skipping.
Entry "/run/systemd/netif/links" does not match any include prefix, skipping.
Entry "/run/systemd/netif/leases" does not match any include prefix, skipping.
Entry "/run/systemd/netif/lldp" does not match any include prefix, skipping.
Entry "/run/nologin" does not match any include prefix, skipping.
Entry "/var/lib/systemd/pstore" does not match any include prefix, skipping.
Entry "/etc/resolv.conf" does not match any include prefix, skipping.
Entry "/tmp/systemd-private-9b6f9a7d215448b499d38b9028ed821a-*" does not match any include prefix, skipping.
Entry "/tmp/systemd-private-9b6f9a7d215448b499d38b9028ed821a-*/tmp" does not match any include prefix, skipping.
Entry "/var/tmp/systemd-private-9b6f9a7d215448b499d38b9028ed821a-*" does not match any include prefix, skipping.
Entry "/var/tmp/systemd-private-9b6f9a7d215448b499d38b9028ed821a-*/tmp" does not match any include prefix, skipping.
Entry "/tmp/systemd-private-*" does not match any include prefix, skipping.
Entry "/var/tmp/systemd-private-*" does not match any include prefix, skipping.
Entry "/var/lib/systemd/coredump/.#core*.9b6f9a7d215448b499d38b9028ed821a*" does not match any include prefix, skipping.
Entry "/var/lib/systemd/coredump/.#*" does not match any include prefix, skipping.
Entry "/run/user" does not match any include prefix, skipping.
Entry "/run/utmp" does not match any include prefix, skipping.
Entry "/run/systemd/ask-password" does not match any include prefix, skipping.
Entry "/run/systemd/seats" does not match any include prefix, skipping.
Entry "/run/systemd/sessions" does not match any include prefix, skipping.
Entry "/run/systemd/users" does not match any include prefix, skipping.
Entry "/run/systemd/machines" does not match any include prefix, skipping.
Entry "/run/systemd/shutdown" does not match any include prefix, skipping.
Entry "/run/log" does not match any include prefix, skipping.
Entry "/run/log/journal" does not match any include prefix, skipping.
Entry "/run/log/journal/d1550bbf3ee64a61a434283f6f6d03db" does not match any include prefix, skipping.
Entry "/run/log/journal" does not match any include prefix, skipping.
Entry "/run/log/journal/d1550bbf3ee64a61a434283f6f6d03db" does not match any include prefix, skipping.
Entry "/run/log/journal/d1550bbf3ee64a61a434283f6f6d03db/*.journal*" does not match any include prefix, skipping.
Entry "/var/log/journal" does not match any include prefix, skipping.
Entry "/var/log/journal/d1550bbf3ee64a61a434283f6f6d03db" does not match any include prefix, skipping.
Entry "/var/log/journal/d1550bbf3ee64a61a434283f6f6d03db/system.journal" does not match any include prefix, skipping.
Entry "/var/log/journal" does not match any include prefix, skipping.
Entry "/var/log/journal/d1550bbf3ee64a61a434283f6f6d03db" does not match any include prefix, skipping.
Entry "/var/log/journal/d1550bbf3ee64a61a434283f6f6d03db/system.journal" does not match any include prefix, skipping.
Entry "/var/lib/systemd" does not match any include prefix, skipping.
Entry "/var/lib/systemd/coredump" does not match any include prefix, skipping.
Entry "/var/lib/systemd/ephemeral-trees" does not match any include prefix, skipping.
Entry "/var/lib/private" does not match any include prefix, skipping.
Entry "/var/log/private" does not match any include prefix, skipping.
Entry "/var/cache/private" does not match any include prefix, skipping.
Entry "/run/systemd/tpm2-pcr-signature.json" does not match any include prefix, skipping.
Entry "/run/systemd/tpm2-pcr-public-key.pem" does not match any include prefix, skipping.
Entry "/tmp" does not match any include prefix, skipping.
Entry "/var" does not match any include prefix, skipping.
Entry "/var/run" does not match any include prefix, skipping.
Entry "/var/log" does not match any include prefix, skipping.
Entry "/var/log/wtmp" does not match any include prefix, skipping.
Entry "/var/log/btmp" does not match any include prefix, skipping.
Entry "/var/log/lastlog" does not match any include prefix, skipping.
Entry "/var/cache" does not match any include prefix, skipping.
Entry "/var/lib" does not match any include prefix, skipping.
Entry "/var/spool" does not match any include prefix, skipping.
Entry "/tmp/.X11-unix" does not match any include prefix, skipping.
Entry "/tmp/.ICE-unix" does not match any include prefix, skipping.
Entry "/tmp/.XIM-unix" does not match any include prefix, skipping.
Entry "/tmp/.font-unix" does not match any include prefix, skipping.
Entry "/tmp/.X[0-9]*-lock" does not match any include prefix, skipping.
Running clean action for entry x /tmp/snap-private-tmp/*/tmp/.snap
Running clean action for entry X /tmp/snap-private-tmp/*/tmp
Cannot open directory "/tmp/snap-private-tmp": Not a directory
Running clean action for entry D /tmp/snap-private-tmp
Running clean action for entry X /tmp/snap-private-tmp
Running create action for entry D /tmp/snap-private-tmp
Running create action for entry X /tmp/snap-private-tmp
Running create action for entry X /tmp/snap-private-tmp/*/tmp
Running create action for entry x /tmp/snap-private-tmp/*/tmp/.snap
stat: cannot statx '/tmp/snap-private-tmp': Permission denied
stat-nofollow lrwxrwxrwx 777 attacker:attacker symbolic link /tmp/snap-private-tmp -> '/tmp/snap-private-tmp' -> '/tmp/tmpfiles-public-dirs-root-decoys/snap-target-dir'
stat-follow drwxr-xr-x 755 root:root directory /tmp/tmpfiles-public-dirs-root-decoys/snap-target-dir -> '/tmp/tmpfiles-public-dirs-root-decoys/snap-target-dir'
stat-nofollow drwxr-xr-x 755 root:root directory /tmp/tmpfiles-public-dirs-root-decoys/snap-target-dir -> '/tmp/tmpfiles-public-dirs-root-decoys/snap-target-dir'
drwxr-xr-x attacker:attacker /tmp/snap-private-tmp -> 
drwxr-xr-x attacker:attacker /tmp/snap-private-tmp/attacker -> 
drwxr-xr-x attacker:attacker /tmp/snap-private-tmp/attacker/tmp -> 
-rw-r--r-- attacker:attacker /tmp/snap-private-tmp/attacker/tmp/old-file -> 
lrwxrwxrwx attacker:attacker /tmp/snap-private-tmp/attacker/tmp/link-to-root-decoy -> /tmp/tmpfiles-public-dirs-root-decoys/file

-- tmpfiles snapd create+clean on attacker-created tree: systemd-tmpfiles --boot --create --clean --prefix=/tmp/snap-private-tmp --
Skipping overridden file '/usr/lib/tmpfiles.d/screen-cleanup.conf'.
Entry "/var/log" does not match any include prefix, skipping.
Entry "/var/log/auth.log" does not match any include prefix, skipping.
Entry "/var/log/mail.err" does not match any include prefix, skipping.
Entry "/var/log/mail.log" does not match any include prefix, skipping.
Entry "/var/log/kern.log" does not match any include prefix, skipping.
Entry "/var/log/syslog" does not match any include prefix, skipping.
Entry "/var/spool/rsyslog" does not match any include prefix, skipping.
Entry "/var/lib/apport" does not match any include prefix, skipping.
Entry "/var/lib/apport/coredump" does not match any include prefix, skipping.
Entry "/etc/credstore" does not match any include prefix, skipping.
Entry "/etc/credstore.encrypted" does not match any include prefix, skipping.
Entry "/run/credstore" does not match any include prefix, skipping.
Entry "/run/credstore.encrypted" does not match any include prefix, skipping.
Entry "/var/spool/cron/crontabs" does not match any include prefix, skipping.
Entry "/run/cryptsetup" does not match any include prefix, skipping.
Entry "/var/lib/dbus" does not match any include prefix, skipping.
Entry "/var/lib/dbus/machine-id" does not match any include prefix, skipping.
Entry "/run/dbus/containers" does not match any include prefix, skipping.
Entry "/run/shm" does not match any include prefix, skipping.
Entry "/run/sendsigs.omit.d" does not match any include prefix, skipping.
Entry "/etc/mtab" does not match any include prefix, skipping.
Entry "/etc/default/locale" does not match any include prefix, skipping.
Entry "/etc/vconsole.conf" does not match any include prefix, skipping.
Entry "/home" does not match any include prefix, skipping.
Entry "/srv" does not match any include prefix, skipping.
Entry "/var/log/journal" does not match any include prefix, skipping.
Entry "/var/log/journal/d1550bbf3ee64a61a434283f6f6d03db" does not match any include prefix, skipping.
Entry "/var/log/journal/remote" does not match any include prefix, skipping.
Entry "/var/lock" does not match any include prefix, skipping.
Entry "/var/log/README" does not match any include prefix, skipping.
Entry "/run/lock/subsys" does not match any include prefix, skipping.
Entry "/forcefsck" does not match any include prefix, skipping.
Entry "/fastboot" does not match any include prefix, skipping.
Entry "/forcequotacheck" does not match any include prefix, skipping.
Entry "/run/setrans" does not match any include prefix, skipping.
Entry "/run/lock/lvm" does not match any include prefix, skipping.
Entry "/run/lvm" does not match any include prefix, skipping.
Entry "/var/cache/man" does not match any include prefix, skipping.
Entry "/run/multipath" does not match any include prefix, skipping.
Entry "/etc/gshadow.lock" does not match any include prefix, skipping.
Entry "/etc/shadow.lock" does not match any include prefix, skipping.
Entry "/etc/passwd.lock" does not match any include prefix, skipping.
Entry "/etc/group.lock" does not match any include prefix, skipping.
Entry "/etc/subuid.lock" does not match any include prefix, skipping.
Entry "/etc/subgid.lock" does not match any include prefix, skipping.
Entry "/etc/polkit-1/rules.d" does not match any include prefix, skipping.
Entry "/var/lib/polkit-1" does not match any include prefix, skipping.
Entry "/etc/motd.d/50-provision.conf" does not match any include prefix, skipping.
Entry "/etc/issue.d/50-provision.conf" does not match any include prefix, skipping.
Entry "/etc/hosts" does not match any include prefix, skipping.
Entry "/root" does not match any include prefix, skipping.
Entry "/root/.ssh" does not match any include prefix, skipping.
Entry "/root/.ssh/authorized_keys" does not match any include prefix, skipping.
Entry "/run/screen" does not match any include prefix, skipping.
Entry "/tmp/snap-private-tmp" matches include prefix "/tmp/snap-private-tmp".
Entry "/tmp/snap-private-tmp" matches include prefix "/tmp/snap-private-tmp".
Entry "/tmp/snap-private-tmp/*/tmp" matches include prefix "/tmp/snap-private-tmp".
Entry "/tmp/snap-private-tmp/*/tmp/.snap" matches include prefix "/tmp/snap-private-tmp".
Entry "/dev/snd/seq" does not match any include prefix, skipping.
Entry "/dev/snd/timer" does not match any include prefix, skipping.
Entry "/dev/loop-control" does not match any include prefix, skipping.
Entry "/dev/net/tun" does not match any include prefix, skipping.
Entry "/dev/fuse" does not match any include prefix, skipping.
Entry "/dev/vfio/vfio" does not match any include prefix, skipping.
Entry "/dev/kvm" does not match any include prefix, skipping.
Entry "/dev/vhost-net" does not match any include prefix, skipping.
Entry "/dev/vhost-vsock" does not match any include prefix, skipping.
Entry "/run/sudo" does not match any include prefix, skipping.
Entry "/run/systemd/netif" does not match any include prefix, skipping.
Entry "/run/systemd/netif/links" does not match any include prefix, skipping.
Entry "/run/systemd/netif/leases" does not match any include prefix, skipping.
Entry "/run/systemd/netif/lldp" does not match any include prefix, skipping.
Entry "/run/nologin" does not match any include prefix, skipping.
Entry "/var/lib/systemd/pstore" does not match any include prefix, skipping.
Entry "/etc/resolv.conf" does not match any include prefix, skipping.
Entry "/tmp/systemd-private-9b6f9a7d215448b499d38b9028ed821a-*" does not match any include prefix, skipping.
Entry "/tmp/systemd-private-9b6f9a7d215448b499d38b9028ed821a-*/tmp" does not match any include prefix, skipping.
Entry "/var/tmp/systemd-private-9b6f9a7d215448b499d38b9028ed821a-*" does not match any include prefix, skipping.
Entry "/var/tmp/systemd-private-9b6f9a7d215448b499d38b9028ed821a-*/tmp" does not match any include prefix, skipping.
Entry "/tmp/systemd-private-*" does not match any include prefix, skipping.
Entry "/var/tmp/systemd-private-*" does not match any include prefix, skipping.
Entry "/var/lib/systemd/coredump/.#core*.9b6f9a7d215448b499d38b9028ed821a*" does not match any include prefix, skipping.
Entry "/var/lib/systemd/coredump/.#*" does not match any include prefix, skipping.
Entry "/run/user" does not match any include prefix, skipping.
Entry "/run/utmp" does not match any include prefix, skipping.
Entry "/run/systemd/ask-password" does not match any include prefix, skipping.
Entry "/run/systemd/seats" does not match any include prefix, skipping.
Entry "/run/systemd/sessions" does not match any include prefix, skipping.
Entry "/run/systemd/users" does not match any include prefix, skipping.
Entry "/run/systemd/machines" does not match any include prefix, skipping.
Entry "/run/systemd/shutdown" does not match any include prefix, skipping.
Entry "/run/log" does not match any include prefix, skipping.
Entry "/run/log/journal" does not match any include prefix, skipping.
Entry "/run/log/journal/d1550bbf3ee64a61a434283f6f6d03db" does not match any include prefix, skipping.
Entry "/run/log/journal" does not match any include prefix, skipping.
Entry "/run/log/journal/d1550bbf3ee64a61a434283f6f6d03db" does not match any include prefix, skipping.
Entry "/run/log/journal/d1550bbf3ee64a61a434283f6f6d03db/*.journal*" does not match any include prefix, skipping.
Entry "/var/log/journal" does not match any include prefix, skipping.
Entry "/var/log/journal/d1550bbf3ee64a61a434283f6f6d03db" does not match any include prefix, skipping.
Entry "/var/log/journal/d1550bbf3ee64a61a434283f6f6d03db/system.journal" does not match any include prefix, skipping.
Entry "/var/log/journal" does not match any include prefix, skipping.
Entry "/var/log/journal/d1550bbf3ee64a61a434283f6f6d03db" does not match any include prefix, skipping.
Entry "/var/log/journal/d1550bbf3ee64a61a434283f6f6d03db/system.journal" does not match any include prefix, skipping.
Entry "/var/lib/systemd" does not match any include prefix, skipping.
Entry "/var/lib/systemd/coredump" does not match any include prefix, skipping.
Entry "/var/lib/systemd/ephemeral-trees" does not match any include prefix, skipping.
Entry "/var/lib/private" does not match any include prefix, skipping.
Entry "/var/log/private" does not match any include prefix, skipping.
Entry "/var/cache/private" does not match any include prefix, skipping.
Entry "/run/systemd/tpm2-pcr-signature.json" does not match any include prefix, skipping.
Entry "/run/systemd/tpm2-pcr-public-key.pem" does not match any include prefix, skipping.
Entry "/tmp" does not match any include prefix, skipping.
Entry "/var" does not match any include prefix, skipping.
Entry "/var/run" does not match any include prefix, skipping.
Entry "/var/log" does not match any include prefix, skipping.
Entry "/var/log/wtmp" does not match any include prefix, skipping.
Entry "/var/log/btmp" does not match any include prefix, skipping.
Entry "/var/log/lastlog" does not match any include prefix, skipping.
Entry "/var/cache" does not match any include prefix, skipping.
Entry "/var/lib" does not match any include prefix, skipping.
Entry "/var/spool" does not match any include prefix, skipping.
Entry "/tmp/.X11-unix" does not match any include prefix, skipping.
Entry "/tmp/.ICE-unix" does not match any include prefix, skipping.
Entry "/tmp/.XIM-unix" does not match any include prefix, skipping.
Entry "/tmp/.font-unix" does not match any include prefix, skipping.
Entry "/tmp/.X[0-9]*-lock" does not match any include prefix, skipping.
Running clean action for entry x /tmp/snap-private-tmp/*/tmp/.snap
Running clean action for entry X /tmp/snap-private-tmp/*/tmp
Running clean action for entry D /tmp/snap-private-tmp
Running clean action for entry X /tmp/snap-private-tmp
Running create action for entry D /tmp/snap-private-tmp
Found existing directory "/tmp/snap-private-tmp".
Temporarily changing "/tmp/snap-private-tmp" to mode 700.
Changing "/tmp/snap-private-tmp" to owner 0:0
Changing "/tmp/snap-private-tmp" to mode 700.
Running create action for entry X /tmp/snap-private-tmp
Running create action for entry X /tmp/snap-private-tmp/*/tmp
Running create action for entry x /tmp/snap-private-tmp/*/tmp/.snap
drwx------ root:root /tmp/snap-private-tmp -> 
drwxr-xr-x attacker:attacker /tmp/snap-private-tmp/attacker -> 
drwxr-xr-x attacker:attacker /tmp/snap-private-tmp/attacker/tmp -> 
-rw-r--r-- attacker:attacker /tmp/snap-private-tmp/attacker/tmp/old-file -> 
lrwxrwxrwx attacker:attacker /tmp/snap-private-tmp/attacker/tmp/link-to-root-decoy -> /tmp/tmpfiles-public-dirs-root-decoys/file
stat-follow -rw-r--r-- 644 attacker:attacker regular file /tmp/snap-private-tmp/attacker/tmp/old-file -> '/tmp/snap-private-tmp/attacker/tmp/old-file'
stat-nofollow -rw-r--r-- 644 attacker:attacker regular file /tmp/snap-private-tmp/attacker/tmp/old-file -> '/tmp/snap-private-tmp/attacker/tmp/old-file'
content /tmp/snap-private-tmp/attacker/tmp/old-file: snap-oldstat-follow -rw-r--r-- 644 root:root regular file /tmp/snap-private-tmp/attacker/tmp/link-to-root-decoy -> '/tmp/snap-private-tmp/attacker/tmp/link-to-root-decoy'
stat-nofollow lrwxrwxrwx 777 attacker:attacker symbolic link /tmp/snap-private-tmp/attacker/tmp/link-to-root-decoy -> '/tmp/snap-private-tmp/attacker/tmp/link-to-root-decoy' -> '/tmp/tmpfiles-public-dirs-root-decoys/file'
stat-follow -rw-r--r-- 644 root:root regular file /tmp/tmpfiles-public-dirs-root-decoys/file -> '/tmp/tmpfiles-public-dirs-root-decoys/file'
stat-nofollow -rw-r--r-- 644 root:root regular file /tmp/tmpfiles-public-dirs-root-decoys/file -> '/tmp/tmpfiles-public-dirs-root-decoys/file'
content /tmp/tmpfiles-public-dirs-root-decoys/file: root-decoy-file-keep

== systemd-tmp.conf R! recursive removal ==
drwxr-xr-x attacker:attacker /tmp/systemd-private-tpfprobe -> 
drwxr-xr-x attacker:attacker /tmp/systemd-private-tpfprobe/sub -> 
-rw-r--r-- attacker:attacker /tmp/systemd-private-tpfprobe/sub/old-file -> 
lrwxrwxrwx attacker:attacker /tmp/systemd-private-tpfprobe/sub/link-to-root-decoy -> /tmp/tmpfiles-public-dirs-root-decoys/rmtree-target
stat-follow -rw-r--r-- 644 root:root regular file /tmp/tmpfiles-public-dirs-root-decoys/rmtree-target -> '/tmp/tmpfiles-public-dirs-root-decoys/rmtree-target'
stat-nofollow -rw-r--r-- 644 root:root regular file /tmp/tmpfiles-public-dirs-root-decoys/rmtree-target -> '/tmp/tmpfiles-public-dirs-root-decoys/rmtree-target'
content /tmp/tmpfiles-public-dirs-root-decoys/rmtree-target: root-decoy-rmtree-keep

-- tmpfiles systemd-private exact R remove for default-glob-shaped path: systemd-tmpfiles --boot --remove /tmp/tmpfiles-public-dirs-probe/rmrules.conf --
Running remove action for entry R /tmp/systemd-private-tpfprobe
rm -rf "/tmp/systemd-private-tpfprobe"
missing /tmp/systemd-private-tpfprobe
missing /tmp/systemd-private-tpfprobe/sub/link-to-root-decoy
stat-follow -rw-r--r-- 644 root:root regular file /tmp/tmpfiles-public-dirs-root-decoys/rmtree-target -> '/tmp/tmpfiles-public-dirs-root-decoys/rmtree-target'
stat-nofollow -rw-r--r-- 644 root:root regular file /tmp/tmpfiles-public-dirs-root-decoys/rmtree-target -> '/tmp/tmpfiles-public-dirs-root-decoys/rmtree-target'
content /tmp/tmpfiles-public-dirs-root-decoys/rmtree-target: root-decoy-rmtree-keep

== passwd lock cleanup reachability ==
attacker-create /etc/passwd.lock: NO ln: failed to create symbolic link '/etc/passwd.lock': Permission denied
attacker-create /etc/shadow.lock: NO ln: failed to create symbolic link '/etc/shadow.lock': Permission denied
attacker-create /etc/group.lock: NO ln: failed to create symbolic link '/etc/group.lock': Permission denied
attacker-create /etc/gshadow.lock: NO ln: failed to create symbolic link '/etc/gshadow.lock': Permission denied
attacker-create /etc/subuid.lock: NO ln: failed to create symbolic link '/etc/subuid.lock': Permission denied
attacker-create /etc/subgid.lock: NO ln: failed to create symbolic link '/etc/subgid.lock': Permission denied
missing /etc/passwd.lock
missing /etc/shadow.lock
missing /etc/group.lock
missing /etc/gshadow.lock
missing /etc/subuid.lock
missing /etc/subgid.lock
stat-follow -rw-r--r-- 644 root:root regular file /tmp/tmpfiles-public-dirs-root-decoys/file -> '/tmp/tmpfiles-public-dirs-root-decoys/file'
stat-nofollow -rw-r--r-- 644 root:root regular file /tmp/tmpfiles-public-dirs-root-decoys/file -> '/tmp/tmpfiles-public-dirs-root-decoys/file'
content /tmp/tmpfiles-public-dirs-root-decoys/file: root-decoy-file-keep

== screen-cleanup d /run/screen behavior ==
total 4
drwxrwxrwt  2 root     utmp      80 May 16 18:08 .
drwxr-xr-x 25 root     root     800 May 16 17:51 ..
-rw-r--r--  1 attacker attacker   8 Jan  1  1970 tpf-file
lrwxrwxrwx  1 attacker attacker  42 May 16 18:08 tpf-link -> /tmp/tmpfiles-public-dirs-root-decoys/file
stat-follow drwxrwxrwt 1777 root:utmp directory /run/screen -> '/run/screen'
stat-nofollow drwxrwxrwt 1777 root:utmp directory /run/screen -> '/run/screen'
stat: cannot statx '/run/screen/tpf-link': Permission denied
stat-nofollow lrwxrwxrwx 777 attacker:attacker symbolic link /run/screen/tpf-link -> '/run/screen/tpf-link' -> '/tmp/tmpfiles-public-dirs-root-decoys/file'
stat-follow -rw-r--r-- 644 attacker:attacker regular file /run/screen/tpf-file -> '/run/screen/tpf-file'
stat-nofollow -rw-r--r-- 644 attacker:attacker regular file /run/screen/tpf-file -> '/run/screen/tpf-file'
content /run/screen/tpf-file: attackerstat-follow -rw-r--r-- 644 root:root regular file /tmp/tmpfiles-public-dirs-root-decoys/file -> '/tmp/tmpfiles-public-dirs-root-decoys/file'
stat-nofollow -rw-r--r-- 644 root:root regular file /tmp/tmpfiles-public-dirs-root-decoys/file -> '/tmp/tmpfiles-public-dirs-root-decoys/file'
content /tmp/tmpfiles-public-dirs-root-decoys/file: root-decoy-file-keep

-- tmpfiles screen create: systemd-tmpfiles --create --prefix=/run/screen --
Skipping overridden file '/usr/lib/tmpfiles.d/screen-cleanup.conf'.
Entry "/var/log" does not match any include prefix, skipping.
Entry "/var/log/auth.log" does not match any include prefix, skipping.
Entry "/var/log/mail.err" does not match any include prefix, skipping.
Entry "/var/log/mail.log" does not match any include prefix, skipping.
Entry "/var/log/kern.log" does not match any include prefix, skipping.
Entry "/var/log/syslog" does not match any include prefix, skipping.
Entry "/var/spool/rsyslog" does not match any include prefix, skipping.
Entry "/var/lib/apport" does not match any include prefix, skipping.
Entry "/var/lib/apport/coredump" does not match any include prefix, skipping.
Entry "/etc/credstore" does not match any include prefix, skipping.
Entry "/etc/credstore.encrypted" does not match any include prefix, skipping.
Entry "/run/credstore" does not match any include prefix, skipping.
Entry "/run/credstore.encrypted" does not match any include prefix, skipping.
Entry "/var/spool/cron/crontabs" does not match any include prefix, skipping.
Entry "/run/cryptsetup" does not match any include prefix, skipping.
Entry "/var/lib/dbus" does not match any include prefix, skipping.
Entry "/var/lib/dbus/machine-id" does not match any include prefix, skipping.
Entry "/run/dbus/containers" does not match any include prefix, skipping.
Entry "/run/shm" does not match any include prefix, skipping.
Entry "/run/sendsigs.omit.d" does not match any include prefix, skipping.
Entry "/etc/mtab" does not match any include prefix, skipping.
Entry "/etc/default/locale" does not match any include prefix, skipping.
Entry "/etc/vconsole.conf" does not match any include prefix, skipping.
Entry "/home" does not match any include prefix, skipping.
Entry "/srv" does not match any include prefix, skipping.
Entry "/var/log/journal" does not match any include prefix, skipping.
Entry "/var/log/journal/d1550bbf3ee64a61a434283f6f6d03db" does not match any include prefix, skipping.
Entry "/var/log/journal/remote" does not match any include prefix, skipping.
Entry "/var/lock" does not match any include prefix, skipping.
Entry "/var/log/README" does not match any include prefix, skipping.
Entry "/run/lock/subsys" does not match any include prefix, skipping.
/usr/lib/tmpfiles.d/legacy.conf:25: Ignoring entry r! "/forcefsck" because --boot is not specified.
/usr/lib/tmpfiles.d/legacy.conf:26: Ignoring entry r! "/fastboot" because --boot is not specified.
/usr/lib/tmpfiles.d/legacy.conf:27: Ignoring entry r! "/forcequotacheck" because --boot is not specified.
Entry "/run/setrans" does not match any include prefix, skipping.
Entry "/run/lock/lvm" does not match any include prefix, skipping.
Entry "/run/lvm" does not match any include prefix, skipping.
Entry "/var/cache/man" does not match any include prefix, skipping.
Entry "/run/multipath" does not match any include prefix, skipping.
/usr/lib/tmpfiles.d/passwd.conf:3: Ignoring entry r! "/etc/gshadow.lock" because --boot is not specified.
/usr/lib/tmpfiles.d/passwd.conf:4: Ignoring entry r! "/etc/shadow.lock" because --boot is not specified.
/usr/lib/tmpfiles.d/passwd.conf:5: Ignoring entry r! "/etc/passwd.lock" because --boot is not specified.
/usr/lib/tmpfiles.d/passwd.conf:6: Ignoring entry r! "/etc/group.lock" because --boot is not specified.
/usr/lib/tmpfiles.d/passwd.conf:7: Ignoring entry r! "/etc/subuid.lock" because --boot is not specified.
/usr/lib/tmpfiles.d/passwd.conf:8: Ignoring entry r! "/etc/subgid.lock" because --boot is not specified.
Entry "/etc/polkit-1/rules.d" does not match any include prefix, skipping.
Entry "/var/lib/polkit-1" does not match any include prefix, skipping.
Entry "/etc/motd.d/50-provision.conf" does not match any include prefix, skipping.
Entry "/etc/issue.d/50-provision.conf" does not match any include prefix, skipping.
Entry "/etc/hosts" does not match any include prefix, skipping.
Entry "/root" does not match any include prefix, skipping.
Entry "/root/.ssh" does not match any include prefix, skipping.
Entry "/root/.ssh/authorized_keys" does not match any include prefix, skipping.
Entry "/run/screen" matches include prefix "/run/screen".
/usr/lib/tmpfiles.d/snapd.conf:1: Ignoring entry D! "/tmp/snap-private-tmp" because --boot is not specified.
Entry "/tmp/snap-private-tmp" does not match any include prefix, skipping.
Entry "/tmp/snap-private-tmp/*/tmp" does not match any include prefix, skipping.
Entry "/tmp/snap-private-tmp/*/tmp/.snap" does not match any include prefix, skipping.
Entry "/dev/snd/seq" does not match any include prefix, skipping.
Entry "/dev/snd/timer" does not match any include prefix, skipping.
Entry "/dev/loop-control" does not match any include prefix, skipping.
Entry "/dev/net/tun" does not match any include prefix, skipping.
Entry "/dev/fuse" does not match any include prefix, skipping.
Entry "/dev/vfio/vfio" does not match any include prefix, skipping.
Entry "/dev/kvm" does not match any include prefix, skipping.
Entry "/dev/vhost-net" does not match any include prefix, skipping.
Entry "/dev/vhost-vsock" does not match any include prefix, skipping.
Entry "/run/sudo" does not match any include prefix, skipping.
Entry "/run/systemd/netif" does not match any include prefix, skipping.
Entry "/run/systemd/netif/links" does not match any include prefix, skipping.
Entry "/run/systemd/netif/leases" does not match any include prefix, skipping.
Entry "/run/systemd/netif/lldp" does not match any include prefix, skipping.
/usr/lib/tmpfiles.d/systemd-nologin.conf:10: Ignoring entry f+! "/run/nologin" because --boot is not specified.
Entry "/var/lib/systemd/pstore" does not match any include prefix, skipping.
/usr/lib/tmpfiles.d/systemd-resolve.conf:10: Ignoring entry L! "/etc/resolv.conf" because --boot is not specified.
Entry "/tmp/systemd-private-9b6f9a7d215448b499d38b9028ed821a-*" does not match any include prefix, skipping.
Entry "/tmp/systemd-private-9b6f9a7d215448b499d38b9028ed821a-*/tmp" does not match any include prefix, skipping.
Entry "/var/tmp/systemd-private-9b6f9a7d215448b499d38b9028ed821a-*" does not match any include prefix, skipping.
Entry "/var/tmp/systemd-private-9b6f9a7d215448b499d38b9028ed821a-*/tmp" does not match any include prefix, skipping.
/usr/lib/tmpfiles.d/systemd-tmp.conf:17: Ignoring entry R! "/tmp/systemd-private-*" because --boot is not specified.
/usr/lib/tmpfiles.d/systemd-tmp.conf:18: Ignoring entry R! "/var/tmp/systemd-private-*" because --boot is not specified.
Entry "/var/lib/systemd/coredump/.#core*.9b6f9a7d215448b499d38b9028ed821a*" does not match any include prefix, skipping.
/usr/lib/tmpfiles.d/systemd-tmp.conf:23: Ignoring entry r! "/var/lib/systemd/coredump/.#*" because --boot is not specified.
Entry "/run/user" does not match any include prefix, skipping.
/usr/lib/tmpfiles.d/systemd.conf:11: Ignoring entry F! "/run/utmp" because --boot is not specified.
Entry "/run/systemd/ask-password" does not match any include prefix, skipping.
Entry "/run/systemd/seats" does not match any include prefix, skipping.
Entry "/run/systemd/sessions" does not match any include prefix, skipping.
Entry "/run/systemd/users" does not match any include prefix, skipping.
Entry "/run/systemd/machines" does not match any include prefix, skipping.
Entry "/run/systemd/shutdown" does not match any include prefix, skipping.
Entry "/run/log" does not match any include prefix, skipping.
Entry "/run/log/journal" does not match any include prefix, skipping.
Entry "/run/log/journal/d1550bbf3ee64a61a434283f6f6d03db" does not match any include prefix, skipping.
Entry "/run/log/journal" does not match any include prefix, skipping.
Entry "/run/log/journal/d1550bbf3ee64a61a434283f6f6d03db" does not match any include prefix, skipping.
Entry "/run/log/journal/d1550bbf3ee64a61a434283f6f6d03db/*.journal*" does not match any include prefix, skipping.
Entry "/var/log/journal" does not match any include prefix, skipping.
Entry "/var/log/journal/d1550bbf3ee64a61a434283f6f6d03db" does not match any include prefix, skipping.
Entry "/var/log/journal/d1550bbf3ee64a61a434283f6f6d03db/system.journal" does not match any include prefix, skipping.
Entry "/var/log/journal" does not match any include prefix, skipping.
Entry "/var/log/journal/d1550bbf3ee64a61a434283f6f6d03db" does not match any include prefix, skipping.
Entry "/var/log/journal/d1550bbf3ee64a61a434283f6f6d03db/system.journal" does not match any include prefix, skipping.
Entry "/var/lib/systemd" does not match any include prefix, skipping.
Entry "/var/lib/systemd/coredump" does not match any include prefix, skipping.
Entry "/var/lib/systemd/ephemeral-trees" does not match any include prefix, skipping.
Entry "/var/lib/private" does not match any include prefix, skipping.
Entry "/var/log/private" does not match any include prefix, skipping.
Entry "/var/cache/private" does not match any include prefix, skipping.
Entry "/run/systemd/tpm2-pcr-signature.json" does not match any include prefix, skipping.
Entry "/run/systemd/tpm2-pcr-public-key.pem" does not match any include prefix, skipping.
Entry "/tmp" does not match any include prefix, skipping.
Entry "/var" does not match any include prefix, skipping.
Entry "/var/run" does not match any include prefix, skipping.
Entry "/var/log" does not match any include prefix, skipping.
Entry "/var/log/wtmp" does not match any include prefix, skipping.
Entry "/var/log/btmp" does not match any include prefix, skipping.
Entry "/var/log/lastlog" does not match any include prefix, skipping.
Entry "/var/cache" does not match any include prefix, skipping.
Entry "/var/lib" does not match any include prefix, skipping.
Entry "/var/spool" does not match any include prefix, skipping.
/usr/lib/tmpfiles.d/x11.conf:12: Ignoring entry D! "/tmp/.X11-unix" because --boot is not specified.
/usr/lib/tmpfiles.d/x11.conf:13: Ignoring entry D! "/tmp/.ICE-unix" because --boot is not specified.
/usr/lib/tmpfiles.d/x11.conf:14: Ignoring entry D! "/tmp/.XIM-unix" because --boot is not specified.
/usr/lib/tmpfiles.d/x11.conf:15: Ignoring entry D! "/tmp/.font-unix" because --boot is not specified.
/usr/lib/tmpfiles.d/x11.conf:18: Ignoring entry r! "/tmp/.X[0-9]*-lock" because --boot is not specified.
Running create action for entry d /run/screen
Found existing directory "/run/screen".

-- tmpfiles screen clean: systemd-tmpfiles --clean --prefix=/run/screen --
Skipping overridden file '/usr/lib/tmpfiles.d/screen-cleanup.conf'.
Entry "/var/log" does not match any include prefix, skipping.
Entry "/var/log/auth.log" does not match any include prefix, skipping.
Entry "/var/log/mail.err" does not match any include prefix, skipping.
Entry "/var/log/mail.log" does not match any include prefix, skipping.
Entry "/var/log/kern.log" does not match any include prefix, skipping.
Entry "/var/log/syslog" does not match any include prefix, skipping.
Entry "/var/spool/rsyslog" does not match any include prefix, skipping.
Entry "/var/lib/apport" does not match any include prefix, skipping.
Entry "/var/lib/apport/coredump" does not match any include prefix, skipping.
Entry "/etc/credstore" does not match any include prefix, skipping.
Entry "/etc/credstore.encrypted" does not match any include prefix, skipping.
Entry "/run/credstore" does not match any include prefix, skipping.
Entry "/run/credstore.encrypted" does not match any include prefix, skipping.
Entry "/var/spool/cron/crontabs" does not match any include prefix, skipping.
Entry "/run/cryptsetup" does not match any include prefix, skipping.
Entry "/var/lib/dbus" does not match any include prefix, skipping.
Entry "/var/lib/dbus/machine-id" does not match any include prefix, skipping.
Entry "/run/dbus/containers" does not match any include prefix, skipping.
Entry "/run/shm" does not match any include prefix, skipping.
Entry "/run/sendsigs.omit.d" does not match any include prefix, skipping.
Entry "/etc/mtab" does not match any include prefix, skipping.
Entry "/etc/default/locale" does not match any include prefix, skipping.
Entry "/etc/vconsole.conf" does not match any include prefix, skipping.
Entry "/home" does not match any include prefix, skipping.
Entry "/srv" does not match any include prefix, skipping.
Entry "/var/log/journal" does not match any include prefix, skipping.
Entry "/var/log/journal/d1550bbf3ee64a61a434283f6f6d03db" does not match any include prefix, skipping.
Entry "/var/log/journal/remote" does not match any include prefix, skipping.
Entry "/var/lock" does not match any include prefix, skipping.
Entry "/var/log/README" does not match any include prefix, skipping.
Entry "/run/lock/subsys" does not match any include prefix, skipping.
/usr/lib/tmpfiles.d/legacy.conf:25: Ignoring entry r! "/forcefsck" because --boot is not specified.
/usr/lib/tmpfiles.d/legacy.conf:26: Ignoring entry r! "/fastboot" because --boot is not specified.
/usr/lib/tmpfiles.d/legacy.conf:27: Ignoring entry r! "/forcequotacheck" because --boot is not specified.
Entry "/run/setrans" does not match any include prefix, skipping.
Entry "/run/lock/lvm" does not match any include prefix, skipping.
Entry "/run/lvm" does not match any include prefix, skipping.
Entry "/var/cache/man" does not match any include prefix, skipping.
Entry "/run/multipath" does not match any include prefix, skipping.
/usr/lib/tmpfiles.d/passwd.conf:3: Ignoring entry r! "/etc/gshadow.lock" because --boot is not specified.
/usr/lib/tmpfiles.d/passwd.conf:4: Ignoring entry r! "/etc/shadow.lock" because --boot is not specified.
/usr/lib/tmpfiles.d/passwd.conf:5: Ignoring entry r! "/etc/passwd.lock" because --boot is not specified.
/usr/lib/tmpfiles.d/passwd.conf:6: Ignoring entry r! "/etc/group.lock" because --boot is not specified.
/usr/lib/tmpfiles.d/passwd.conf:7: Ignoring entry r! "/etc/subuid.lock" because --boot is not specified.
/usr/lib/tmpfiles.d/passwd.conf:8: Ignoring entry r! "/etc/subgid.lock" because --boot is not specified.
Entry "/etc/polkit-1/rules.d" does not match any include prefix, skipping.
Entry "/var/lib/polkit-1" does not match any include prefix, skipping.
Entry "/etc/motd.d/50-provision.conf" does not match any include prefix, skipping.
Entry "/etc/issue.d/50-provision.conf" does not match any include prefix, skipping.
Entry "/etc/hosts" does not match any include prefix, skipping.
Entry "/root" does not match any include prefix, skipping.
Entry "/root/.ssh" does not match any include prefix, skipping.
Entry "/root/.ssh/authorized_keys" does not match any include prefix, skipping.
Entry "/run/screen" matches include prefix "/run/screen".
/usr/lib/tmpfiles.d/snapd.conf:1: Ignoring entry D! "/tmp/snap-private-tmp" because --boot is not specified.
Entry "/tmp/snap-private-tmp" does not match any include prefix, skipping.
Entry "/tmp/snap-private-tmp/*/tmp" does not match any include prefix, skipping.
Entry "/tmp/snap-private-tmp/*/tmp/.snap" does not match any include prefix, skipping.
Entry "/dev/snd/seq" does not match any include prefix, skipping.
Entry "/dev/snd/timer" does not match any include prefix, skipping.
Entry "/dev/loop-control" does not match any include prefix, skipping.
Entry "/dev/net/tun" does not match any include prefix, skipping.
Entry "/dev/fuse" does not match any include prefix, skipping.
Entry "/dev/vfio/vfio" does not match any include prefix, skipping.
Entry "/dev/kvm" does not match any include prefix, skipping.
Entry "/dev/vhost-net" does not match any include prefix, skipping.
Entry "/dev/vhost-vsock" does not match any include prefix, skipping.
Entry "/run/sudo" does not match any include prefix, skipping.
Entry "/run/systemd/netif" does not match any include prefix, skipping.
Entry "/run/systemd/netif/links" does not match any include prefix, skipping.
Entry "/run/systemd/netif/leases" does not match any include prefix, skipping.
Entry "/run/systemd/netif/lldp" does not match any include prefix, skipping.
/usr/lib/tmpfiles.d/systemd-nologin.conf:10: Ignoring entry f+! "/run/nologin" because --boot is not specified.
Entry "/var/lib/systemd/pstore" does not match any include prefix, skipping.
/usr/lib/tmpfiles.d/systemd-resolve.conf:10: Ignoring entry L! "/etc/resolv.conf" because --boot is not specified.
Entry "/tmp/systemd-private-9b6f9a7d215448b499d38b9028ed821a-*" does not match any include prefix, skipping.
Entry "/tmp/systemd-private-9b6f9a7d215448b499d38b9028ed821a-*/tmp" does not match any include prefix, skipping.
Entry "/var/tmp/systemd-private-9b6f9a7d215448b499d38b9028ed821a-*" does not match any include prefix, skipping.
Entry "/var/tmp/systemd-private-9b6f9a7d215448b499d38b9028ed821a-*/tmp" does not match any include prefix, skipping.
/usr/lib/tmpfiles.d/systemd-tmp.conf:17: Ignoring entry R! "/tmp/systemd-private-*" because --boot is not specified.
/usr/lib/tmpfiles.d/systemd-tmp.conf:18: Ignoring entry R! "/var/tmp/systemd-private-*" because --boot is not specified.
Entry "/var/lib/systemd/coredump/.#core*.9b6f9a7d215448b499d38b9028ed821a*" does not match any include prefix, skipping.
/usr/lib/tmpfiles.d/systemd-tmp.conf:23: Ignoring entry r! "/var/lib/systemd/coredump/.#*" because --boot is not specified.
Entry "/run/user" does not match any include prefix, skipping.
/usr/lib/tmpfiles.d/systemd.conf:11: Ignoring entry F! "/run/utmp" because --boot is not specified.
Entry "/run/systemd/ask-password" does not match any include prefix, skipping.
Entry "/run/systemd/seats" does not match any include prefix, skipping.
Entry "/run/systemd/sessions" does not match any include prefix, skipping.
Entry "/run/systemd/users" does not match any include prefix, skipping.
Entry "/run/systemd/machines" does not match any include prefix, skipping.
Entry "/run/systemd/shutdown" does not match any include prefix, skipping.
Entry "/run/log" does not match any include prefix, skipping.
Entry "/run/log/journal" does not match any include prefix, skipping.
Entry "/run/log/journal/d1550bbf3ee64a61a434283f6f6d03db" does not match any include prefix, skipping.
Entry "/run/log/journal" does not match any include prefix, skipping.
Entry "/run/log/journal/d1550bbf3ee64a61a434283f6f6d03db" does not match any include prefix, skipping.
Entry "/run/log/journal/d1550bbf3ee64a61a434283f6f6d03db/*.journal*" does not match any include prefix, skipping.
Entry "/var/log/journal" does not match any include prefix, skipping.
Entry "/var/log/journal/d1550bbf3ee64a61a434283f6f6d03db" does not match any include prefix, skipping.
Entry "/var/log/journal/d1550bbf3ee64a61a434283f6f6d03db/system.journal" does not match any include prefix, skipping.
Entry "/var/log/journal" does not match any include prefix, skipping.
Entry "/var/log/journal/d1550bbf3ee64a61a434283f6f6d03db" does not match any include prefix, skipping.
Entry "/var/log/journal/d1550bbf3ee64a61a434283f6f6d03db/system.journal" does not match any include prefix, skipping.
Entry "/var/lib/systemd" does not match any include prefix, skipping.
Entry "/var/lib/systemd/coredump" does not match any include prefix, skipping.
Entry "/var/lib/systemd/ephemeral-trees" does not match any include prefix, skipping.
Entry "/var/lib/private" does not match any include prefix, skipping.
Entry "/var/log/private" does not match any include prefix, skipping.
Entry "/var/cache/private" does not match any include prefix, skipping.
Entry "/run/systemd/tpm2-pcr-signature.json" does not match any include prefix, skipping.
Entry "/run/systemd/tpm2-pcr-public-key.pem" does not match any include prefix, skipping.
Entry "/tmp" does not match any include prefix, skipping.
Entry "/var" does not match any include prefix, skipping.
Entry "/var/run" does not match any include prefix, skipping.
Entry "/var/log" does not match any include prefix, skipping.
Entry "/var/log/wtmp" does not match any include prefix, skipping.
Entry "/var/log/btmp" does not match any include prefix, skipping.
Entry "/var/log/lastlog" does not match any include prefix, skipping.
Entry "/var/cache" does not match any include prefix, skipping.
Entry "/var/lib" does not match any include prefix, skipping.
Entry "/var/spool" does not match any include prefix, skipping.
/usr/lib/tmpfiles.d/x11.conf:12: Ignoring entry D! "/tmp/.X11-unix" because --boot is not specified.
/usr/lib/tmpfiles.d/x11.conf:13: Ignoring entry D! "/tmp/.ICE-unix" because --boot is not specified.
/usr/lib/tmpfiles.d/x11.conf:14: Ignoring entry D! "/tmp/.XIM-unix" because --boot is not specified.
/usr/lib/tmpfiles.d/x11.conf:15: Ignoring entry D! "/tmp/.font-unix" because --boot is not specified.
/usr/lib/tmpfiles.d/x11.conf:18: Ignoring entry r! "/tmp/.X[0-9]*-lock" because --boot is not specified.
Running clean action for entry d /run/screen
stat-follow drwxrwxrwt 1777 root:utmp directory /run/screen -> '/run/screen'
stat-nofollow drwxrwxrwt 1777 root:utmp directory /run/screen -> '/run/screen'
stat: cannot statx '/run/screen/tpf-link': Permission denied
stat-nofollow lrwxrwxrwx 777 attacker:attacker symbolic link /run/screen/tpf-link -> '/run/screen/tpf-link' -> '/tmp/tmpfiles-public-dirs-root-decoys/file'
stat-follow -rw-r--r-- 644 attacker:attacker regular file /run/screen/tpf-file -> '/run/screen/tpf-file'
stat-nofollow -rw-r--r-- 644 attacker:attacker regular file /run/screen/tpf-file -> '/run/screen/tpf-file'
content /run/screen/tpf-file: attackerstat-follow -rw-r--r-- 644 root:root regular file /tmp/tmpfiles-public-dirs-root-decoys/file -> '/tmp/tmpfiles-public-dirs-root-decoys/file'
stat-nofollow -rw-r--r-- 644 root:root regular file /tmp/tmpfiles-public-dirs-root-decoys/file -> '/tmp/tmpfiles-public-dirs-root-decoys/file'
content /tmp/tmpfiles-public-dirs-root-decoys/file: root-decoy-file-keep

== debian.conf /run/shm link rule ==
stat-follow drwxrwxrwt 1777 root:root directory /run/shm -> '/run/shm'
stat-nofollow lrwxrwxrwx 777 root:root symbolic link /run/shm -> '/run/shm' -> '/dev/shm'
stat-follow drwxrwxrwt 1777 root:root directory /dev/shm -> '/dev/shm'
stat-nofollow drwxrwxrwt 1777 root:root directory /dev/shm -> '/dev/shm'
attacker-unlink-/run/shm: NO rm: cannot remove '/run/shm': Permission denied
attacker-symlink-inside-devshm: CREATED
lrwxrwxrwx 1 attacker attacker 42 May 16 18:08 /dev/shm/tpf-link -> /tmp/tmpfiles-public-dirs-root-decoys/file

-- tmpfiles run shm create: systemd-tmpfiles --create --prefix=/run/shm --
Skipping overridden file '/usr/lib/tmpfiles.d/screen-cleanup.conf'.
Entry "/var/log" does not match any include prefix, skipping.
Entry "/var/log/auth.log" does not match any include prefix, skipping.
Entry "/var/log/mail.err" does not match any include prefix, skipping.
Entry "/var/log/mail.log" does not match any include prefix, skipping.
Entry "/var/log/kern.log" does not match any include prefix, skipping.
Entry "/var/log/syslog" does not match any include prefix, skipping.
Entry "/var/spool/rsyslog" does not match any include prefix, skipping.
Entry "/var/lib/apport" does not match any include prefix, skipping.
Entry "/var/lib/apport/coredump" does not match any include prefix, skipping.
Entry "/etc/credstore" does not match any include prefix, skipping.
Entry "/etc/credstore.encrypted" does not match any include prefix, skipping.
Entry "/run/credstore" does not match any include prefix, skipping.
Entry "/run/credstore.encrypted" does not match any include prefix, skipping.
Entry "/var/spool/cron/crontabs" does not match any include prefix, skipping.
Entry "/run/cryptsetup" does not match any include prefix, skipping.
Entry "/var/lib/dbus" does not match any include prefix, skipping.
Entry "/var/lib/dbus/machine-id" does not match any include prefix, skipping.
Entry "/run/dbus/containers" does not match any include prefix, skipping.
Entry "/run/shm" matches include prefix "/run/shm".
Entry "/run/sendsigs.omit.d" does not match any include prefix, skipping.
Entry "/etc/mtab" does not match any include prefix, skipping.
Entry "/etc/default/locale" does not match any include prefix, skipping.
Entry "/etc/vconsole.conf" does not match any include prefix, skipping.
Entry "/home" does not match any include prefix, skipping.
Entry "/srv" does not match any include prefix, skipping.
Entry "/var/log/journal" does not match any include prefix, skipping.
Entry "/var/log/journal/d1550bbf3ee64a61a434283f6f6d03db" does not match any include prefix, skipping.
Entry "/var/log/journal/remote" does not match any include prefix, skipping.
Entry "/var/lock" does not match any include prefix, skipping.
Entry "/var/log/README" does not match any include prefix, skipping.
Entry "/run/lock/subsys" does not match any include prefix, skipping.
/usr/lib/tmpfiles.d/legacy.conf:25: Ignoring entry r! "/forcefsck" because --boot is not specified.
/usr/lib/tmpfiles.d/legacy.conf:26: Ignoring entry r! "/fastboot" because --boot is not specified.
/usr/lib/tmpfiles.d/legacy.conf:27: Ignoring entry r! "/forcequotacheck" because --boot is not specified.
Entry "/run/setrans" does not match any include prefix, skipping.
Entry "/run/lock/lvm" does not match any include prefix, skipping.
Entry "/run/lvm" does not match any include prefix, skipping.
Entry "/var/cache/man" does not match any include prefix, skipping.
Entry "/run/multipath" does not match any include prefix, skipping.
/usr/lib/tmpfiles.d/passwd.conf:3: Ignoring entry r! "/etc/gshadow.lock" because --boot is not specified.
/usr/lib/tmpfiles.d/passwd.conf:4: Ignoring entry r! "/etc/shadow.lock" because --boot is not specified.
/usr/lib/tmpfiles.d/passwd.conf:5: Ignoring entry r! "/etc/passwd.lock" because --boot is not specified.
/usr/lib/tmpfiles.d/passwd.conf:6: Ignoring entry r! "/etc/group.lock" because --boot is not specified.
/usr/lib/tmpfiles.d/passwd.conf:7: Ignoring entry r! "/etc/subuid.lock" because --boot is not specified.
/usr/lib/tmpfiles.d/passwd.conf:8: Ignoring entry r! "/etc/subgid.lock" because --boot is not specified.
Entry "/etc/polkit-1/rules.d" does not match any include prefix, skipping.
Entry "/var/lib/polkit-1" does not match any include prefix, skipping.
Entry "/etc/motd.d/50-provision.conf" does not match any include prefix, skipping.
Entry "/etc/issue.d/50-provision.conf" does not match any include prefix, skipping.
Entry "/etc/hosts" does not match any include prefix, skipping.
Entry "/root" does not match any include prefix, skipping.
Entry "/root/.ssh" does not match any include prefix, skipping.
Entry "/root/.ssh/authorized_keys" does not match any include prefix, skipping.
Entry "/run/screen" does not match any include prefix, skipping.
/usr/lib/tmpfiles.d/snapd.conf:1: Ignoring entry D! "/tmp/snap-private-tmp" because --boot is not specified.
Entry "/tmp/snap-private-tmp" does not match any include prefix, skipping.
Entry "/tmp/snap-private-tmp/*/tmp" does not match any include prefix, skipping.
Entry "/tmp/snap-private-tmp/*/tmp/.snap" does not match any include prefix, skipping.
Entry "/dev/snd/seq" does not match any include prefix, skipping.
Entry "/dev/snd/timer" does not match any include prefix, skipping.
Entry "/dev/loop-control" does not match any include prefix, skipping.
Entry "/dev/net/tun" does not match any include prefix, skipping.
Entry "/dev/fuse" does not match any include prefix, skipping.
Entry "/dev/vfio/vfio" does not match any include prefix, skipping.
Entry "/dev/kvm" does not match any include prefix, skipping.
Entry "/dev/vhost-net" does not match any include prefix, skipping.
Entry "/dev/vhost-vsock" does not match any include prefix, skipping.
Entry "/run/sudo" does not match any include prefix, skipping.
Entry "/run/systemd/netif" does not match any include prefix, skipping.
Entry "/run/systemd/netif/links" does not match any include prefix, skipping.
Entry "/run/systemd/netif/leases" does not match any include prefix, skipping.
Entry "/run/systemd/netif/lldp" does not match any include prefix, skipping.
/usr/lib/tmpfiles.d/systemd-nologin.conf:10: Ignoring entry f+! "/run/nologin" because --boot is not specified.
Entry "/var/lib/systemd/pstore" does not match any include prefix, skipping.
/usr/lib/tmpfiles.d/systemd-resolve.conf:10: Ignoring entry L! "/etc/resolv.conf" because --boot is not specified.
Entry "/tmp/systemd-private-9b6f9a7d215448b499d38b9028ed821a-*" does not match any include prefix, skipping.
Entry "/tmp/systemd-private-9b6f9a7d215448b499d38b9028ed821a-*/tmp" does not match any include prefix, skipping.
Entry "/var/tmp/systemd-private-9b6f9a7d215448b499d38b9028ed821a-*" does not match any include prefix, skipping.
Entry "/var/tmp/systemd-private-9b6f9a7d215448b499d38b9028ed821a-*/tmp" does not match any include prefix, skipping.
/usr/lib/tmpfiles.d/systemd-tmp.conf:17: Ignoring entry R! "/tmp/systemd-private-*" because --boot is not specified.
/usr/lib/tmpfiles.d/systemd-tmp.conf:18: Ignoring entry R! "/var/tmp/systemd-private-*" because --boot is not specified.
Entry "/var/lib/systemd/coredump/.#core*.9b6f9a7d215448b499d38b9028ed821a*" does not match any include prefix, skipping.
/usr/lib/tmpfiles.d/systemd-tmp.conf:23: Ignoring entry r! "/var/lib/systemd/coredump/.#*" because --boot is not specified.
Entry "/run/user" does not match any include prefix, skipping.
/usr/lib/tmpfiles.d/systemd.conf:11: Ignoring entry F! "/run/utmp" because --boot is not specified.
Entry "/run/systemd/ask-password" does not match any include prefix, skipping.
Entry "/run/systemd/seats" does not match any include prefix, skipping.
Entry "/run/systemd/sessions" does not match any include prefix, skipping.
Entry "/run/systemd/users" does not match any include prefix, skipping.
Entry "/run/systemd/machines" does not match any include prefix, skipping.
Entry "/run/systemd/shutdown" does not match any include prefix, skipping.
Entry "/run/log" does not match any include prefix, skipping.
Entry "/run/log/journal" does not match any include prefix, skipping.
Entry "/run/log/journal/d1550bbf3ee64a61a434283f6f6d03db" does not match any include prefix, skipping.
Entry "/run/log/journal" does not match any include prefix, skipping.
Entry "/run/log/journal/d1550bbf3ee64a61a434283f6f6d03db" does not match any include prefix, skipping.
Entry "/run/log/journal/d1550bbf3ee64a61a434283f6f6d03db/*.journal*" does not match any include prefix, skipping.
Entry "/var/log/journal" does not match any include prefix, skipping.
Entry "/var/log/journal/d1550bbf3ee64a61a434283f6f6d03db" does not match any include prefix, skipping.
Entry "/var/log/journal/d1550bbf3ee64a61a434283f6f6d03db/system.journal" does not match any include prefix, skipping.
Entry "/var/log/journal" does not match any include prefix, skipping.
Entry "/var/log/journal/d1550bbf3ee64a61a434283f6f6d03db" does not match any include prefix, skipping.
Entry "/var/log/journal/d1550bbf3ee64a61a434283f6f6d03db/system.journal" does not match any include prefix, skipping.
Entry "/var/lib/systemd" does not match any include prefix, skipping.
Entry "/var/lib/systemd/coredump" does not match any include prefix, skipping.
Entry "/var/lib/systemd/ephemeral-trees" does not match any include prefix, skipping.
Entry "/var/lib/private" does not match any include prefix, skipping.
Entry "/var/log/private" does not match any include prefix, skipping.
Entry "/var/cache/private" does not match any include prefix, skipping.
Entry "/run/systemd/tpm2-pcr-signature.json" does not match any include prefix, skipping.
Entry "/run/systemd/tpm2-pcr-public-key.pem" does not match any include prefix, skipping.
Entry "/tmp" does not match any include prefix, skipping.
Entry "/var" does not match any include prefix, skipping.
Entry "/var/run" does not match any include prefix, skipping.
Entry "/var/log" does not match any include prefix, skipping.
Entry "/var/log/wtmp" does not match any include prefix, skipping.
Entry "/var/log/btmp" does not match any include prefix, skipping.
Entry "/var/log/lastlog" does not match any include prefix, skipping.
Entry "/var/cache" does not match any include prefix, skipping.
Entry "/var/lib" does not match any include prefix, skipping.
Entry "/var/spool" does not match any include prefix, skipping.
/usr/lib/tmpfiles.d/x11.conf:12: Ignoring entry D! "/tmp/.X11-unix" because --boot is not specified.
/usr/lib/tmpfiles.d/x11.conf:13: Ignoring entry D! "/tmp/.ICE-unix" because --boot is not specified.
/usr/lib/tmpfiles.d/x11.conf:14: Ignoring entry D! "/tmp/.XIM-unix" because --boot is not specified.
/usr/lib/tmpfiles.d/x11.conf:15: Ignoring entry D! "/tmp/.font-unix" because --boot is not specified.
/usr/lib/tmpfiles.d/x11.conf:18: Ignoring entry r! "/tmp/.X[0-9]*-lock" because --boot is not specified.
Running create action for entry L /run/shm
Found existing symlink "/run/shm".
stat-follow drwxrwxrwt 1777 root:root directory /run/shm -> '/run/shm'
stat-nofollow lrwxrwxrwx 777 root:root symbolic link /run/shm -> '/run/shm' -> '/dev/shm'
stat: cannot statx '/dev/shm/tpf-link': Permission denied
stat-nofollow lrwxrwxrwx 777 attacker:attacker symbolic link /dev/shm/tpf-link -> '/dev/shm/tpf-link' -> '/tmp/tmpfiles-public-dirs-root-decoys/file'
stat-follow -rw-r--r-- 644 root:root regular file /tmp/tmpfiles-public-dirs-root-decoys/file -> '/tmp/tmpfiles-public-dirs-root-decoys/file'
stat-nofollow -rw-r--r-- 644 root:root regular file /tmp/tmpfiles-public-dirs-root-decoys/file -> '/tmp/tmpfiles-public-dirs-root-decoys/file'
content /tmp/tmpfiles-public-dirs-root-decoys/file: root-decoy-file-keep

== generic z/Z symlink chmod/chown semantics with transient safe config ==
/tmp/tmpfiles-public-dirs-probe/zpublic:
total 0
drwxrwxrwt 3 root     root      80 May 16 18:08 .
drwxr-xr-x 3 root     root     100 May 16 18:08 ..
lrwxrwxrwx 1 attacker attacker  46 May 16 18:08 z-link -> /tmp/tmpfiles-public-dirs-root-decoys/z-target
drwxrwxrwt 2 root     root      80 May 16 18:08 zdir

/tmp/tmpfiles-public-dirs-probe/zpublic/zdir:
total 4
drwxrwxrwt 2 root     root     80 May 16 18:08 .
drwxrwxrwt 3 root     root     80 May 16 18:08 ..
-rw-r--r-- 1 attacker attacker  8 May 16 18:08 attacker-file
lrwxrwxrwx 1 attacker attacker 46 May 16 18:08 nested-link -> /tmp/tmpfiles-public-dirs-root-decoys/z-target
stat: cannot statx '/tmp/tmpfiles-public-dirs-probe/zpublic/z-link': Permission denied
stat-nofollow lrwxrwxrwx 777 attacker:attacker symbolic link /tmp/tmpfiles-public-dirs-probe/zpublic/z-link -> '/tmp/tmpfiles-public-dirs-probe/zpublic/z-link' -> '/tmp/tmpfiles-public-dirs-root-decoys/z-target'
stat: cannot statx '/tmp/tmpfiles-public-dirs-probe/zpublic/zdir/nested-link': Permission denied
stat-nofollow lrwxrwxrwx 777 attacker:attacker symbolic link /tmp/tmpfiles-public-dirs-probe/zpublic/zdir/nested-link -> '/tmp/tmpfiles-public-dirs-probe/zpublic/zdir/nested-link' -> '/tmp/tmpfiles-public-dirs-root-decoys/z-target'
stat-follow -rw-r--r-- 644 attacker:attacker regular file /tmp/tmpfiles-public-dirs-probe/zpublic/zdir/attacker-file -> '/tmp/tmpfiles-public-dirs-probe/zpublic/zdir/attacker-file'
stat-nofollow -rw-r--r-- 644 attacker:attacker regular file /tmp/tmpfiles-public-dirs-probe/zpublic/zdir/attacker-file -> '/tmp/tmpfiles-public-dirs-probe/zpublic/zdir/attacker-file'
content /tmp/tmpfiles-public-dirs-probe/zpublic/zdir/attacker-file: attackerstat-follow -rw-r--r-- 644 root:root regular file /tmp/tmpfiles-public-dirs-root-decoys/z-target -> '/tmp/tmpfiles-public-dirs-root-decoys/z-target'
stat-nofollow -rw-r--r-- 644 root:root regular file /tmp/tmpfiles-public-dirs-root-decoys/z-target -> '/tmp/tmpfiles-public-dirs-root-decoys/z-target'
content /tmp/tmpfiles-public-dirs-root-decoys/z-target: root-decoy-z-keep

-- tmpfiles transient z/Z safe config: systemd-tmpfiles --create /tmp/tmpfiles-public-dirs-probe/zrules.conf --
Running create action for entry z /tmp/tmpfiles-public-dirs-probe/zpublic/z-link
Skipping mode fix for symlink /tmp/tmpfiles-public-dirs-probe/zpublic/z-link.
Running create action for entry Z /tmp/tmpfiles-public-dirs-probe/zpublic/zdir
Temporarily changing "/tmp/tmpfiles-public-dirs-probe/zpublic/zdir" to mode 666.
Changing "/tmp/tmpfiles-public-dirs-probe/zpublic/zdir" to owner 1001:1001
Changing "/tmp/tmpfiles-public-dirs-probe/zpublic/zdir" to mode 666.
Skipping mode fix for symlink /tmp/tmpfiles-public-dirs-probe/zpublic/zdir/nested-link.
Changing "/tmp/tmpfiles-public-dirs-probe/zpublic/zdir/attacker-file" to mode 666.
stat: cannot statx '/tmp/tmpfiles-public-dirs-probe/zpublic/z-link': Permission denied
stat-nofollow lrwxrwxrwx 777 attacker:attacker symbolic link /tmp/tmpfiles-public-dirs-probe/zpublic/z-link -> '/tmp/tmpfiles-public-dirs-probe/zpublic/z-link' -> '/tmp/tmpfiles-public-dirs-root-decoys/z-target'
stat-follow -rw-r--r-- 644 root:root regular file /tmp/tmpfiles-public-dirs-probe/zpublic/zdir/nested-link -> '/tmp/tmpfiles-public-dirs-probe/zpublic/zdir/nested-link'
stat-nofollow lrwxrwxrwx 777 attacker:attacker symbolic link /tmp/tmpfiles-public-dirs-probe/zpublic/zdir/nested-link -> '/tmp/tmpfiles-public-dirs-probe/zpublic/zdir/nested-link' -> '/tmp/tmpfiles-public-dirs-root-decoys/z-target'
stat-follow -rw-rw-rw- 666 attacker:attacker regular file /tmp/tmpfiles-public-dirs-probe/zpublic/zdir/attacker-file -> '/tmp/tmpfiles-public-dirs-probe/zpublic/zdir/attacker-file'
stat-nofollow -rw-rw-rw- 666 attacker:attacker regular file /tmp/tmpfiles-public-dirs-probe/zpublic/zdir/attacker-file -> '/tmp/tmpfiles-public-dirs-probe/zpublic/zdir/attacker-file'
content /tmp/tmpfiles-public-dirs-probe/zpublic/zdir/attacker-file: attackerstat-follow -rw-r--r-- 644 root:root regular file /tmp/tmpfiles-public-dirs-root-decoys/z-target -> '/tmp/tmpfiles-public-dirs-root-decoys/z-target'
stat-nofollow -rw-r--r-- 644 root:root regular file /tmp/tmpfiles-public-dirs-root-decoys/z-target -> '/tmp/tmpfiles-public-dirs-root-decoys/z-target'
content /tmp/tmpfiles-public-dirs-root-decoys/z-target: root-decoy-z-keep

== hardlink protections ==
hardlink /etc/shadow -> /tmp/tpf-hardlink-shadow: NO ln: failed to create hard link '/tmp/tpf-hardlink-shadow' => '/etc/shadow': Invalid cross-device link
hardlink /tmp/tmpfiles-public-dirs-root-decoys/file -> /tmp/tpf-hardlink-file: NO ln: failed to create hard link '/tmp/tpf-hardlink-file' => '/tmp/tmpfiles-public-dirs-root-decoys/file': Operation not permitted

== short symlink race checks ==
stat-follow drwxr-xr-x 755 attacker:attacker directory /tmp/systemd-private-raceprobe -> '/tmp/systemd-private-raceprobe'
stat-nofollow drwxr-xr-x 755 attacker:attacker directory /tmp/systemd-private-raceprobe -> '/tmp/systemd-private-raceprobe'
stat: cannot statx '/tmp/.X78-lock': Permission denied
stat-nofollow lrwxrwxrwx 777 attacker:attacker symbolic link /tmp/.X78-lock -> '/tmp/.X78-lock' -> '/tmp/tmpfiles-public-dirs-root-decoys/xlock-target'
stat-follow -rw-r--r-- 644 root:root regular file /tmp/tmpfiles-public-dirs-root-decoys/rmtree-target -> '/tmp/tmpfiles-public-dirs-root-decoys/rmtree-target'
stat-nofollow -rw-r--r-- 644 root:root regular file /tmp/tmpfiles-public-dirs-root-decoys/rmtree-target -> '/tmp/tmpfiles-public-dirs-root-decoys/rmtree-target'
content /tmp/tmpfiles-public-dirs-root-decoys/rmtree-target: root-decoy-rmtree-keep
stat-follow -rw-r--r-- 644 root:root regular file /tmp/tmpfiles-public-dirs-root-decoys/xlock-target -> '/tmp/tmpfiles-public-dirs-root-decoys/xlock-target'
stat-nofollow -rw-r--r-- 644 root:root regular file /tmp/tmpfiles-public-dirs-root-decoys/xlock-target -> '/tmp/tmpfiles-public-dirs-root-decoys/xlock-target'
content /tmp/tmpfiles-public-dirs-root-decoys/xlock-target: root-decoy-xlock-keep
race stderr sample:

== final root decoy integrity ==
-rw-r--r-- root:root /tmp/tmpfiles-public-dirs-root-decoys/dir/child -> 
-rw-r--r-- root:root /tmp/tmpfiles-public-dirs-root-decoys/file -> 
-rw-r--r-- root:root /tmp/tmpfiles-public-dirs-root-decoys/rmtree-target -> 
-rw-r--r-- root:root /tmp/tmpfiles-public-dirs-root-decoys/xlock-target -> 
-rw-r--r-- root:root /tmp/tmpfiles-public-dirs-root-decoys/z-target -> 
drwxr-xr-x root:root /tmp/tmpfiles-public-dirs-root-decoys -> 
drwxr-xr-x root:root /tmp/tmpfiles-public-dirs-root-decoys/dir -> 
drwxr-xr-x root:root /tmp/tmpfiles-public-dirs-root-decoys/snap-target-dir -> 

sha256:
7b8675f8bf43c5f83e36d9f2b538cf6354cc9af2de1d8793edeffccc6d66876b  /tmp/tmpfiles-public-dirs-root-decoys/file
19c5535696d5dd7bf04487fcc5510314ae5c5c6e3923cb7dc8e25e341b26be67  /tmp/tmpfiles-public-dirs-root-decoys/xlock-target
f99352aa0b207ddb9be414b44b20754161e4d738b95cd6e5412ac3a88273180e  /tmp/tmpfiles-public-dirs-root-decoys/rmtree-target
4f84a4d5c4744fad8bcaf83dcff0cc4c4d7ca8e21ad1c35649c16be46f6157ca  /tmp/tmpfiles-public-dirs-root-decoys/z-target
1c60a8acee07e89e91398254a5127ef09ccf0f404e6ad5f99e0ce792903caefd  /tmp/tmpfiles-public-dirs-root-decoys/dir/child

== cleanup verification ==
removed /tmp/tmpfiles-public-dirs-probe
removed /tmp/tmpfiles-public-dirs-root-decoys
stat-follow drwxrwxrwt 1777 root:root directory /tmp/.X11-unix -> '/tmp/.X11-unix'
stat-nofollow drwxrwxrwt 1777 root:root directory /tmp/.X11-unix -> '/tmp/.X11-unix'
removed /tmp/.X77-lock
removed /tmp/.X78-lock
removed /tmp/snap-private-tmp
removed /tmp/systemd-private-tpfprobe
removed /tmp/systemd-private-raceprobe
removed /run/screen/tpf-link
removed /run/screen/tpf-file
removed /dev/shm/tpf-link
restored default x11 tmpfiles dirs:
stat-follow drwxrwxrwt 1777 root:root directory /tmp/.X11-unix -> '/tmp/.X11-unix'
stat-nofollow drwxrwxrwt 1777 root:root directory /tmp/.X11-unix -> '/tmp/.X11-unix'
stat-follow drwxrwxrwt 1777 root:root directory /tmp/.ICE-unix -> '/tmp/.ICE-unix'
stat-nofollow drwxrwxrwt 1777 root:root directory /tmp/.ICE-unix -> '/tmp/.ICE-unix'
stat-follow drwxrwxrwt 1777 root:root directory /tmp/.XIM-unix -> '/tmp/.XIM-unix'
stat-nofollow drwxrwxrwt 1777 root:root directory /tmp/.XIM-unix -> '/tmp/.XIM-unix'
stat-follow drwxrwxrwt 1777 root:root directory /tmp/.font-unix -> '/tmp/.font-unix'
stat-nofollow drwxrwxrwt 1777 root:root directory /tmp/.font-unix -> '/tmp/.font-unix'
